  0
SECTION
  2
HEADER
  9
$ACADVER
  1
AC1024
  9
$ACADMAINTVER
 70
6
  9
$DWGCODEPAGE
  3
ANSI_1252
  9
$LASTSAVEDBY
  1
ezdxf
  9
$INSBASE
 10
0.0
 20
0.0
 30
0.0
  9
$EXTMIN
 10
1e+20
 20
1e+20
 30
1e+20
  9
$EXTMAX
 10
-1e+20
 20
-1e+20
 30
-1e+20
  9
$LIMMIN
 10
0.0
 20
0.0
  9
$LIMMAX
 10
420.0
 20
297.0
  9
$ORTHOMODE
 70
0
  9
$REGENMODE
 70
1
  9
$FILLMODE
 70
1
  9
$QTEXTMODE
 70
0
  9
$MIRRTEXT
 70
1
  9
$LTSCALE
 40
1.0
  9
$ATTMODE
 70
1
  9
$TEXTSIZE
 40
2.5
  9
$TRACEWID
 40
1.0
  9
$TEXTSTYLE
  7
OpenSans
  9
$CLAYER
  8
0
  9
$CELTYPE
  6
ByLayer
  9
$CECOLOR
 62
256
  9
$CELTSCALE
 40
1.0
  9
$DISPSILH
 70
0
  9
$DIMSCALE
 40
1.0
  9
$DIMASZ
 40
0.175
  9
$DIMEXO
 40
0.125
  9
$DIMDLI
 40
3.75
  9
$DIMRND
 40
0.0
  9
$DIMDLE
 40
0.0
  9
$DIMEXE
 40
0.375
  9
$DIMTP
 40
0.0
  9
$DIMTM
 40
0.0
  9
$DIMTXT
 40
0.25
  9
$DIMCEN
 40
2.5
  9
$DIMTSZ
 40
0.0
  9
$DIMTOL
 70
0
  9
$DIMLIM
 70
0
  9
$DIMTIH
 70
0
  9
$DIMTOH
 70
0
  9
$DIMSE1
 70
0
  9
$DIMSE2
 70
0
  9
$DIMTAD
 70
1
  9
$DIMZIN
 70
12
  9
$DIMBLK
  1
ARCHTICK
  9
$DIMASO
 70
1
  9
$DIMSHO
 70
1
  9
$DIMPOST
  1

  9
$DIMAPOST
  1

  9
$DIMALT
 70
0
  9
$DIMALTD
 70
3
  9
$DIMALTF
 40
0.03937007874
  9
$DIMLFAC
 40
100.0
  9
$DIMTOFL
 70
1
  9
$DIMTVP
 40
0.0
  9
$DIMTIX
 70
0
  9
$DIMSOXD
 70
0
  9
$DIMSAH
 70
0
  9
$DIMBLK1
  1

  9
$DIMBLK2
  1

  9
$DIMSTYLE
  2
EZDXF
  9
$DIMCLRD
 70
0
  9
$DIMCLRE
 70
0
  9
$DIMCLRT
 70
0
  9
$DIMTFAC
 40
0.5
  9
$DIMGAP
 40
0.1
  9
$DIMJUST
 70
0
  9
$DIMSD1
 70
0
  9
$DIMSD2
 70
0
  9
$DIMTOLJ
 70
0
  9
$DIMTZIN
 70
8
  9
$DIMALTZ
 70
0
  9
$DIMALTTZ
 70
0
  9
$DIMUPT
 70
1
  9
$DIMDEC
 70
2
  9
$DIMTDEC
 70
2
  9
$DIMALTU
 70
2
  9
$DIMALTTD
 70
3
  9
$DIMTXSTY
  7
OpenSansCondensed-Light
  9
$DIMAUNIT
 70
0
  9
$DIMADEC
 70
2
  9
$DIMALTRND
 40
0.0
  9
$DIMAZIN
 70
3
  9
$DIMDSEP
 70
46
  9
$DIMATFIT
 70
3
  9
$DIMFRAC
 70
0
  9
$DIMLDRBLK
  1

  9
$DIMLUNIT
 70
2
  9
$DIMLWD
 70
-2
  9
$DIMLWE
 70
-2
  9
$DIMTMOVE
 70
2
  9
$DIMFXL
 40
1.0
  9
$DIMFXLON
 70
0
  9
$DIMJOGANG
 40
0.785398163397
  9
$DIMTFILL
 70
0
  9
$DIMTFILLCLR
 70
0
  9
$DIMARCSYM
 70
0
  9
$DIMLTYPE
  6

  9
$DIMLTEX1
  6

  9
$DIMLTEX2
  6

  9
$DIMTXTDIRECTION
 70
0
  9
$LUNITS
 70
2
  9
$LUPREC
 70
4
  9
$SKETCHINC
 40
1.0
  9
$FILLETRAD
 40
10.0
  9
$AUNITS
 70
0
  9
$AUPREC
 70
2
  9
$MENU
  1
.
  9
$ELEVATION
 40
0.0
  9
$PELEVATION
 40
0.0
  9
$THICKNESS
 40
0.0
  9
$LIMCHECK
 70
0
  9
$CHAMFERA
 40
0.0
  9
$CHAMFERB
 40
0.0
  9
$CHAMFERC
 40
0.0
  9
$CHAMFERD
 40
0.0
  9
$SKPOLY
 70
0
  9
$TDCREATE
 40
2461262.026273148
  9
$TDUCREATE
 40
2458532.153996898
  9
$TDUPDATE
 40
2461262.026273148
  9
$TDUUPDATE
 40
2458532.1544311
  9
$TDINDWG
 40
0.0
  9
$TDUSRTIMER
 40
0.0
  9
$USRTIMER
 70
1
  9
$ANGBASE
 50
0.0
  9
$ANGDIR
 70
0
  9
$PDMODE
 70
0
  9
$PDSIZE
 40
0.0
  9
$PLINEWID
 40
0.0
  9
$SPLFRAME
 70
0
  9
$SPLINETYPE
 70
6
  9
$SPLINESEGS
 70
8
  9
$HANDSEED
  5
7A7
  9
$SURFTAB1
 70
6
  9
$SURFTAB2
 70
6
  9
$SURFTYPE
 70
6
  9
$SURFU
 70
6
  9
$SURFV
 70
6
  9
$UCSBASE
  2

  9
$UCSNAME
  2

  9
$UCSORG
 10
0.0
 20
0.0
 30
0.0
  9
$UCSXDIR
 10
1.0
 20
0.0
 30
0.0
  9
$UCSYDIR
 10
0.0
 20
1.0
 30
0.0
  9
$UCSORTHOREF
  2

  9
$UCSORTHOVIEW
 70
0
  9
$UCSORGTOP
 10
0.0
 20
0.0
 30
0.0
  9
$UCSORGBOTTOM
 10
0.0
 20
0.0
 30
0.0
  9
$UCSORGLEFT
 10
0.0
 20
0.0
 30
0.0
  9
$UCSORGRIGHT
 10
0.0
 20
0.0
 30
0.0
  9
$UCSORGFRONT
 10
0.0
 20
0.0
 30
0.0
  9
$UCSORGBACK
 10
0.0
 20
0.0
 30
0.0
  9
$PUCSBASE
  2

  9
$PUCSNAME
  2

  9
$PUCSORG
 10
0.0
 20
0.0
 30
0.0
  9
$PUCSXDIR
 10
1.0
 20
0.0
 30
0.0
  9
$PUCSYDIR
 10
0.0
 20
1.0
 30
0.0
  9
$PUCSORTHOREF
  2

  9
$PUCSORTHOVIEW
 70
0
  9
$PUCSORGTOP
 10
0.0
 20
0.0
 30
0.0
  9
$PUCSORGBOTTOM
 10
0.0
 20
0.0
 30
0.0
  9
$PUCSORGLEFT
 10
0.0
 20
0.0
 30
0.0
  9
$PUCSORGRIGHT
 10
0.0
 20
0.0
 30
0.0
  9
$PUCSORGFRONT
 10
0.0
 20
0.0
 30
0.0
  9
$PUCSORGBACK
 10
0.0
 20
0.0
 30
0.0
  9
$USERI1
 70
0
  9
$USERI2
 70
0
  9
$USERI3
 70
0
  9
$USERI4
 70
0
  9
$USERI5
 70
0
  9
$USERR1
 40
0.0
  9
$USERR2
 40
0.0
  9
$USERR3
 40
0.0
  9
$USERR4
 40
0.0
  9
$USERR5
 40
0.0
  9
$WORLDVIEW
 70
1
  9
$SHADEDGE
 70
3
  9
$SHADEDIF
 70
70
  9
$TILEMODE
 70
1
  9
$MAXACTVP
 70
64
  9
$PINSBASE
 10
0.0
 20
0.0
 30
0.0
  9
$PLIMCHECK
 70
0
  9
$PEXTMIN
 10
1e+20
 20
1e+20
 30
1e+20
  9
$PEXTMAX
 10
-1e+20
 20
-1e+20
 30
-1e+20
  9
$PLIMMIN
 10
0.0
 20
0.0
  9
$PLIMMAX
 10
420.0
 20
297.0
  9
$UNITMODE
 70
0
  9
$VISRETAIN
 70
1
  9
$PLINEGEN
 70
0
  9
$PSLTSCALE
 70
1
  9
$TREEDEPTH
 70
3020
  9
$CMLSTYLE
  2
Standard
  9
$CMLJUST
 70
0
  9
$CMLSCALE
 40
20.0
  9
$PROXYGRAPHICS
 70
1
  9
$MEASUREMENT
 70
1
  9
$CELWEIGHT
370
-1
  9
$ENDCAPS
280
0
  9
$JOINSTYLE
280
0
  9
$LWDISPLAY
290
0
  9
$INSUNITS
 70
6
  9
$HYPERLINKBASE
  1

  9
$STYLESHEET
  1

  9
$XEDIT
290
1
  9
$CEPSNTYPE
380
0
  9
$PSTYLEMODE
290
1
  9
$FINGERPRINTGUID
  2
{DB438D89-8983-48CA-B38A-2408EAB24DD6}
  9
$VERSIONGUID
  2
{FB931299-232C-4D74-B56E-57AAB68765BC}
  9
$EXTNAMES
290
1
  9
$PSVPSCALE
 40
0.0
  9
$OLESTARTUP
290
0
  9
$SORTENTS
280
127
  9
$INDEXCTL
280
0
  9
$HIDETEXT
280
1
  9
$XCLIPFRAME
280
1
  9
$HALOGAP
280
0
  9
$OBSCOLOR
 70
257
  9
$OBSLTYPE
280
0
  9
$INTERSECTIONDISPLAY
280
0
  9
$INTERSECTIONCOLOR
 70
257
  9
$DIMASSOC
280
2
  9
$PROJECTNAME
  1

  9
$CAMERADISPLAY
290
0
  9
$LENSLENGTH
 40
50.0
  9
$CAMERAHEIGHT
 40
0.0
  9
$STEPSPERSEC
 40
24.0
  9
$STEPSIZE
 40
100.0
  9
$3DDWFPREC
 40
2.0
  9
$PSOLWIDTH
 40
0.005
  9
$PSOLHEIGHT
 40
0.08
  9
$LOFTANG1
 40
1.570796326795
  9
$LOFTANG2
 40
1.570796326795
  9
$LOFTMAG1
 40
0.0
  9
$LOFTMAG2
 40
0.0
  9
$LOFTPARAM
 70
7
  9
$LOFTNORMALS
280
1
  9
$LATITUDE
 40
37.795
  9
$LONGITUDE
 40
-122.394
  9
$NORTHDIRECTION
 40
0.0
  9
$TIMEZONE
 70
-8000
  9
$LIGHTGLYPHDISPLAY
280
1
  9
$TILEMODELIGHTSYNCH
280
1
  9
$CMATERIAL
347
20
  9
$SOLIDHIST
280
0
  9
$SHOWHIST
280
1
  9
$DWFFRAME
280
2
  9
$DGNFRAME
280
2
  9
$REALWORLDSCALE
290
1
  9
$INTERFERECOLOR
 62
256
  9
$CSHADOW
280
0
  9
$SHADOWPLANELOCATION
 40
0.0
  0
ENDSEC
  0
SECTION
  2
CLASSES
  0
CLASS
  1
ACDBDICTIONARYWDFLT
  2
AcDbDictionaryWithDefault
  3
ObjectDBX Classes
 90
0
 91
0
280
0
281
0
  0
CLASS
  1
SUN
  2
AcDbSun
  3
SCENEOE
 90
1153
 91
0
280
0
281
0
  0
CLASS
  1
VISUALSTYLE
  2
AcDbVisualStyle
  3
ObjectDBX Classes
 90
4095
 91
0
280
0
281
0
  0
CLASS
  1
MATERIAL
  2
AcDbMaterial
  3
ObjectDBX Classes
 90
1153
 91
0
280
0
281
0
  0
CLASS
  1
SCALE
  2
AcDbScale
  3
ObjectDBX Classes
 90
1153
 91
0
280
0
281
0
  0
CLASS
  1
TABLESTYLE
  2
AcDbTableStyle
  3
ObjectDBX Classes
 90
4095
 91
0
280
0
281
0
  0
CLASS
  1
MLEADERSTYLE
  2
AcDbMLeaderStyle
  3
ACDB_MLEADERSTYLE_CLASS
 90
4095
 91
0
280
0
281
0
  0
CLASS
  1
DICTIONARYVAR
  2
AcDbDictionaryVar
  3
ObjectDBX Classes
 90
0
 91
0
280
0
281
0
  0
CLASS
  1
CELLSTYLEMAP
  2
AcDbCellStyleMap
  3
ObjectDBX Classes
 90
1152
 91
0
280
0
281
0
  0
CLASS
  1
MENTALRAYRENDERSETTINGS
  2
AcDbMentalRayRenderSettings
  3
SCENEOE
 90
1024
 91
0
280
0
281
0
  0
CLASS
  1
ACDBDETAILVIEWSTYLE
  2
AcDbDetailViewStyle
  3
ObjectDBX Classes
 90
1025
 91
0
280
0
281
0
  0
CLASS
  1
ACDBSECTIONVIEWSTYLE
  2
AcDbSectionViewStyle
  3
ObjectDBX Classes
 90
1025
 91
0
280
0
281
0
  0
CLASS
  1
RASTERVARIABLES
  2
AcDbRasterVariables
  3
ISM
 90
0
 91
0
280
0
281
0
  0
CLASS
  1
LAYOUT
  2
AcDbLayout
  3
ObjectDBX Classes
 90
0
 91
0
280
0
281
0
  0
CLASS
  1
ACDBPLACEHOLDER
  2
AcDbPlaceHolder
  3
ObjectDBX Classes
 90
0
 91
0
280
0
281
0
  0
ENDSEC
  0
SECTION
  2
TABLES
  0
TABLE
  2
VPORT
  5
8
330
0
100
AcDbSymbolTable
 70
1
  0
VPORT
  5
23
330
8
100
AcDbSymbolTableRecord
100
AcDbViewportTableRecord
  2
*Active
 70
0
 10
0.0
 20
0.0
 11
1.0
 21
1.0
 12
0.0
 22
0.0
 13
0.0
 23
0.0
 14
0.5
 24
0.5
 15
0.5
 25
0.5
 16
0.0
 26
0.0
 36
1.0
 17
0.0
 27
0.0
 37
0.0
 40
1000.0
 41
1.34
 42
50.0
 43
0.0
 44
0.0
 50
0.0
 51
0.0
 71
0
 72
1000
 73
1
 74
3
 75
0
 76
0
 77
0
 78
0
281
0
 65
0
146
0.0
  0
ENDTAB
  0
TABLE
  2
LTYPE
  5
2
330
0
100
AcDbSymbolTable
 70
21
  0
LTYPE
  5
24
330
2
100
AcDbSymbolTableRecord
100
AcDbLinetypeTableRecord
  2
ByBlock
 70
0
  3

 72
65
 73
0
 40
0.0
  0
LTYPE
  5
25
330
2
100
AcDbSymbolTableRecord
100
AcDbLinetypeTableRecord
  2
ByLayer
 70
0
  3

 72
65
 73
0
 40
0.0
  0
LTYPE
  5
26
330
2
100
AcDbSymbolTableRecord
100
AcDbLinetypeTableRecord
  2
Continuous
 70
0
  3

 72
65
 73
0
 40
0.0
  0
LTYPE
  5
2F
330
2
100
AcDbSymbolTableRecord
100
AcDbLinetypeTableRecord
  2
CENTER
 70
0
  3
Center ____ _ ____ _ ____ _ ____ _ ____ _ ____
 72
65
 73
4
 40
5.08
 49
3.175
 74
0
 49
-0.635
 74
0
 49
0.635
 74
0
 49
-0.635
 74
0
  0
LTYPE
  5
30
330
2
100
AcDbSymbolTableRecord
100
AcDbLinetypeTableRecord
  2
CENTERX2
 70
0
  3
Center (2x) ________  __  ________  __  ________
 72
65
 73
4
 40
8.89
 49
6.35
 74
0
 49
-0.635
 74
0
 49
1.27
 74
0
 49
-0.635
 74
0
  0
LTYPE
  5
31
330
2
100
AcDbSymbolTableRecord
100
AcDbLinetypeTableRecord
  2
CENTER2
 70
0
  3
Center (.5x) ____ _ ____ _ ____ _ ____ _ ____
 72
65
 73
4
 40
2.54
 49
1.587
 74
0
 49
-0.318
 74
0
 49
0.318
 74
0
 49
-0.318
 74
0
  0
LTYPE
  5
32
330
2
100
AcDbSymbolTableRecord
100
AcDbLinetypeTableRecord
  2
DASHED
 70
0
  3
Dashed __ __ __ __ __ __ __ __ __ __ __ __ __ _
 72
65
 73
2
 40
1.524
 49
1.27
 74
0
 49
-0.254
 74
0
  0
LTYPE
  5
33
330
2
100
AcDbSymbolTableRecord
100
AcDbLinetypeTableRecord
  2
DASHEDX2
 70
0
  3
Dashed (2x) ____  ____  ____  ____  ____  ____
 72
65
 73
2
 40
3.048
 49
2.54
 74
0
 49
-0.508
 74
0
  0
LTYPE
  5
34
330
2
100
AcDbSymbolTableRecord
100
AcDbLinetypeTableRecord
  2
DASHED2
 70
0
  3
Dashed (.5x) _ _ _ _ _ _ _ _ _ _ _ _ _ _
 72
65
 73
2
 40
0.762
 49
0.635
 74
0
 49
-0.127
 74
0
  0
LTYPE
  5
35
330
2
100
AcDbSymbolTableRecord
100
AcDbLinetypeTableRecord
  2
PHANTOM
 70
0
  3
Phantom ______  __  __  ______  __  __  ______
 72
65
 73
6
 40
6.35
 49
3.175
 74
0
 49
-0.635
 74
0
 49
0.635
 74
0
 49
-0.635
 74
0
 49
0.635
 74
0
 49
-0.635
 74
0
  0
LTYPE
  5
36
330
2
100
AcDbSymbolTableRecord
100
AcDbLinetypeTableRecord
  2
PHANTOMX2
 70
0
  3
Phantom (2x)____________    ____    ____    ____________
 72
65
 73
6
 40
10.795
 49
6.35
 74
0
 49
-0.635
 74
0
 49
1.27
 74
0
 49
-0.635
 74
0
 49
1.27
 74
0
 49
-0.635
 74
0
  0
LTYPE
  5
37
330
2
100
AcDbSymbolTableRecord
100
AcDbLinetypeTableRecord
  2
PHANTOM2
 70
0
  3
Phantom (.5x) ___ _ _ ___ _ _ ___ _ _ ___ _ _ ___
 72
65
 73
6
 40
3.175
 49
1.587
 74
0
 49
-0.318
 74
0
 49
0.318
 74
0
 49
-0.318
 74
0
 49
0.318
 74
0
 49
-0.318
 74
0
  0
LTYPE
  5
38
330
2
100
AcDbSymbolTableRecord
100
AcDbLinetypeTableRecord
  2
DASHDOT
 70
0
  3
Dash dot __ . __ . __ . __ . __ . __ . __ . __
 72
65
 73
4
 40
3.556
 49
2.54
 74
0
 49
-0.508
 74
0
 49
0.0
 74
0
 49
-0.508
 74
0
  0
LTYPE
  5
39
330
2
100
AcDbSymbolTableRecord
100
AcDbLinetypeTableRecord
  2
DASHDOTX2
 70
0
  3
Dash dot (2x) ____  .  ____  .  ____  .  ____
 72
65
 73
4
 40
6.096
 49
5.08
 74
0
 49
-0.508
 74
0
 49
0.0
 74
0
 49
-0.508
 74
0
  0
LTYPE
  5
3A
330
2
100
AcDbSymbolTableRecord
100
AcDbLinetypeTableRecord
  2
DASHDOT2
 70
0
  3
Dash dot (.5x) _ . _ . _ . _ . _ . _ . _ . _
 72
65
 73
4
 40
1.778
 49
1.27
 74
0
 49
-0.254
 74
0
 49
0.0
 74
0
 49
-0.254
 74
0
  0
LTYPE
  5
3B
330
2
100
AcDbSymbolTableRecord
100
AcDbLinetypeTableRecord
  2
DOT
 70
0
  3
Dot .  .  .  .  .  .  .  .  .  .  .  .  .  .  .  .
 72
65
 73
2
 40
0.508
 49
0.0
 74
0
 49
-0.508
 74
0
  0
LTYPE
  5
3C
330
2
100
AcDbSymbolTableRecord
100
AcDbLinetypeTableRecord
  2
DOTX2
 70
0
  3
Dot (2x) .    .    .    .    .    .    .    . 
 72
65
 73
2
 40
1.016
 49
0.0
 74
0
 49
-1.016
 74
0
  0
LTYPE
  5
3D
330
2
100
AcDbSymbolTableRecord
100
AcDbLinetypeTableRecord
  2
DOT2
 70
0
  3
Dot (.5) . . . . . . . . . . . . . . . . . . . 
 72
65
 73
2
 40
0.254
 49
0.0
 74
0
 49
-0.254
 74
0
  0
LTYPE
  5
3E
330
2
100
AcDbSymbolTableRecord
100
AcDbLinetypeTableRecord
  2
DIVIDE
 70
0
  3
Divide __ . . __ . . __ . . __ . . __ . . __
 72
65
 73
6
 40
4.064
 49
2.54
 74
0
 49
-0.508
 74
0
 49
0.0
 74
0
 49
-0.508
 74
0
 49
0.0
 74
0
 49
-0.508
 74
0
  0
LTYPE
  5
3F
330
2
100
AcDbSymbolTableRecord
100
AcDbLinetypeTableRecord
  2
DIVIDEX2
 70
0
  3
Divide (2x) ____  . .  ____  . .  ____  . .  ____
 72
65
 73
6
 40
6.604
 49
5.08
 74
0
 49
-0.508
 74
0
 49
0.0
 74
0
 49
-0.508
 74
0
 49
0.0
 74
0
 49
-0.508
 74
0
  0
LTYPE
  5
40
330
2
100
AcDbSymbolTableRecord
100
AcDbLinetypeTableRecord
  2
DIVIDE2
 70
0
  3
Divide(.5x) _ . _ . _ . _ . _ . _ . _ . _
 72
65
 73
6
 40
2.032
 49
1.27
 74
0
 49
-0.254
 74
0
 49
0.0
 74
0
 49
-0.254
 74
0
 49
0.0
 74
0
 49
-0.254
 74
0
  0
ENDTAB
  0
TABLE
  2
LAYER
  5
1
330
0
100
AcDbSymbolTable
 70
16
  0
LAYER
  5
27
330
1
100
AcDbSymbolTableRecord
100
AcDbLayerTableRecord
  2
0
 70
0
 62
7
  6
Continuous
370
-3
390
13
347
21
  0
LAYER
  5
28
330
1
100
AcDbSymbolTableRecord
100
AcDbLayerTableRecord
  2
Defpoints
 70
0
 62
7
  6
Continuous
290
0
370
-3
390
13
347
21
  0
LAYER
  5
8A
330
1
100
AcDbSymbolTableRecord
100
AcDbLayerTableRecord
  2
TRUSS
 70
0
 62
8
  6
Continuous
370
-3
390
13
347
21
  0
LAYER
  5
8B
330
1
100
AcDbSymbolTableRecord
100
AcDbLayerTableRecord
  2
STAGE
 70
0
 62
250
  6
Continuous
370
-3
390
13
347
21
  0
LAYER
  5
8C
330
1
100
AcDbSymbolTableRecord
100
AcDbLayerTableRecord
  2
STAGEFILL
 70
0
 62
251
  6
Continuous
370
-3
390
13
347
21
  0
LAYER
  5
8D
330
1
100
AcDbSymbolTableRecord
100
AcDbLayerTableRecord
  2
PIPE
 70
0
 62
9
  6
Continuous
370
-3
390
13
347
21
  0
LAYER
  5
8E
330
1
100
AcDbSymbolTableRecord
100
AcDbLayerTableRecord
  2
MP
 70
0
 62
5
  6
Continuous
370
-3
390
13
347
21
  0
LAYER
  5
8F
330
1
100
AcDbSymbolTableRecord
100
AcDbLayerTableRecord
  2
JDC
 70
0
 62
6
  6
Continuous
370
-3
390
13
347
21
  0
LAYER
  5
90
330
1
100
AcDbSymbolTableRecord
100
AcDbLayerTableRecord
  2
LB
 70
0
 62
200
  6
Continuous
370
-3
390
13
347
21
  0
LAYER
  5
91
330
1
100
AcDbSymbolTableRecord
100
AcDbLayerTableRecord
  2
MOLE
 70
0
 62
2
  6
Continuous
370
-3
390
13
347
21
  0
LAYER
  5
92
330
1
100
AcDbSymbolTableRecord
100
AcDbLayerTableRecord
  2
TYP
 70
0
 62
3
  6
Continuous
370
-3
390
13
347
21
  0
LAYER
  5
93
330
1
100
AcDbSymbolTableRecord
100
AcDbLayerTableRecord
  2
PA
 70
0
 62
250
  6
Continuous
370
-3
390
13
347
21
  0
LAYER
  5
94
330
1
100
AcDbSymbolTableRecord
100
AcDbLayerTableRecord
  2
DIM
 70
0
 62
1
  6
Continuous
370
-3
390
13
347
21
  0
LAYER
  5
95
330
1
100
AcDbSymbolTableRecord
100
AcDbLayerTableRecord
  2
TXT
 70
0
 62
7
  6
Continuous
370
-3
390
13
347
21
  0
LAYER
  5
96
330
1
100
AcDbSymbolTableRecord
100
AcDbLayerTableRecord
  2
SITE
 70
0
 62
4
  6
Continuous
370
-3
390
13
347
21
  0
LAYER
  5
97
330
1
100
AcDbSymbolTableRecord
100
AcDbLayerTableRecord
  2
VIEWLABEL
 70
0
 62
7
  6
Continuous
370
-3
390
13
347
21
  0
ENDTAB
  0
TABLE
  2
STYLE
  5
5
330
0
100
AcDbSymbolTable
 70
26
  0
STYLE
  5
29
330
5
100
AcDbSymbolTableRecord
100
AcDbTextStyleTableRecord
  2
Standard
 70
0
 40
0.0
 41
1.0
 50
0.0
 71
0
 42
2.5
  3
txt
  4

  0
STYLE
  5
41
330
5
100
AcDbSymbolTableRecord
100
AcDbTextStyleTableRecord
  2
OpenSans-Light
 70
0
 40
0.0
 41
1.0
 50
0.0
 71
0
 42
2.5
  3
OpenSans-Light.ttf
  4

  0
STYLE
  5
42
330
5
100
AcDbSymbolTableRecord
100
AcDbTextStyleTableRecord
  2
OpenSans-Light-Italic
 70
0
 40
0.0
 41
1.0
 50
0.0
 71
0
 42
2.5
  3
OpenSans-LightItalic.ttf
  4

  0
STYLE
  5
43
330
5
100
AcDbSymbolTableRecord
100
AcDbTextStyleTableRecord
  2
OpenSans
 70
0
 40
0.0
 41
1.0
 50
0.0
 71
0
 42
2.5
  3
OpenSans-Regular.ttf
  4

  0
STYLE
  5
44
330
5
100
AcDbSymbolTableRecord
100
AcDbTextStyleTableRecord
  2
OpenSans-Italic
 70
0
 40
0.0
 41
1.0
 50
0.0
 71
0
 42
2.5
  3
OpenSans-Italic.ttf
  4

  0
STYLE
  5
45
330
5
100
AcDbSymbolTableRecord
100
AcDbTextStyleTableRecord
  2
OpenSans-SemiBold
 70
0
 40
0.0
 41
1.0
 50
0.0
 71
0
 42
2.5
  3
OpenSans-SemiBold.ttf
  4

  0
STYLE
  5
46
330
5
100
AcDbSymbolTableRecord
100
AcDbTextStyleTableRecord
  2
OpenSans-SemiBoldItalic
 70
0
 40
0.0
 41
1.0
 50
0.0
 71
0
 42
2.5
  3
OpenSans-SemiBoldItalic.ttf
  4

  0
STYLE
  5
47
330
5
100
AcDbSymbolTableRecord
100
AcDbTextStyleTableRecord
  2
OpenSans-Bold
 70
0
 40
0.0
 41
1.0
 50
0.0
 71
0
 42
2.5
  3
OpenSans-Bold.ttf
  4

  0
STYLE
  5
48
330
5
100
AcDbSymbolTableRecord
100
AcDbTextStyleTableRecord
  2
OpenSans-BoldItalic
 70
0
 40
0.0
 41
1.0
 50
0.0
 71
0
 42
2.5
  3
OpenSans-BoldItalic.ttf
  4

  0
STYLE
  5
49
330
5
100
AcDbSymbolTableRecord
100
AcDbTextStyleTableRecord
  2
OpenSans-ExtraBold
 70
0
 40
0.0
 41
1.0
 50
0.0
 71
0
 42
2.5
  3
OpenSans-ExtraBold.ttf
  4

  0
STYLE
  5
4A
330
5
100
AcDbSymbolTableRecord
100
AcDbTextStyleTableRecord
  2
OpenSans-ExtraBoldItalic
 70
0
 40
0.0
 41
1.0
 50
0.0
 71
0
 42
2.5
  3
OpenSans-ExtraBoldItalic.ttf
  4

  0
STYLE
  5
4B
330
5
100
AcDbSymbolTableRecord
100
AcDbTextStyleTableRecord
  2
OpenSansCondensed-Bold
 70
0
 40
0.0
 41
1.0
 50
0.0
 71
0
 42
2.5
  3
OpenSansCondensed-Bold.ttf
  4

  0
STYLE
  5
4C
330
5
100
AcDbSymbolTableRecord
100
AcDbTextStyleTableRecord
  2
OpenSansCondensed-Light
 70
0
 40
0.0
 41
1.0
 50
0.0
 71
0
 42
2.5
  3
OpenSansCondensed-Light.ttf
  4

  0
STYLE
  5
4D
330
5
100
AcDbSymbolTableRecord
100
AcDbTextStyleTableRecord
  2
OpenSansCondensed-Italic
 70
0
 40
0.0
 41
1.0
 50
0.0
 71
0
 42
2.5
  3
OpenSansCondensed-LightItalic.ttf
  4

  0
STYLE
  5
4E
330
5
100
AcDbSymbolTableRecord
100
AcDbTextStyleTableRecord
  2
LiberationSans
 70
0
 40
0.0
 41
1.0
 50
0.0
 71
0
 42
2.5
  3
LiberationSans-Regular.ttf
  4

  0
STYLE
  5
4F
330
5
100
AcDbSymbolTableRecord
100
AcDbTextStyleTableRecord
  2
LiberationSans-Bold
 70
0
 40
0.0
 41
1.0
 50
0.0
 71
0
 42
2.5
  3
LiberationSans-Bold.ttf
  4

  0
STYLE
  5
50
330
5
100
AcDbSymbolTableRecord
100
AcDbTextStyleTableRecord
  2
LiberationSans-BoldItalic
 70
0
 40
0.0
 41
1.0
 50
0.0
 71
0
 42
2.5
  3
LiberationSans-BoldItalic.ttf
  4

  0
STYLE
  5
51
330
5
100
AcDbSymbolTableRecord
100
AcDbTextStyleTableRecord
  2
LiberationSans-Italic
 70
0
 40
0.0
 41
1.0
 50
0.0
 71
0
 42
2.5
  3
LiberationSans-Italic.ttf
  4

  0
STYLE
  5
52
330
5
100
AcDbSymbolTableRecord
100
AcDbTextStyleTableRecord
  2
LiberationSerif
 70
0
 40
0.0
 41
1.0
 50
0.0
 71
0
 42
2.5
  3
LiberationSerif-Regular.ttf
  4

  0
STYLE
  5
53
330
5
100
AcDbSymbolTableRecord
100
AcDbTextStyleTableRecord
  2
LiberationSerif-Bold
 70
0
 40
0.0
 41
1.0
 50
0.0
 71
0
 42
2.5
  3
LiberationSerif-Bold.ttf
  4

  0
STYLE
  5
54
330
5
100
AcDbSymbolTableRecord
100
AcDbTextStyleTableRecord
  2
LiberationSerif-BoldItalic
 70
0
 40
0.0
 41
1.0
 50
0.0
 71
0
 42
2.5
  3
LiberationSerif-BoldItalic.ttf
  4

  0
STYLE
  5
55
330
5
100
AcDbSymbolTableRecord
100
AcDbTextStyleTableRecord
  2
LiberationSerif-Italic
 70
0
 40
0.0
 41
1.0
 50
0.0
 71
0
 42
2.5
  3
LiberationSerif-Italic.ttf
  4

  0
STYLE
  5
56
330
5
100
AcDbSymbolTableRecord
100
AcDbTextStyleTableRecord
  2
LiberationMono
 70
0
 40
0.0
 41
1.0
 50
0.0
 71
0
 42
2.5
  3
LiberationMono-Regular.ttf
  4

  0
STYLE
  5
57
330
5
100
AcDbSymbolTableRecord
100
AcDbTextStyleTableRecord
  2
LiberationMono-Bold
 70
0
 40
0.0
 41
1.0
 50
0.0
 71
0
 42
2.5
  3
LiberationMono-Bold.ttf
  4

  0
STYLE
  5
58
330
5
100
AcDbSymbolTableRecord
100
AcDbTextStyleTableRecord
  2
LiberationMono-BoldItalic
 70
0
 40
0.0
 41
1.0
 50
0.0
 71
0
 42
2.5
  3
LiberationMono-BoldItalic.ttf
  4

  0
STYLE
  5
59
330
5
100
AcDbSymbolTableRecord
100
AcDbTextStyleTableRecord
  2
LiberationMono-Italic
 70
0
 40
0.0
 41
1.0
 50
0.0
 71
0
 42
2.5
  3
LiberationMono-Italic.ttf
  4

  0
ENDTAB
  0
TABLE
  2
VIEW
  5
7
330
0
100
AcDbSymbolTable
 70
0
  0
ENDTAB
  0
TABLE
  2
UCS
  5
6
330
0
100
AcDbSymbolTable
 70
0
  0
ENDTAB
  0
TABLE
  2
APPID
  5
3
330
0
100
AcDbSymbolTable
 70
3
  0
APPID
  5
2A
330
3
100
AcDbSymbolTableRecord
100
AcDbRegAppTableRecord
  2
ACAD
 70
0
  0
APPID
  5
7A4
330
3
100
AcDbSymbolTableRecord
100
AcDbRegAppTableRecord
  2
HATCHBACKGROUNDCOLOR
 70
0
  0
APPID
  5
7A5
330
3
100
AcDbSymbolTableRecord
100
AcDbRegAppTableRecord
  2
EZDXF
 70
0
  0
ENDTAB
  0
TABLE
  2
DIMSTYLE
  5
4
330
0
100
AcDbSymbolTable
 70
12
100
AcDbDimStyleTable
  0
DIMSTYLE
105
2B
330
4
100
AcDbSymbolTableRecord
100
AcDbDimStyleTableRecord
  2
Standard
 70
0
 40
1.0
 41
2.5
 42
0.625
 43
3.75
 44
1.25
 45
0.0
 46
0.0
 47
0.0
 48
0.0
 49
2.5
140
2.5
141
2.5
142
0.0
143
0.03937007874
144
1.0
145
0.0
146
1.0
147
0.625
148
0.0
 69
0
 70
0
 71
0
 72
0
 73
0
 74
0
 75
0
 76
0
 77
1
 78
8
 79
3
170
0
171
3
172
1
173
0
174
0
175
0
176
0
177
0
178
0
179
2
271
2
272
2
273
2
274
3
275
0
276
0
277
2
278
44
279
0
280
0
281
0
282
0
283
0
284
8
285
0
286
0
288
0
289
3
290
0
371
-2
372
-2
  0
DIMSTYLE
105
73
330
4
100
AcDbSymbolTableRecord
100
AcDbDimStyleTableRecord
  2
EZDXF
 70
0
 40
1.0
 41
0.175
 42
0.125
 43
3.75
 44
0.375
 45
0.0
 46
0.0
 47
0.0
 48
0.0
 49
2.5
140
0.25
141
2.5
142
0.0
143
0.03937007874
144
100.0
145
0.0
146
0.5
147
0.1
148
0.0
 69
0
 70
0
 71
0
 72
0
 73
0
 74
0
 75
0
 76
0
 77
1
 78
12
 79
3
170
0
171
3
172
1
173
0
174
0
175
0
176
0
177
0
178
0
179
2
271
2
272
2
273
2
274
3
275
0
276
0
277
2
278
46
279
2
280
0
281
0
282
0
283
0
284
8
285
0
286
0
288
1
289
3
290
0
340
4C
342
74
371
-2
372
-2
  0
DIMSTYLE
105
7C
330
4
100
AcDbSymbolTableRecord
100
AcDbDimStyleTableRecord
  2
EZ_M_100_H25_CM
 70
0
 40
1.0
 41
0.25
 42
0.125
 43
3.75
 44
0.375
 45
0.0
 46
0.0
 47
0.0
 48
0.0
 49
2.5
140
0.25
141
2.5
142
0.125
143
0.03937007874
144
100.0
145
0.0
146
0.5
147
0.1
148
0.0
 69
0
 70
0
 71
0
 72
0
 73
0
 74
0
 75
0
 76
0
 77
1
 78
12
 79
3
170
0
171
3
172
1
173
0
174
0
175
0
176
0
177
0
178
0
179
2
271
2
272
2
273
2
274
3
275
0
276
0
277
2
278
46
279
2
280
0
281
0
282
0
283
0
284
8
285
0
286
0
288
1
289
3
290
0
340
4C
371
-2
372
-2
  0
DIMSTYLE
105
7D
330
4
100
AcDbSymbolTableRecord
100
AcDbDimStyleTableRecord
  2
EZ_M_50_H25_CM
 70
0
 40
1.0
 41
0.125
 42
0.0625
 43
3.75
 44
0.1875
 45
0.0
 46
0.0
 47
0.0
 48
0.0
 49
2.5
140
0.125
141
2.5
142
0.0625
143
0.03937007874
144
100.0
145
0.0
146
0.5
147
0.05
148
0.0
 69
0
 70
0
 71
0
 72
0
 73
0
 74
0
 75
0
 76
0
 77
1
 78
12
 79
3
170
0
171
3
172
1
173
0
174
0
175
0
176
0
177
0
178
0
179
2
271
2
272
2
273
2
274
3
275
0
276
0
277
2
278
46
279
2
280
0
281
0
282
0
283
0
284
8
285
0
286
0
288
1
289
3
290
0
340
4C
371
-2
372
-2
  0
DIMSTYLE
105
7E
330
4
100
AcDbSymbolTableRecord
100
AcDbDimStyleTableRecord
  2
EZ_M_25_H25_CM
 70
0
 40
1.0
 41
0.0625
 42
0.03125
 43
3.75
 44
0.09375
 45
0.0
 46
0.0
 47
0.0
 48
0.0
 49
2.5
140
0.0625
141
2.5
142
0.03125
143
0.03937007874
144
100.0
145
0.0
146
0.5
147
0.025
148
0.0
 69
0
 70
0
 71
0
 72
0
 73
0
 74
0
 75
0
 76
0
 77
1
 78
12
 79
3
170
0
171
3
172
1
173
0
174
0
175
0
176
0
177
0
178
0
179
2
271
2
272
2
273
2
274
3
275
0
276
0
277
2
278
46
279
2
280
0
281
0
282
0
283
0
284
8
285
0
286
0
288
1
289
3
290
0
340
4C
371
-2
372
-2
  0
DIMSTYLE
105
7F
330
4
100
AcDbSymbolTableRecord
100
AcDbDimStyleTableRecord
  2
EZ_M_20_H25_CM
 70
0
 40
1.0
 41
0.05
 42
0.025
 43
3.75
 44
0.07500000000000001
 45
0.0
 46
0.0
 47
0.0
 48
0.0
 49
2.5
140
0.05
141
2.5
142
0.025
143
0.03937007874
144
100.0
145
0.0
146
0.5
147
0.020000000000000004
148
0.0
 69
0
 70
0
 71
0
 72
0
 73
0
 74
0
 75
0
 76
0
 77
1
 78
12
 79
3
170
0
171
3
172
1
173
0
174
0
175
0
176
0
177
0
178
0
179
2
271
2
272
2
273
2
274
3
275
0
276
0
277
2
278
46
279
2
280
0
281
0
282
0
283
0
284
8
285
0
286
0
288
1
289
3
290
0
340
4C
371
-2
372
-2
  0
DIMSTYLE
105
80
330
4
100
AcDbSymbolTableRecord
100
AcDbDimStyleTableRecord
  2
EZ_M_10_H25_CM
 70
0
 40
1.0
 41
0.025
 42
0.0125
 43
3.75
 44
0.037500000000000006
 45
0.0
 46
0.0
 47
0.0
 48
0.0
 49
2.5
140
0.025
141
2.5
142
0.0125
143
0.03937007874
144
100.0
145
0.0
146
0.5
147
0.010000000000000002
148
0.0
 69
0
 70
0
 71
0
 72
0
 73
0
 74
0
 75
0
 76
0
 77
1
 78
12
 79
3
170
0
171
3
172
1
173
0
174
0
175
0
176
0
177
0
178
0
179
2
271
2
272
2
273
2
274
3
275
0
276
0
277
2
278
46
279
2
280
0
281
0
282
0
283
0
284
8
285
0
286
0
288
1
289
3
290
0
340
4C
371
-2
372
-2
  0
DIMSTYLE
105
81
330
4
100
AcDbSymbolTableRecord
100
AcDbDimStyleTableRecord
  2
EZ_M_5_H25_CM
 70
0
 40
1.0
 41
0.0125
 42
0.00625
 43
3.75
 44
0.018750000000000003
 45
0.0
 46
0.0
 47
0.0
 48
0.0
 49
2.5
140
0.0125
141
2.5
142
0.00625
143
0.03937007874
144
100.0
145
0.0
146
0.5
147
0.005000000000000001
148
0.0
 69
0
 70
0
 71
0
 72
0
 73
0
 74
0
 75
0
 76
0
 77
1
 78
12
 79
3
170
0
171
3
172
1
173
0
174
0
175
0
176
0
177
0
178
0
179
2
271
2
272
2
273
2
274
3
275
0
276
0
277
2
278
46
279
2
280
0
281
0
282
0
283
0
284
8
285
0
286
0
288
1
289
3
290
0
340
4C
371
-2
372
-2
  0
DIMSTYLE
105
82
330
4
100
AcDbSymbolTableRecord
100
AcDbDimStyleTableRecord
  2
EZ_M_1_H25_CM
 70
0
 40
1.0
 41
0.0025
 42
0.00125
 43
3.75
 44
0.00375
 45
0.0
 46
0.0
 47
0.0
 48
0.0
 49
2.5
140
0.0025
141
2.5
142
0.00125
143
0.03937007874
144
100.0
145
0.0
146
0.5
147
0.001
148
0.0
 69
0
 70
0
 71
0
 72
0
 73
0
 74
0
 75
0
 76
0
 77
1
 78
12
 79
3
170
0
171
3
172
1
173
0
174
0
175
0
176
0
177
0
178
0
179
2
271
2
272
2
273
2
274
3
275
0
276
0
277
2
278
46
279
2
280
0
281
0
282
0
283
0
284
8
285
0
286
0
288
1
289
3
290
0
340
4C
371
-2
372
-2
  0
DIMSTYLE
105
83
330
4
100
AcDbSymbolTableRecord
100
AcDbDimStyleTableRecord
  2
EZ_RADIUS
 70
0
 40
1.0
 41
0.25
 42
0.125
 43
3.75
 44
0.375
 45
0.0
 46
0.0
 47
0.0
 48
0.0
 49
2.5
140
0.25
141
0.0
142
0.0
143
0.03937007874
144
100.0
145
0.0
146
0.5
147
0.1
148
0.0
 69
0
 70
0
 71
0
 72
0
 73
0
 74
0
 75
0
 76
0
 77
1
 78
12
 79
3
170
0
171
3
172
0
173
0
174
0
175
0
176
0
177
0
178
0
179
2
271
2
272
2
273
2
274
3
275
0
276
0
277
2
278
46
279
1
280
0
281
0
282
0
283
0
284
8
285
0
286
0
288
1
289
3
290
0
340
4C
342
84
371
-2
372
-2
  0
DIMSTYLE
105
88
330
4
100
AcDbSymbolTableRecord
100
AcDbDimStyleTableRecord
  2
EZ_RADIUS_INSIDE
 70
0
 40
1.0
 41
0.25
 42
0.125
 43
3.75
 44
0.375
 45
0.0
 46
0.0
 47
0.0
 48
0.0
 49
2.5
140
0.25
141
0.0
142
0.0
143
0.03937007874
144
100.0
145
0.0
146
0.5
147
0.1
148
0.0
 69
0
 70
0
 71
0
 72
0
 73
0
 74
0
 75
0
 76
0
 77
0
 78
12
 79
3
170
0
171
3
172
0
173
0
174
1
175
0
176
0
177
0
178
0
179
2
271
2
272
2
273
2
274
3
275
0
276
0
277
2
278
46
279
0
280
0
281
0
282
0
283
0
284
8
285
0
286
0
288
1
289
0
290
0
340
4C
342
84
371
-2
372
-2
  0
DIMSTYLE
105
89
330
4
100
AcDbSymbolTableRecord
100
AcDbDimStyleTableRecord
  2
EZ_CURVED
 70
0
 40
1.0
 41
0.25
 42
0.125
 43
3.75
 44
0.375
 45
0.0
 46
0.0
 47
0.0
 48
0.0
 49
2.5
140
0.25
141
2.5
142
0.0
143
0.03937007874
144
100.0
145
0.0
146
0.5
147
0.1
148
0.0
 69
0
 70
0
 71
0
 72
0
 73
0
 74
0
 75
0
 76
0
 77
1
 78
12
 79
2
 90
2
170
0
171
3
172
1
173
0
174
0
175
0
176
0
177
0
178
0
179
2
271
2
272
2
273
2
274
3
275
0
276
0
277
2
278
46
279
2
280
0
281
0
282
0
283
0
284
8
285
0
286
0
288
1
289
3
290
0
340
4C
371
-2
372
-2
  0
ENDTAB
  0
TABLE
  2
BLOCK_RECORD
  5
9
330
0
100
AcDbSymbolTable
 70
5
  0
BLOCK_RECORD
  5
17
330
9
100
AcDbSymbolTableRecord
100
AcDbBlockTableRecord
  2
*Model_Space
340
1A
 70
0
280
1
281
0
  0
BLOCK_RECORD
  5
1B
330
9
100
AcDbSymbolTableRecord
100
AcDbBlockTableRecord
  2
*Paper_Space
340
1E
 70
0
280
1
281
0
  0
BLOCK_RECORD
  5
74
330
9
100
AcDbSymbolTableRecord
100
AcDbBlockTableRecord
  2
_ARCHTICK
340
0
 70
0
280
1
281
0
  0
BLOCK_RECORD
  5
78
330
9
100
AcDbSymbolTableRecord
100
AcDbBlockTableRecord
  2
_CLOSEDFILLED
340
0
 70
0
280
1
281
0
  0
BLOCK_RECORD
  5
84
330
9
100
AcDbSymbolTableRecord
100
AcDbBlockTableRecord
  2
_CLOSEDBLANK
340
0
 70
0
280
1
281
0
  0
ENDTAB
  0
ENDSEC
  0
SECTION
  2
BLOCKS
  0
BLOCK
  5
18
330
17
100
AcDbEntity
  8
0
100
AcDbBlockBegin
  2
*Model_Space
 70
0
 10
0.0
 20
0.0
 30
0.0
  3
*Model_Space
  1

  0
ENDBLK
  5
19
330
17
100
AcDbEntity
  8
0
100
AcDbBlockEnd
  0
BLOCK
  5
1C
330
1B
100
AcDbEntity
  8
0
100
AcDbBlockBegin
  2
*Paper_Space
 70
0
 10
0.0
 20
0.0
 30
0.0
  3
*Paper_Space
  1

  0
ENDBLK
  5
1D
330
1B
100
AcDbEntity
  8
0
100
AcDbBlockEnd
  0
BLOCK
  5
75
330
74
100
AcDbEntity
  8
0
100
AcDbBlockBegin
  2
_ARCHTICK
 70
0
 10
0.0
 20
0.0
 30
0.0
  3
_ARCHTICK
  1

  0
LWPOLYLINE
  5
77
330
74
100
AcDbEntity
  8
0
  6
BYBLOCK
 62
0
100
AcDbPolyline
 90
2
 70
0
 43
0.15
 10
-0.5
 20
-0.5
 10
0.5
 20
0.5
  0
ENDBLK
  5
76
330
74
100
AcDbEntity
  8
0
100
AcDbBlockEnd
  0
BLOCK
  5
79
330
78
100
AcDbEntity
  8
0
100
AcDbBlockBegin
  2
_CLOSEDFILLED
 70
0
 10
0.0
 20
0.0
 30
0.0
  3
_CLOSEDFILLED
  1

  0
SOLID
  5
7B
330
78
100
AcDbEntity
  8
0
  6
BYBLOCK
 62
0
100
AcDbTrace
 10
-1.0
 20
0.16439898372402537
 30
0.0
 11
0.0
 21
0.0
 31
0.0
 12
-1.0
 22
-0.16439898372402537
 32
0.0
 13
-1.0
 23
-0.16439898372402537
 33
0.0
  0
ENDBLK
  5
7A
330
78
100
AcDbEntity
  8
0
100
AcDbBlockEnd
  0
BLOCK
  5
85
330
84
100
AcDbEntity
  8
0
100
AcDbBlockBegin
  2
_CLOSEDBLANK
 70
0
 10
0.0
 20
0.0
 30
0.0
  3
_CLOSEDBLANK
  1

  0
LWPOLYLINE
  5
87
330
84
100
AcDbEntity
  8
0
  6
BYBLOCK
 62
0
100
AcDbPolyline
 90
3
 70
1
 10
-1.0
 20
0.16439898372402537
 10
0.0
 20
0.0
 10
-1.0
 20
-0.16439898372402537
  0
ENDBLK
  5
86
330
84
100
AcDbEntity
  8
0
100
AcDbBlockEnd
  0
ENDSEC
  0
SECTION
  2
ENTITIES
  0
TEXT
  5
98
330
17
100
AcDbEntity
  8
VIEWLABEL
100
AcDbText
 10
0.0
 20
-2.2
 30
0.0
 40
0.8
  1
MACRO - TOP  (1m = 1 unit)
 11
0.0
 21
-2.2
 31
0.0
100
AcDbText
  0
LINE
  5
99
330
17
100
AcDbEntity
  8
SITE
100
AcDbLine
 10
-17.0
 20
-8.0
 30
0.0
 11
17.0
 21
-8.0
 31
0.0
  0
TEXT
  5
9A
330
17
100
AcDbEntity
  8
SITE
100
AcDbText
 10
0.0
 20
-8.6
 30
0.0
 40
0.2925
  1
CLIFF EDGE — KEEP OUT STRIP 2.0 m
 11
0.0
 21
-8.6
 31
0.0
100
AcDbText
  0
LINE
  5
9B
330
17
100
AcDbEntity
  8
SITE
100
AcDbLine
 10
-17.0
 20
-6.0
 30
0.0
 11
17.0
 21
-6.0
 31
0.0
  0
LWPOLYLINE
  5
9C
330
17
100
AcDbEntity
  8
TRUSS
100
AcDbPolyline
 90
4
 70
1
 10
-14.379999999999999
 20
-0.145
 10
-11.299999999999999
 20
-0.145
 10
-11.299999999999999
 20
0.145
 10
-14.379999999999999
 20
0.145
  0
LWPOLYLINE
  5
9D
330
17
100
AcDbEntity
  8
TRUSS
100
AcDbPolyline
 90
4
 70
1
 10
-14.379999999999999
 20
-0.145
 10
-14.09
 20
-0.145
 10
-14.09
 20
0.145
 10
-14.379999999999999
 20
0.145
  0
LWPOLYLINE
  5
9E
330
17
100
AcDbEntity
  8
TRUSS
100
AcDbPolyline
 90
4
 70
1
 10
-11.59
 20
-0.145
 10
-11.3
 20
-0.145
 10
-11.3
 20
0.145
 10
-11.59
 20
0.145
  0
TEXT
  5
9F
330
17
100
AcDbEntity
  8
TXT
100
AcDbText
 10
-12.84
 20
-0.95
 30
0.0
 40
0.33749999999999997
  1
F1
 11
-12.84
 21
-0.95
 31
0.0
100
AcDbText
  0
LWPOLYLINE
  5
A0
330
17
100
AcDbEntity
  8
TRUSS
100
AcDbPolyline
 90
4
 70
1
 10
-10.1
 20
-0.145
 10
-7.02
 20
-0.145
 10
-7.02
 20
0.145
 10
-10.1
 20
0.145
  0
LWPOLYLINE
  5
A1
330
17
100
AcDbEntity
  8
TRUSS
100
AcDbPolyline
 90
4
 70
1
 10
-10.1
 20
-0.145
 10
-9.81
 20
-0.145
 10
-9.81
 20
0.145
 10
-10.1
 20
0.145
  0
LWPOLYLINE
  5
A2
330
17
100
AcDbEntity
  8
TRUSS
100
AcDbPolyline
 90
4
 70
1
 10
-7.3100000000000005
 20
-0.145
 10
-7.0200000000000005
 20
-0.145
 10
-7.0200000000000005
 20
0.145
 10
-7.3100000000000005
 20
0.145
  0
TEXT
  5
A3
330
17
100
AcDbEntity
  8
TXT
100
AcDbText
 10
-8.56
 20
-0.95
 30
0.0
 40
0.33749999999999997
  1
F2
 11
-8.56
 21
-0.95
 31
0.0
100
AcDbText
  0
LWPOLYLINE
  5
A4
330
17
100
AcDbEntity
  8
TRUSS
100
AcDbPolyline
 90
4
 70
1
 10
-5.82
 20
-0.145
 10
-2.74
 20
-0.145
 10
-2.74
 20
0.145
 10
-5.82
 20
0.145
  0
LWPOLYLINE
  5
A5
330
17
100
AcDbEntity
  8
TRUSS
100
AcDbPolyline
 90
4
 70
1
 10
-5.82
 20
-0.145
 10
-5.53
 20
-0.145
 10
-5.53
 20
0.145
 10
-5.82
 20
0.145
  0
LWPOLYLINE
  5
A6
330
17
100
AcDbEntity
  8
TRUSS
100
AcDbPolyline
 90
4
 70
1
 10
-3.0300000000000002
 20
-0.145
 10
-2.74
 20
-0.145
 10
-2.74
 20
0.145
 10
-3.0300000000000002
 20
0.145
  0
TEXT
  5
A7
330
17
100
AcDbEntity
  8
TXT
100
AcDbText
 10
-4.28
 20
-0.95
 30
0.0
 40
0.33749999999999997
  1
F3
 11
-4.28
 21
-0.95
 31
0.0
100
AcDbText
  0
LWPOLYLINE
  5
A8
330
17
100
AcDbEntity
  8
TRUSS
100
AcDbPolyline
 90
4
 70
1
 10
-1.54
 20
-0.145
 10
1.54
 20
-0.145
 10
1.54
 20
0.145
 10
-1.54
 20
0.145
  0
LWPOLYLINE
  5
A9
330
17
100
AcDbEntity
  8
TRUSS
100
AcDbPolyline
 90
4
 70
1
 10
-1.54
 20
-0.145
 10
-1.25
 20
-0.145
 10
-1.25
 20
0.145
 10
-1.54
 20
0.145
  0
LWPOLYLINE
  5
AA
330
17
100
AcDbEntity
  8
TRUSS
100
AcDbPolyline
 90
4
 70
1
 10
1.25
 20
-0.145
 10
1.54
 20
-0.145
 10
1.54
 20
0.145
 10
1.25
 20
0.145
  0
TEXT
  5
AB
330
17
100
AcDbEntity
  8
TXT
100
AcDbText
 10
0.0
 20
-0.95
 30
0.0
 40
0.33749999999999997
  1
F4
 11
0.0
 21
-0.95
 31
0.0
100
AcDbText
  0
LWPOLYLINE
  5
AC
330
17
100
AcDbEntity
  8
TRUSS
100
AcDbPolyline
 90
4
 70
1
 10
2.74
 20
-0.145
 10
5.82
 20
-0.145
 10
5.82
 20
0.145
 10
2.74
 20
0.145
  0
LWPOLYLINE
  5
AD
330
17
100
AcDbEntity
  8
TRUSS
100
AcDbPolyline
 90
4
 70
1
 10
2.74
 20
-0.145
 10
3.0300000000000002
 20
-0.145
 10
3.0300000000000002
 20
0.145
 10
2.74
 20
0.145
  0
LWPOLYLINE
  5
AE
330
17
100
AcDbEntity
  8
TRUSS
100
AcDbPolyline
 90
4
 70
1
 10
5.530000000000001
 20
-0.145
 10
5.820000000000001
 20
-0.145
 10
5.820000000000001
 20
0.145
 10
5.530000000000001
 20
0.145
  0
TEXT
  5
AF
330
17
100
AcDbEntity
  8
TXT
100
AcDbText
 10
4.28
 20
-0.95
 30
0.0
 40
0.33749999999999997
  1
F5
 11
4.28
 21
-0.95
 31
0.0
100
AcDbText
  0
LWPOLYLINE
  5
B0
330
17
100
AcDbEntity
  8
TRUSS
100
AcDbPolyline
 90
4
 70
1
 10
7.0200000000000005
 20
-0.145
 10
10.100000000000001
 20
-0.145
 10
10.100000000000001
 20
0.145
 10
7.0200000000000005
 20
0.145
  0
LWPOLYLINE
  5
B1
330
17
100
AcDbEntity
  8
TRUSS
100
AcDbPolyline
 90
4
 70
1
 10
7.020000000000001
 20
-0.145
 10
7.310000000000001
 20
-0.145
 10
7.310000000000001
 20
0.145
 10
7.020000000000001
 20
0.145
  0
LWPOLYLINE
  5
B2
330
17
100
AcDbEntity
  8
TRUSS
100
AcDbPolyline
 90
4
 70
1
 10
9.81
 20
-0.145
 10
10.1
 20
-0.145
 10
10.1
 20
0.145
 10
9.81
 20
0.145
  0
TEXT
  5
B3
330
17
100
AcDbEntity
  8
TXT
100
AcDbText
 10
8.56
 20
-0.95
 30
0.0
 40
0.33749999999999997
  1
F6
 11
8.56
 21
-0.95
 31
0.0
100
AcDbText
  0
LWPOLYLINE
  5
B4
330
17
100
AcDbEntity
  8
TRUSS
100
AcDbPolyline
 90
4
 70
1
 10
11.3
 20
-0.145
 10
14.38
 20
-0.145
 10
14.38
 20
0.145
 10
11.3
 20
0.145
  0
LWPOLYLINE
  5
B5
330
17
100
AcDbEntity
  8
TRUSS
100
AcDbPolyline
 90
4
 70
1
 10
11.3
 20
-0.145
 10
11.59
 20
-0.145
 10
11.59
 20
0.145
 10
11.3
 20
0.145
  0
LWPOLYLINE
  5
B6
330
17
100
AcDbEntity
  8
TRUSS
100
AcDbPolyline
 90
4
 70
1
 10
14.09
 20
-0.145
 10
14.379999999999999
 20
-0.145
 10
14.379999999999999
 20
0.145
 10
14.09
 20
0.145
  0
TEXT
  5
B7
330
17
100
AcDbEntity
  8
TXT
100
AcDbText
 10
12.84
 20
-0.95
 30
0.0
 40
0.33749999999999997
  1
F7
 11
12.84
 21
-0.95
 31
0.0
100
AcDbText
  0
LWPOLYLINE
  5
B8
330
17
100
AcDbEntity
  8
STAGE
100
AcDbPolyline
 90
4
 70
1
 10
-6.0
 20
2.0
 10
6.0
 20
2.0
 10
6.0
 20
10.0
 10
-6.0
 20
10.0
  0
LWPOLYLINE
  5
B9
330
17
100
AcDbEntity
  8
STAGE
100
AcDbPolyline
 90
4
 70
1
 10
-1.5
 20
2.5
 10
1.5
 20
2.5
 10
1.5
 20
4.5
 10
-1.5
 20
4.5
  0
TEXT
  5
BA
330
17
100
AcDbEntity
  8
TXT
100
AcDbText
 10
0.0
 20
5.1
 30
0.0
 40
0.2925
  1
DJ RISER 3.0 x 2.0  +0.40
 11
0.0
 21
5.1
 31
0.0
100
AcDbText
  0
LWPOLYLINE
  5
BB
330
17
100
AcDbEntity
  8
STAGE
100
AcDbPolyline
 90
4
 70
1
 10
-1.2
 20
3.6
 10
1.2
 20
3.6
 10
1.2
 20
4.2
 10
-1.2
 20
4.2
  0
LWPOLYLINE
  5
BC
330
17
100
AcDbEntity
  8
PA
100
AcDbPolyline
 90
4
 70
1
 10
-4.425
 20
10.4
 10
-3.0749999999999997
 20
10.4
 10
-3.0749999999999997
 20
11.15
 10
-4.425
 20
11.15
  0
LWPOLYLINE
  5
BD
330
17
100
AcDbEntity
  8
PA
100
AcDbPolyline
 90
4
 70
1
 10
-2.925
 20
10.4
 10
-1.5749999999999997
 20
10.4
 10
-1.5749999999999997
 20
11.15
 10
-2.925
 20
11.15
  0
LWPOLYLINE
  5
BE
330
17
100
AcDbEntity
  8
PA
100
AcDbPolyline
 90
4
 70
1
 10
-1.425
 20
10.4
 10
-0.07499999999999996
 20
10.4
 10
-0.07499999999999996
 20
11.15
 10
-1.425
 20
11.15
  0
LWPOLYLINE
  5
BF
330
17
100
AcDbEntity
  8
PA
100
AcDbPolyline
 90
4
 70
1
 10
0.07499999999999996
 20
10.4
 10
1.425
 20
10.4
 10
1.425
 20
11.15
 10
0.07499999999999996
 20
11.15
  0
LWPOLYLINE
  5
C0
330
17
100
AcDbEntity
  8
PA
100
AcDbPolyline
 90
4
 70
1
 10
1.575
 20
10.4
 10
2.925
 20
10.4
 10
2.925
 20
11.15
 10
1.575
 20
11.15
  0
LWPOLYLINE
  5
C1
330
17
100
AcDbEntity
  8
PA
100
AcDbPolyline
 90
4
 70
1
 10
3.075
 20
10.4
 10
4.425000000000001
 20
10.4
 10
4.425000000000001
 20
11.15
 10
3.075
 20
11.15
  0
TEXT
  5
C2
330
17
100
AcDbEntity
  8
TXT
100
AcDbText
 10
0.0
 20
11.75
 30
0.0
 40
0.27
  1
6 x DUAL-18" SUB — CARDIOID (4+2), 1.5 m c-c
 11
0.0
 21
11.75
 31
0.0
100
AcDbText
  0
LWPOLYLINE
  5
C3
330
17
100
AcDbEntity
  8
SITE
100
AcDbPolyline
 90
4
 70
1
 10
-2.0
 20
34.0
 10
2.0
 20
34.0
 10
2.0
 20
37.0
 10
-2.0
 20
37.0
  0
TEXT
  5
C4
330
17
100
AcDbEntity
  8
SITE
100
AcDbText
 10
0.0
 20
35.5
 30
0.0
 40
0.2925
  1
FOH 4x3
 11
0.0
 21
35.5
 31
0.0
100
AcDbText
  0
LINE
  5
C5
330
17
100
AcDbEntity
  8
SITE
100
AcDbLine
 10
-16.0
 20
22.0
 30
0.0
 11
16.0
 21
22.0
 31
0.0
  0
TEXT
  5
C6
330
17
100
AcDbEntity
  8
SITE
100
AcDbText
 10
0.0
 20
22.6
 30
0.0
 40
0.2925
  1
AUDIENCE LINE — 12.0 m MIN FROM FRAMES
 11
0.0
 21
22.6
 31
0.0
100
AcDbText
  0
LINE
  5
C7
330
17
100
AcDbEntity
  8
DIM
100
AcDbLine
 10
-6.0
 20
10.0
 30
0.0
 11
-6.0
 21
12.8
 31
0.0
  0
LINE
  5
C8
330
17
100
AcDbEntity
  8
DIM
100
AcDbLine
 10
6.0
 20
10.0
 30
0.0
 11
6.0
 21
12.8
 31
0.0
  0
LINE
  5
C9
330
17
100
AcDbEntity
  8
DIM
100
AcDbLine
 10
-6.0
 20
12.9
 30
0.0
 11
6.0
 21
12.9
 31
0.0
  0
TEXT
  5
CA
330
17
100
AcDbEntity
  8
DIM
100
AcDbText
 10
0.0
 20
12.450000000000001
 30
0.0
 40
0.2925
  1
12.00
 11
0.0
 21
12.450000000000001
 31
0.0
100
AcDbText
  0
LINE
  5
CB
330
17
100
AcDbEntity
  8
DIM
100
AcDbLine
 10
6.4
 20
2.0
 30
0.0
 11
7.7
 21
2.0
 31
0.0
  0
LINE
  5
CC
330
17
100
AcDbEntity
  8
DIM
100
AcDbLine
 10
6.4
 20
10.0
 30
0.0
 11
7.7
 21
10.0
 31
0.0
  0
LINE
  5
CD
330
17
100
AcDbEntity
  8
DIM
100
AcDbLine
 10
7.6000000000000005
 20
2.0
 30
0.0
 11
7.6000000000000005
 21
10.0
 31
0.0
  0
TEXT
  5
CE
330
17
100
AcDbEntity
  8
DIM
100
AcDbText
 10
7.95
 20
6.0
 30
0.0
 40
0.2925
  1
8.00
 11
7.95
 21
6.0
 31
0.0
100
AcDbText
  0
LINE
  5
CF
330
17
100
AcDbEntity
  8
DIM
100
AcDbLine
 10
15.04
 20
0.0
 30
0.0
 11
16.34
 21
0.0
 31
0.0
  0
LINE
  5
D0
330
17
100
AcDbEntity
  8
DIM
100
AcDbLine
 10
15.04
 20
2.0
 30
0.0
 11
16.34
 21
2.0
 31
0.0
  0
LINE
  5
D1
330
17
100
AcDbEntity
  8
DIM
100
AcDbLine
 10
16.24
 20
0.0
 30
0.0
 11
16.24
 21
2.0
 31
0.0
  0
TEXT
  5
D2
330
17
100
AcDbEntity
  8
DIM
100
AcDbText
 10
16.59
 20
1.0
 30
0.0
 40
0.2925
  1
2.00
 11
16.59
 21
1.0
 31
0.0
100
AcDbText
  0
LINE
  5
D3
330
17
100
AcDbEntity
  8
DIM
100
AcDbLine
 10
15.2
 20
10.0
 30
0.0
 11
16.5
 21
10.0
 31
0.0
  0
LINE
  5
D4
330
17
100
AcDbEntity
  8
DIM
100
AcDbLine
 10
15.2
 20
34.0
 30
0.0
 11
16.5
 21
34.0
 31
0.0
  0
LINE
  5
D5
330
17
100
AcDbEntity
  8
DIM
100
AcDbLine
 10
16.4
 20
10.0
 30
0.0
 11
16.4
 21
34.0
 31
0.0
  0
TEXT
  5
D6
330
17
100
AcDbEntity
  8
DIM
100
AcDbText
 10
16.75
 20
22.0
 30
0.0
 40
0.2925
  1
24.00
 11
16.75
 21
22.0
 31
0.0
100
AcDbText
  0
TEXT
  5
D7
330
17
100
AcDbEntity
  8
VIEWLABEL
100
AcDbText
 10
50.0
 20
-2.2
 30
0.0
 40
0.8
  1
MACRO/LIGHTING - FRONT
 11
50.0
 21
-2.2
 31
0.0
100
AcDbText
  0
LINE
  5
D8
330
17
100
AcDbEntity
  8
SITE
100
AcDbLine
 10
33.5
 20
0.0
 30
0.0
 11
66.5
 21
0.0
 31
0.0
  0
LWPOLYLINE
  5
D9
330
17
100
AcDbEntity
  8
TRUSS
100
AcDbPolyline
 90
4
 70
1
 10
35.365
 20
0.0
 10
36.165
 20
0.0
 10
36.165
 20
0.05
 10
35.365
 20
0.05
  0
LWPOLYLINE
  5
DA
330
17
100
AcDbEntity
  8
TRUSS
100
AcDbPolyline
 90
4
 70
1
 10
35.620000000000005
 20
0.05
 10
35.91
 20
0.05
 10
35.91
 20
0.20999999999999996
 10
35.620000000000005
 20
0.20999999999999996
  0
LINE
  5
DB
330
17
100
AcDbEntity
  8
TRUSS
100
AcDbLine
 10
35.620000000000005
 20
0.21
 30
0.0
 11
35.620000000000005
 21
5.21
 31
0.0
  0
LINE
  5
DC
330
17
100
AcDbEntity
  8
TRUSS
100
AcDbLine
 10
35.91
 20
0.21
 30
0.0
 11
35.91
 21
5.21
 31
0.0
  0
LINE
  5
DD
330
17
100
AcDbEntity
  8
TRUSS
100
AcDbLine
 10
35.620000000000005
 20
0.21
 30
0.0
 11
35.91
 21
0.71
 31
0.0
  0
LINE
  5
DE
330
17
100
AcDbEntity
  8
TRUSS
100
AcDbLine
 10
35.91
 20
0.71
 30
0.0
 11
35.620000000000005
 21
1.21
 31
0.0
  0
LINE
  5
DF
330
17
100
AcDbEntity
  8
TRUSS
100
AcDbLine
 10
35.620000000000005
 20
1.21
 30
0.0
 11
35.91
 21
1.71
 31
0.0
  0
LINE
  5
E0
330
17
100
AcDbEntity
  8
TRUSS
100
AcDbLine
 10
35.91
 20
1.71
 30
0.0
 11
35.620000000000005
 21
2.21
 31
0.0
  0
LINE
  5
E1
330
17
100
AcDbEntity
  8
TRUSS
100
AcDbLine
 10
35.620000000000005
 20
2.21
 30
0.0
 11
35.91
 21
2.71
 31
0.0
  0
LINE
  5
E2
330
17
100
AcDbEntity
  8
TRUSS
100
AcDbLine
 10
35.91
 20
2.71
 30
0.0
 11
35.620000000000005
 21
3.21
 31
0.0
  0
LINE
  5
E3
330
17
100
AcDbEntity
  8
TRUSS
100
AcDbLine
 10
35.620000000000005
 20
3.21
 30
0.0
 11
35.91
 21
3.71
 31
0.0
  0
LINE
  5
E4
330
17
100
AcDbEntity
  8
TRUSS
100
AcDbLine
 10
35.91
 20
3.71
 30
0.0
 11
35.620000000000005
 21
4.21
 31
0.0
  0
LINE
  5
E5
330
17
100
AcDbEntity
  8
TRUSS
100
AcDbLine
 10
35.620000000000005
 20
4.21
 30
0.0
 11
35.91
 21
4.71
 31
0.0
  0
LINE
  5
E6
330
17
100
AcDbEntity
  8
TRUSS
100
AcDbLine
 10
35.91
 20
4.71
 30
0.0
 11
35.620000000000005
 21
5.21
 31
0.0
  0
LINE
  5
E7
330
17
100
AcDbEntity
  8
TRUSS
100
AcDbLine
 10
35.57
 20
3.21
 30
0.0
 11
35.96
 21
3.21
 31
0.0
  0
LWPOLYLINE
  5
E8
330
17
100
AcDbEntity
  8
TRUSS
100
AcDbPolyline
 90
4
 70
1
 10
35.620000000000005
 20
5.21
 10
35.91
 20
5.21
 10
35.91
 20
5.5
 10
35.620000000000005
 20
5.5
  0
LWPOLYLINE
  5
E9
330
17
100
AcDbEntity
  8
TRUSS
100
AcDbPolyline
 90
4
 70
1
 10
38.155
 20
0.0
 10
38.955
 20
0.0
 10
38.955
 20
0.05
 10
38.155
 20
0.05
  0
LWPOLYLINE
  5
EA
330
17
100
AcDbEntity
  8
TRUSS
100
AcDbPolyline
 90
4
 70
1
 10
38.41
 20
0.05
 10
38.7
 20
0.05
 10
38.7
 20
0.20999999999999996
 10
38.41
 20
0.20999999999999996
  0
LINE
  5
EB
330
17
100
AcDbEntity
  8
TRUSS
100
AcDbLine
 10
38.41
 20
0.21
 30
0.0
 11
38.41
 21
5.21
 31
0.0
  0
LINE
  5
EC
330
17
100
AcDbEntity
  8
TRUSS
100
AcDbLine
 10
38.7
 20
0.21
 30
0.0
 11
38.7
 21
5.21
 31
0.0
  0
LINE
  5
ED
330
17
100
AcDbEntity
  8
TRUSS
100
AcDbLine
 10
38.41
 20
0.21
 30
0.0
 11
38.7
 21
0.71
 31
0.0
  0
LINE
  5
EE
330
17
100
AcDbEntity
  8
TRUSS
100
AcDbLine
 10
38.7
 20
0.71
 30
0.0
 11
38.41
 21
1.21
 31
0.0
  0
LINE
  5
EF
330
17
100
AcDbEntity
  8
TRUSS
100
AcDbLine
 10
38.41
 20
1.21
 30
0.0
 11
38.7
 21
1.71
 31
0.0
  0
LINE
  5
F0
330
17
100
AcDbEntity
  8
TRUSS
100
AcDbLine
 10
38.7
 20
1.71
 30
0.0
 11
38.41
 21
2.21
 31
0.0
  0
LINE
  5
F1
330
17
100
AcDbEntity
  8
TRUSS
100
AcDbLine
 10
38.41
 20
2.21
 30
0.0
 11
38.7
 21
2.71
 31
0.0
  0
LINE
  5
F2
330
17
100
AcDbEntity
  8
TRUSS
100
AcDbLine
 10
38.7
 20
2.71
 30
0.0
 11
38.41
 21
3.21
 31
0.0
  0
LINE
  5
F3
330
17
100
AcDbEntity
  8
TRUSS
100
AcDbLine
 10
38.41
 20
3.21
 30
0.0
 11
38.7
 21
3.71
 31
0.0
  0
LINE
  5
F4
330
17
100
AcDbEntity
  8
TRUSS
100
AcDbLine
 10
38.7
 20
3.71
 30
0.0
 11
38.41
 21
4.21
 31
0.0
  0
LINE
  5
F5
330
17
100
AcDbEntity
  8
TRUSS
100
AcDbLine
 10
38.41
 20
4.21
 30
0.0
 11
38.7
 21
4.71
 31
0.0
  0
LINE
  5
F6
330
17
100
AcDbEntity
  8
TRUSS
100
AcDbLine
 10
38.7
 20
4.71
 30
0.0
 11
38.41
 21
5.21
 31
0.0
  0
LINE
  5
F7
330
17
100
AcDbEntity
  8
TRUSS
100
AcDbLine
 10
38.36
 20
3.21
 30
0.0
 11
38.75
 21
3.21
 31
0.0
  0
LWPOLYLINE
  5
F8
330
17
100
AcDbEntity
  8
TRUSS
100
AcDbPolyline
 90
4
 70
1
 10
38.41
 20
5.21
 10
38.7
 20
5.21
 10
38.7
 20
5.5
 10
38.41
 20
5.5
  0
LINE
  5
F9
330
17
100
AcDbEntity
  8
TRUSS
100
AcDbLine
 10
35.91
 20
5.21
 30
0.0
 11
38.41
 21
5.21
 31
0.0
  0
LINE
  5
FA
330
17
100
AcDbEntity
  8
TRUSS
100
AcDbLine
 10
35.91
 20
5.5
 30
0.0
 11
38.41
 21
5.5
 31
0.0
  0
LINE
  5
FB
330
17
100
AcDbEntity
  8
TRUSS
100
AcDbLine
 10
35.91
 20
5.21
 30
0.0
 11
36.41
 21
5.5
 31
0.0
  0
LINE
  5
FC
330
17
100
AcDbEntity
  8
TRUSS
100
AcDbLine
 10
36.41
 20
5.5
 30
0.0
 11
36.91
 21
5.21
 31
0.0
  0
LINE
  5
FD
330
17
100
AcDbEntity
  8
TRUSS
100
AcDbLine
 10
36.91
 20
5.21
 30
0.0
 11
37.41
 21
5.5
 31
0.0
  0
LINE
  5
FE
330
17
100
AcDbEntity
  8
TRUSS
100
AcDbLine
 10
37.41
 20
5.5
 30
0.0
 11
37.91
 21
5.21
 31
0.0
  0
LINE
  5
FF
330
17
100
AcDbEntity
  8
TRUSS
100
AcDbLine
 10
37.91
 20
5.21
 30
0.0
 11
38.41
 21
5.5
 31
0.0
  0
LINE
  5
100
330
17
100
AcDbEntity
  8
PIPE
100
AcDbLine
 10
35.91
 20
3.2
 30
0.0
 11
38.41
 21
3.2
 31
0.0
  0
TEXT
  5
101
330
17
100
AcDbEntity
  8
TXT
100
AcDbText
 10
37.16
 20
5.95
 30
0.0
 40
0.36
  1
F1
 11
37.16
 21
5.95
 31
0.0
100
AcDbText
  0
CIRCLE
  5
102
330
17
100
AcDbEntity
  8
MP
100
AcDbCircle
 10
35.34
 20
4.0
 30
0.0
 40
0.24
  0
LWPOLYLINE
  5
103
330
17
100
AcDbEntity
  8
MP
100
AcDbPolyline
 90
4
 70
1
 10
35.21
 20
3.6
 10
35.47
 20
3.6
 10
35.47
 20
3.7800000000000002
 10
35.21
 20
3.7800000000000002
  0
LWPOLYLINE
  5
104
330
17
100
AcDbEntity
  8
MOLE
100
AcDbPolyline
 90
4
 70
1
 10
35.605000000000004
 20
2.34
 10
35.925
 20
2.34
 10
35.925
 20
2.6599999999999997
 10
35.605000000000004
 20
2.6599999999999997
  0
CIRCLE
  5
105
330
17
100
AcDbEntity
  8
TYP
100
AcDbCircle
 10
36.21
 20
0.14
 30
0.0
 40
0.13
  0
CIRCLE
  5
106
330
17
100
AcDbEntity
  8
TYP
100
AcDbCircle
 10
35.56
 20
0.14
 30
0.0
 40
0.13
  0
CIRCLE
  5
107
330
17
100
AcDbEntity
  8
MP
100
AcDbCircle
 10
38.980000000000004
 20
4.0
 30
0.0
 40
0.24
  0
LWPOLYLINE
  5
108
330
17
100
AcDbEntity
  8
MP
100
AcDbPolyline
 90
4
 70
1
 10
38.85
 20
3.6
 10
39.11
 20
3.6
 10
39.11
 20
3.7800000000000002
 10
38.85
 20
3.7800000000000002
  0
LWPOLYLINE
  5
109
330
17
100
AcDbEntity
  8
MOLE
100
AcDbPolyline
 90
4
 70
1
 10
38.394999999999996
 20
2.34
 10
38.715
 20
2.34
 10
38.715
 20
2.6599999999999997
 10
38.394999999999996
 20
2.6599999999999997
  0
CIRCLE
  5
10A
330
17
100
AcDbEntity
  8
TYP
100
AcDbCircle
 10
38.11
 20
0.14
 30
0.0
 40
0.13
  0
CIRCLE
  5
10B
330
17
100
AcDbEntity
  8
TYP
100
AcDbCircle
 10
38.76
 20
0.14
 30
0.0
 40
0.13
  0
LWPOLYLINE
  5
10C
330
17
100
AcDbEntity
  8
JDC
100
AcDbPolyline
 90
4
 70
1
 10
36.88
 20
5.2299999999999995
 10
37.44
 20
5.2299999999999995
 10
37.44
 20
5.4799999999999995
 10
36.88
 20
5.4799999999999995
  0
CIRCLE
  5
10D
330
17
100
AcDbEntity
  8
LB
100
AcDbCircle
 10
36.36
 20
3.2
 30
0.0
 40
0.14
  0
CIRCLE
  5
10E
330
17
100
AcDbEntity
  8
LB
100
AcDbCircle
 10
37.16
 20
3.2
 30
0.0
 40
0.14
  0
CIRCLE
  5
10F
330
17
100
AcDbEntity
  8
LB
100
AcDbCircle
 10
37.96
 20
3.2
 30
0.0
 40
0.14
  0
LWPOLYLINE
  5
110
330
17
100
AcDbEntity
  8
TRUSS
100
AcDbPolyline
 90
4
 70
1
 10
39.644999999999996
 20
0.0
 10
40.445
 20
0.0
 10
40.445
 20
0.05
 10
39.644999999999996
 20
0.05
  0
LWPOLYLINE
  5
111
330
17
100
AcDbEntity
  8
TRUSS
100
AcDbPolyline
 90
4
 70
1
 10
39.9
 20
0.05
 10
40.19
 20
0.05
 10
40.19
 20
0.20999999999999996
 10
39.9
 20
0.20999999999999996
  0
LINE
  5
112
330
17
100
AcDbEntity
  8
TRUSS
100
AcDbLine
 10
39.9
 20
0.21
 30
0.0
 11
39.9
 21
6.71
 31
0.0
  0
LINE
  5
113
330
17
100
AcDbEntity
  8
TRUSS
100
AcDbLine
 10
40.19
 20
0.21
 30
0.0
 11
40.19
 21
6.71
 31
0.0
  0
LINE
  5
114
330
17
100
AcDbEntity
  8
TRUSS
100
AcDbLine
 10
39.9
 20
0.21
 30
0.0
 11
40.19
 21
0.71
 31
0.0
  0
LINE
  5
115
330
17
100
AcDbEntity
  8
TRUSS
100
AcDbLine
 10
40.19
 20
0.71
 30
0.0
 11
39.9
 21
1.21
 31
0.0
  0
LINE
  5
116
330
17
100
AcDbEntity
  8
TRUSS
100
AcDbLine
 10
39.9
 20
1.21
 30
0.0
 11
40.19
 21
1.71
 31
0.0
  0
LINE
  5
117
330
17
100
AcDbEntity
  8
TRUSS
100
AcDbLine
 10
40.19
 20
1.71
 30
0.0
 11
39.9
 21
2.21
 31
0.0
  0
LINE
  5
118
330
17
100
AcDbEntity
  8
TRUSS
100
AcDbLine
 10
39.9
 20
2.21
 30
0.0
 11
40.19
 21
2.71
 31
0.0
  0
LINE
  5
119
330
17
100
AcDbEntity
  8
TRUSS
100
AcDbLine
 10
40.19
 20
2.71
 30
0.0
 11
39.9
 21
3.21
 31
0.0
  0
LINE
  5
11A
330
17
100
AcDbEntity
  8
TRUSS
100
AcDbLine
 10
39.9
 20
3.21
 30
0.0
 11
40.19
 21
3.71
 31
0.0
  0
LINE
  5
11B
330
17
100
AcDbEntity
  8
TRUSS
100
AcDbLine
 10
40.19
 20
3.71
 30
0.0
 11
39.9
 21
4.21
 31
0.0
  0
LINE
  5
11C
330
17
100
AcDbEntity
  8
TRUSS
100
AcDbLine
 10
39.9
 20
4.21
 30
0.0
 11
40.19
 21
4.71
 31
0.0
  0
LINE
  5
11D
330
17
100
AcDbEntity
  8
TRUSS
100
AcDbLine
 10
40.19
 20
4.71
 30
0.0
 11
39.9
 21
5.21
 31
0.0
  0
LINE
  5
11E
330
17
100
AcDbEntity
  8
TRUSS
100
AcDbLine
 10
39.9
 20
5.21
 30
0.0
 11
40.19
 21
5.71
 31
0.0
  0
LINE
  5
11F
330
17
100
AcDbEntity
  8
TRUSS
100
AcDbLine
 10
40.19
 20
5.71
 30
0.0
 11
39.9
 21
6.21
 31
0.0
  0
LINE
  5
120
330
17
100
AcDbEntity
  8
TRUSS
100
AcDbLine
 10
39.9
 20
6.21
 30
0.0
 11
40.19
 21
6.71
 31
0.0
  0
LINE
  5
121
330
17
100
AcDbEntity
  8
TRUSS
100
AcDbLine
 10
39.85
 20
3.21
 30
0.0
 11
40.24
 21
3.21
 31
0.0
  0
LINE
  5
122
330
17
100
AcDbEntity
  8
TRUSS
100
AcDbLine
 10
39.85
 20
5.21
 30
0.0
 11
40.24
 21
5.21
 31
0.0
  0
LINE
  5
123
330
17
100
AcDbEntity
  8
TRUSS
100
AcDbLine
 10
39.85
 20
6.21
 30
0.0
 11
40.24
 21
6.21
 31
0.0
  0
LWPOLYLINE
  5
124
330
17
100
AcDbEntity
  8
TRUSS
100
AcDbPolyline
 90
4
 70
1
 10
39.9
 20
6.71
 10
40.19
 20
6.71
 10
40.19
 20
7.0
 10
39.9
 20
7.0
  0
LWPOLYLINE
  5
125
330
17
100
AcDbEntity
  8
TRUSS
100
AcDbPolyline
 90
4
 70
1
 10
42.435
 20
0.0
 10
43.235
 20
0.0
 10
43.235
 20
0.05
 10
42.435
 20
0.05
  0
LWPOLYLINE
  5
126
330
17
100
AcDbEntity
  8
TRUSS
100
AcDbPolyline
 90
4
 70
1
 10
42.69
 20
0.05
 10
42.98
 20
0.05
 10
42.98
 20
0.20999999999999996
 10
42.69
 20
0.20999999999999996
  0
LINE
  5
127
330
17
100
AcDbEntity
  8
TRUSS
100
AcDbLine
 10
42.69
 20
0.21
 30
0.0
 11
42.69
 21
6.71
 31
0.0
  0
LINE
  5
128
330
17
100
AcDbEntity
  8
TRUSS
100
AcDbLine
 10
42.98
 20
0.21
 30
0.0
 11
42.98
 21
6.71
 31
0.0
  0
LINE
  5
129
330
17
100
AcDbEntity
  8
TRUSS
100
AcDbLine
 10
42.69
 20
0.21
 30
0.0
 11
42.98
 21
0.71
 31
0.0
  0
LINE
  5
12A
330
17
100
AcDbEntity
  8
TRUSS
100
AcDbLine
 10
42.98
 20
0.71
 30
0.0
 11
42.69
 21
1.21
 31
0.0
  0
LINE
  5
12B
330
17
100
AcDbEntity
  8
TRUSS
100
AcDbLine
 10
42.69
 20
1.21
 30
0.0
 11
42.98
 21
1.71
 31
0.0
  0
LINE
  5
12C
330
17
100
AcDbEntity
  8
TRUSS
100
AcDbLine
 10
42.98
 20
1.71
 30
0.0
 11
42.69
 21
2.21
 31
0.0
  0
LINE
  5
12D
330
17
100
AcDbEntity
  8
TRUSS
100
AcDbLine
 10
42.69
 20
2.21
 30
0.0
 11
42.98
 21
2.71
 31
0.0
  0
LINE
  5
12E
330
17
100
AcDbEntity
  8
TRUSS
100
AcDbLine
 10
42.98
 20
2.71
 30
0.0
 11
42.69
 21
3.21
 31
0.0
  0
LINE
  5
12F
330
17
100
AcDbEntity
  8
TRUSS
100
AcDbLine
 10
42.69
 20
3.21
 30
0.0
 11
42.98
 21
3.71
 31
0.0
  0
LINE
  5
130
330
17
100
AcDbEntity
  8
TRUSS
100
AcDbLine
 10
42.98
 20
3.71
 30
0.0
 11
42.69
 21
4.21
 31
0.0
  0
LINE
  5
131
330
17
100
AcDbEntity
  8
TRUSS
100
AcDbLine
 10
42.69
 20
4.21
 30
0.0
 11
42.98
 21
4.71
 31
0.0
  0
LINE
  5
132
330
17
100
AcDbEntity
  8
TRUSS
100
AcDbLine
 10
42.98
 20
4.71
 30
0.0
 11
42.69
 21
5.21
 31
0.0
  0
LINE
  5
133
330
17
100
AcDbEntity
  8
TRUSS
100
AcDbLine
 10
42.69
 20
5.21
 30
0.0
 11
42.98
 21
5.71
 31
0.0
  0
LINE
  5
134
330
17
100
AcDbEntity
  8
TRUSS
100
AcDbLine
 10
42.98
 20
5.71
 30
0.0
 11
42.69
 21
6.21
 31
0.0
  0
LINE
  5
135
330
17
100
AcDbEntity
  8
TRUSS
100
AcDbLine
 10
42.69
 20
6.21
 30
0.0
 11
42.98
 21
6.71
 31
0.0
  0
LINE
  5
136
330
17
100
AcDbEntity
  8
TRUSS
100
AcDbLine
 10
42.64
 20
3.21
 30
0.0
 11
43.03
 21
3.21
 31
0.0
  0
LINE
  5
137
330
17
100
AcDbEntity
  8
TRUSS
100
AcDbLine
 10
42.64
 20
5.21
 30
0.0
 11
43.03
 21
5.21
 31
0.0
  0
LINE
  5
138
330
17
100
AcDbEntity
  8
TRUSS
100
AcDbLine
 10
42.64
 20
6.21
 30
0.0
 11
43.03
 21
6.21
 31
0.0
  0
LWPOLYLINE
  5
139
330
17
100
AcDbEntity
  8
TRUSS
100
AcDbPolyline
 90
4
 70
1
 10
42.69
 20
6.71
 10
42.98
 20
6.71
 10
42.98
 20
7.0
 10
42.69
 20
7.0
  0
LINE
  5
13A
330
17
100
AcDbEntity
  8
TRUSS
100
AcDbLine
 10
40.19
 20
6.71
 30
0.0
 11
42.69
 21
6.71
 31
0.0
  0
LINE
  5
13B
330
17
100
AcDbEntity
  8
TRUSS
100
AcDbLine
 10
40.19
 20
7.0
 30
0.0
 11
42.69
 21
7.0
 31
0.0
  0
LINE
  5
13C
330
17
100
AcDbEntity
  8
TRUSS
100
AcDbLine
 10
40.19
 20
6.71
 30
0.0
 11
40.69
 21
7.0
 31
0.0
  0
LINE
  5
13D
330
17
100
AcDbEntity
  8
TRUSS
100
AcDbLine
 10
40.69
 20
7.0
 30
0.0
 11
41.19
 21
6.71
 31
0.0
  0
LINE
  5
13E
330
17
100
AcDbEntity
  8
TRUSS
100
AcDbLine
 10
41.19
 20
6.71
 30
0.0
 11
41.69
 21
7.0
 31
0.0
  0
LINE
  5
13F
330
17
100
AcDbEntity
  8
TRUSS
100
AcDbLine
 10
41.69
 20
7.0
 30
0.0
 11
42.19
 21
6.71
 31
0.0
  0
LINE
  5
140
330
17
100
AcDbEntity
  8
TRUSS
100
AcDbLine
 10
42.19
 20
6.71
 30
0.0
 11
42.69
 21
7.0
 31
0.0
  0
LINE
  5
141
330
17
100
AcDbEntity
  8
PIPE
100
AcDbLine
 10
40.19
 20
3.0
 30
0.0
 11
42.69
 21
3.0
 31
0.0
  0
LINE
  5
142
330
17
100
AcDbEntity
  8
PIPE
100
AcDbLine
 10
40.19
 20
5.0
 30
0.0
 11
42.69
 21
5.0
 31
0.0
  0
TEXT
  5
143
330
17
100
AcDbEntity
  8
TXT
100
AcDbText
 10
41.44
 20
7.45
 30
0.0
 40
0.36
  1
F2
 11
41.44
 21
7.45
 31
0.0
100
AcDbText
  0
CIRCLE
  5
144
330
17
100
AcDbEntity
  8
MP
100
AcDbCircle
 10
39.62
 20
5.5
 30
0.0
 40
0.24
  0
LWPOLYLINE
  5
145
330
17
100
AcDbEntity
  8
MP
100
AcDbPolyline
 90
4
 70
1
 10
39.489999999999995
 20
5.1
 10
39.75
 20
5.1
 10
39.75
 20
5.279999999999999
 10
39.489999999999995
 20
5.279999999999999
  0
LWPOLYLINE
  5
146
330
17
100
AcDbEntity
  8
MOLE
100
AcDbPolyline
 90
4
 70
1
 10
39.885
 20
2.34
 10
40.205
 20
2.34
 10
40.205
 20
2.6599999999999997
 10
39.885
 20
2.6599999999999997
  0
CIRCLE
  5
147
330
17
100
AcDbEntity
  8
TYP
100
AcDbCircle
 10
40.49
 20
0.14
 30
0.0
 40
0.13
  0
CIRCLE
  5
148
330
17
100
AcDbEntity
  8
TYP
100
AcDbCircle
 10
39.84
 20
0.14
 30
0.0
 40
0.13
  0
CIRCLE
  5
149
330
17
100
AcDbEntity
  8
MP
100
AcDbCircle
 10
43.26
 20
5.5
 30
0.0
 40
0.24
  0
LWPOLYLINE
  5
14A
330
17
100
AcDbEntity
  8
MP
100
AcDbPolyline
 90
4
 70
1
 10
43.13
 20
5.1
 10
43.39
 20
5.1
 10
43.39
 20
5.279999999999999
 10
43.13
 20
5.279999999999999
  0
LWPOLYLINE
  5
14B
330
17
100
AcDbEntity
  8
MOLE
100
AcDbPolyline
 90
4
 70
1
 10
42.675
 20
2.34
 10
42.995
 20
2.34
 10
42.995
 20
2.6599999999999997
 10
42.675
 20
2.6599999999999997
  0
CIRCLE
  5
14C
330
17
100
AcDbEntity
  8
TYP
100
AcDbCircle
 10
42.39
 20
0.14
 30
0.0
 40
0.13
  0
CIRCLE
  5
14D
330
17
100
AcDbEntity
  8
TYP
100
AcDbCircle
 10
43.04
 20
0.14
 30
0.0
 40
0.13
  0
LWPOLYLINE
  5
14E
330
17
100
AcDbEntity
  8
JDC
100
AcDbPolyline
 90
4
 70
1
 10
41.16
 20
6.7299999999999995
 10
41.72
 20
6.7299999999999995
 10
41.72
 20
6.9799999999999995
 10
41.16
 20
6.9799999999999995
  0
CIRCLE
  5
14F
330
17
100
AcDbEntity
  8
LB
100
AcDbCircle
 10
40.94
 20
3.0
 30
0.0
 40
0.14
  0
CIRCLE
  5
150
330
17
100
AcDbEntity
  8
LB
100
AcDbCircle
 10
41.94
 20
3.0
 30
0.0
 40
0.14
  0
CIRCLE
  5
151
330
17
100
AcDbEntity
  8
LB
100
AcDbCircle
 10
40.94
 20
5.0
 30
0.0
 40
0.14
  0
CIRCLE
  5
152
330
17
100
AcDbEntity
  8
LB
100
AcDbCircle
 10
41.94
 20
5.0
 30
0.0
 40
0.14
  0
LWPOLYLINE
  5
153
330
17
100
AcDbEntity
  8
TRUSS
100
AcDbPolyline
 90
4
 70
1
 10
43.925
 20
0.0
 10
44.725
 20
0.0
 10
44.725
 20
0.05
 10
43.925
 20
0.05
  0
LWPOLYLINE
  5
154
330
17
100
AcDbEntity
  8
TRUSS
100
AcDbPolyline
 90
4
 70
1
 10
44.18
 20
0.05
 10
44.47
 20
0.05
 10
44.47
 20
0.20999999999999996
 10
44.18
 20
0.20999999999999996
  0
LINE
  5
155
330
17
100
AcDbEntity
  8
TRUSS
100
AcDbLine
 10
44.18
 20
0.21
 30
0.0
 11
44.18
 21
8.21
 31
0.0
  0
LINE
  5
156
330
17
100
AcDbEntity
  8
TRUSS
100
AcDbLine
 10
44.47
 20
0.21
 30
0.0
 11
44.47
 21
8.21
 31
0.0
  0
LINE
  5
157
330
17
100
AcDbEntity
  8
TRUSS
100
AcDbLine
 10
44.18
 20
0.21
 30
0.0
 11
44.47
 21
0.71
 31
0.0
  0
LINE
  5
158
330
17
100
AcDbEntity
  8
TRUSS
100
AcDbLine
 10
44.47
 20
0.71
 30
0.0
 11
44.18
 21
1.21
 31
0.0
  0
LINE
  5
159
330
17
100
AcDbEntity
  8
TRUSS
100
AcDbLine
 10
44.18
 20
1.21
 30
0.0
 11
44.47
 21
1.71
 31
0.0
  0
LINE
  5
15A
330
17
100
AcDbEntity
  8
TRUSS
100
AcDbLine
 10
44.47
 20
1.71
 30
0.0
 11
44.18
 21
2.21
 31
0.0
  0
LINE
  5
15B
330
17
100
AcDbEntity
  8
TRUSS
100
AcDbLine
 10
44.18
 20
2.21
 30
0.0
 11
44.47
 21
2.71
 31
0.0
  0
LINE
  5
15C
330
17
100
AcDbEntity
  8
TRUSS
100
AcDbLine
 10
44.47
 20
2.71
 30
0.0
 11
44.18
 21
3.21
 31
0.0
  0
LINE
  5
15D
330
17
100
AcDbEntity
  8
TRUSS
100
AcDbLine
 10
44.18
 20
3.21
 30
0.0
 11
44.47
 21
3.71
 31
0.0
  0
LINE
  5
15E
330
17
100
AcDbEntity
  8
TRUSS
100
AcDbLine
 10
44.47
 20
3.71
 30
0.0
 11
44.18
 21
4.21
 31
0.0
  0
LINE
  5
15F
330
17
100
AcDbEntity
  8
TRUSS
100
AcDbLine
 10
44.18
 20
4.21
 30
0.0
 11
44.47
 21
4.71
 31
0.0
  0
LINE
  5
160
330
17
100
AcDbEntity
  8
TRUSS
100
AcDbLine
 10
44.47
 20
4.71
 30
0.0
 11
44.18
 21
5.21
 31
0.0
  0
LINE
  5
161
330
17
100
AcDbEntity
  8
TRUSS
100
AcDbLine
 10
44.18
 20
5.21
 30
0.0
 11
44.47
 21
5.71
 31
0.0
  0
LINE
  5
162
330
17
100
AcDbEntity
  8
TRUSS
100
AcDbLine
 10
44.47
 20
5.71
 30
0.0
 11
44.18
 21
6.21
 31
0.0
  0
LINE
  5
163
330
17
100
AcDbEntity
  8
TRUSS
100
AcDbLine
 10
44.18
 20
6.21
 30
0.0
 11
44.47
 21
6.71
 31
0.0
  0
LINE
  5
164
330
17
100
AcDbEntity
  8
TRUSS
100
AcDbLine
 10
44.47
 20
6.71
 30
0.0
 11
44.18
 21
7.21
 31
0.0
  0
LINE
  5
165
330
17
100
AcDbEntity
  8
TRUSS
100
AcDbLine
 10
44.18
 20
7.21
 30
0.0
 11
44.47
 21
7.71
 31
0.0
  0
LINE
  5
166
330
17
100
AcDbEntity
  8
TRUSS
100
AcDbLine
 10
44.47
 20
7.71
 30
0.0
 11
44.18
 21
8.21
 31
0.0
  0
LINE
  5
167
330
17
100
AcDbEntity
  8
TRUSS
100
AcDbLine
 10
44.13
 20
3.21
 30
0.0
 11
44.519999999999996
 21
3.21
 31
0.0
  0
LINE
  5
168
330
17
100
AcDbEntity
  8
TRUSS
100
AcDbLine
 10
44.13
 20
6.21
 30
0.0
 11
44.519999999999996
 21
6.21
 31
0.0
  0
LWPOLYLINE
  5
169
330
17
100
AcDbEntity
  8
TRUSS
100
AcDbPolyline
 90
4
 70
1
 10
44.18
 20
8.21
 10
44.47
 20
8.21
 10
44.47
 20
8.5
 10
44.18
 20
8.5
  0
LWPOLYLINE
  5
16A
330
17
100
AcDbEntity
  8
TRUSS
100
AcDbPolyline
 90
4
 70
1
 10
46.715
 20
0.0
 10
47.515
 20
0.0
 10
47.515
 20
0.05
 10
46.715
 20
0.05
  0
LWPOLYLINE
  5
16B
330
17
100
AcDbEntity
  8
TRUSS
100
AcDbPolyline
 90
4
 70
1
 10
46.97
 20
0.05
 10
47.26
 20
0.05
 10
47.26
 20
0.20999999999999996
 10
46.97
 20
0.20999999999999996
  0
LINE
  5
16C
330
17
100
AcDbEntity
  8
TRUSS
100
AcDbLine
 10
46.97
 20
0.21
 30
0.0
 11
46.97
 21
8.21
 31
0.0
  0
LINE
  5
16D
330
17
100
AcDbEntity
  8
TRUSS
100
AcDbLine
 10
47.26
 20
0.21
 30
0.0
 11
47.26
 21
8.21
 31
0.0
  0
LINE
  5
16E
330
17
100
AcDbEntity
  8
TRUSS
100
AcDbLine
 10
46.97
 20
0.21
 30
0.0
 11
47.26
 21
0.71
 31
0.0
  0
LINE
  5
16F
330
17
100
AcDbEntity
  8
TRUSS
100
AcDbLine
 10
47.26
 20
0.71
 30
0.0
 11
46.97
 21
1.21
 31
0.0
  0
LINE
  5
170
330
17
100
AcDbEntity
  8
TRUSS
100
AcDbLine
 10
46.97
 20
1.21
 30
0.0
 11
47.26
 21
1.71
 31
0.0
  0
LINE
  5
171
330
17
100
AcDbEntity
  8
TRUSS
100
AcDbLine
 10
47.26
 20
1.71
 30
0.0
 11
46.97
 21
2.21
 31
0.0
  0
LINE
  5
172
330
17
100
AcDbEntity
  8
TRUSS
100
AcDbLine
 10
46.97
 20
2.21
 30
0.0
 11
47.26
 21
2.71
 31
0.0
  0
LINE
  5
173
330
17
100
AcDbEntity
  8
TRUSS
100
AcDbLine
 10
47.26
 20
2.71
 30
0.0
 11
46.97
 21
3.21
 31
0.0
  0
LINE
  5
174
330
17
100
AcDbEntity
  8
TRUSS
100
AcDbLine
 10
46.97
 20
3.21
 30
0.0
 11
47.26
 21
3.71
 31
0.0
  0
LINE
  5
175
330
17
100
AcDbEntity
  8
TRUSS
100
AcDbLine
 10
47.26
 20
3.71
 30
0.0
 11
46.97
 21
4.21
 31
0.0
  0
LINE
  5
176
330
17
100
AcDbEntity
  8
TRUSS
100
AcDbLine
 10
46.97
 20
4.21
 30
0.0
 11
47.26
 21
4.71
 31
0.0
  0
LINE
  5
177
330
17
100
AcDbEntity
  8
TRUSS
100
AcDbLine
 10
47.26
 20
4.71
 30
0.0
 11
46.97
 21
5.21
 31
0.0
  0
LINE
  5
178
330
17
100
AcDbEntity
  8
TRUSS
100
AcDbLine
 10
46.97
 20
5.21
 30
0.0
 11
47.26
 21
5.71
 31
0.0
  0
LINE
  5
179
330
17
100
AcDbEntity
  8
TRUSS
100
AcDbLine
 10
47.26
 20
5.71
 30
0.0
 11
46.97
 21
6.21
 31
0.0
  0
LINE
  5
17A
330
17
100
AcDbEntity
  8
TRUSS
100
AcDbLine
 10
46.97
 20
6.21
 30
0.0
 11
47.26
 21
6.71
 31
0.0
  0
LINE
  5
17B
330
17
100
AcDbEntity
  8
TRUSS
100
AcDbLine
 10
47.26
 20
6.71
 30
0.0
 11
46.97
 21
7.21
 31
0.0
  0
LINE
  5
17C
330
17
100
AcDbEntity
  8
TRUSS
100
AcDbLine
 10
46.97
 20
7.21
 30
0.0
 11
47.26
 21
7.71
 31
0.0
  0
LINE
  5
17D
330
17
100
AcDbEntity
  8
TRUSS
100
AcDbLine
 10
47.26
 20
7.71
 30
0.0
 11
46.97
 21
8.21
 31
0.0
  0
LINE
  5
17E
330
17
100
AcDbEntity
  8
TRUSS
100
AcDbLine
 10
46.92
 20
3.21
 30
0.0
 11
47.31
 21
3.21
 31
0.0
  0
LINE
  5
17F
330
17
100
AcDbEntity
  8
TRUSS
100
AcDbLine
 10
46.92
 20
6.21
 30
0.0
 11
47.31
 21
6.21
 31
0.0
  0
LWPOLYLINE
  5
180
330
17
100
AcDbEntity
  8
TRUSS
100
AcDbPolyline
 90
4
 70
1
 10
46.97
 20
8.21
 10
47.26
 20
8.21
 10
47.26
 20
8.5
 10
46.97
 20
8.5
  0
LINE
  5
181
330
17
100
AcDbEntity
  8
TRUSS
100
AcDbLine
 10
44.47
 20
8.21
 30
0.0
 11
46.97
 21
8.21
 31
0.0
  0
LINE
  5
182
330
17
100
AcDbEntity
  8
TRUSS
100
AcDbLine
 10
44.47
 20
8.5
 30
0.0
 11
46.97
 21
8.5
 31
0.0
  0
LINE
  5
183
330
17
100
AcDbEntity
  8
TRUSS
100
AcDbLine
 10
44.47
 20
8.21
 30
0.0
 11
44.97
 21
8.5
 31
0.0
  0
LINE
  5
184
330
17
100
AcDbEntity
  8
TRUSS
100
AcDbLine
 10
44.97
 20
8.5
 30
0.0
 11
45.47
 21
8.21
 31
0.0
  0
LINE
  5
185
330
17
100
AcDbEntity
  8
TRUSS
100
AcDbLine
 10
45.47
 20
8.21
 30
0.0
 11
45.97
 21
8.5
 31
0.0
  0
LINE
  5
186
330
17
100
AcDbEntity
  8
TRUSS
100
AcDbLine
 10
45.97
 20
8.5
 30
0.0
 11
46.47
 21
8.21
 31
0.0
  0
LINE
  5
187
330
17
100
AcDbEntity
  8
TRUSS
100
AcDbLine
 10
46.47
 20
8.21
 30
0.0
 11
46.97
 21
8.5
 31
0.0
  0
LINE
  5
188
330
17
100
AcDbEntity
  8
PIPE
100
AcDbLine
 10
44.47
 20
3.5
 30
0.0
 11
46.97
 21
3.5
 31
0.0
  0
LINE
  5
189
330
17
100
AcDbEntity
  8
PIPE
100
AcDbLine
 10
44.47
 20
6.0
 30
0.0
 11
46.97
 21
6.0
 31
0.0
  0
TEXT
  5
18A
330
17
100
AcDbEntity
  8
TXT
100
AcDbText
 10
45.72
 20
8.95
 30
0.0
 40
0.36
  1
F3
 11
45.72
 21
8.95
 31
0.0
100
AcDbText
  0
LWPOLYLINE
  5
18B
330
17
100
AcDbEntity
  8
PA
100
AcDbPolyline
 90
4
 70
1
 10
45.17
 20
7.26
 10
46.27
 20
7.26
 10
46.27
 20
7.4799999999999995
 10
45.17
 20
7.4799999999999995
  0
LWPOLYLINE
  5
18C
330
17
100
AcDbEntity
  8
PA
100
AcDbPolyline
 90
4
 70
1
 10
45.158
 20
7.0
 10
46.282
 20
7.0
 10
46.282
 20
7.22
 10
45.158
 20
7.22
  0
LWPOLYLINE
  5
18D
330
17
100
AcDbEntity
  8
PA
100
AcDbPolyline
 90
4
 70
1
 10
45.146
 20
6.74
 10
46.294
 20
6.74
 10
46.294
 20
6.96
 10
45.146
 20
6.96
  0
LWPOLYLINE
  5
18E
330
17
100
AcDbEntity
  8
PA
100
AcDbPolyline
 90
4
 70
1
 10
45.134
 20
6.4799999999999995
 10
46.306
 20
6.4799999999999995
 10
46.306
 20
6.699999999999999
 10
45.134
 20
6.699999999999999
  0
LWPOLYLINE
  5
18F
330
17
100
AcDbEntity
  8
PA
100
AcDbPolyline
 90
4
 70
1
 10
45.122
 20
6.22
 10
46.318
 20
6.22
 10
46.318
 20
6.4399999999999995
 10
45.122
 20
6.4399999999999995
  0
LWPOLYLINE
  5
190
330
17
100
AcDbEntity
  8
PA
100
AcDbPolyline
 90
4
 70
1
 10
45.11
 20
5.96
 10
46.33
 20
5.96
 10
46.33
 20
6.18
 10
45.11
 20
6.18
  0
LWPOLYLINE
  5
191
330
17
100
AcDbEntity
  8
PA
100
AcDbPolyline
 90
4
 70
1
 10
45.098
 20
5.699999999999999
 10
46.342
 20
5.699999999999999
 10
46.342
 20
5.919999999999999
 10
45.098
 20
5.919999999999999
  0
LWPOLYLINE
  5
192
330
17
100
AcDbEntity
  8
PA
100
AcDbPolyline
 90
4
 70
1
 10
45.086
 20
5.4399999999999995
 10
46.354
 20
5.4399999999999995
 10
46.354
 20
5.659999999999999
 10
45.086
 20
5.659999999999999
  0
LINE
  5
193
330
17
100
AcDbEntity
  8
PA
100
AcDbLine
 10
45.72
 20
8.21
 30
0.0
 11
45.72
 21
7.5
 31
0.0
  0
CIRCLE
  5
194
330
17
100
AcDbEntity
  8
MP
100
AcDbCircle
 10
43.9
 20
6.5
 30
0.0
 40
0.24
  0
LWPOLYLINE
  5
195
330
17
100
AcDbEntity
  8
MP
100
AcDbPolyline
 90
4
 70
1
 10
43.769999999999996
 20
6.1
 10
44.03
 20
6.1
 10
44.03
 20
6.279999999999999
 10
43.769999999999996
 20
6.279999999999999
  0
LWPOLYLINE
  5
196
330
17
100
AcDbEntity
  8
MOLE
100
AcDbPolyline
 90
4
 70
1
 10
44.165
 20
2.34
 10
44.485
 20
2.34
 10
44.485
 20
2.6599999999999997
 10
44.165
 20
2.6599999999999997
  0
CIRCLE
  5
197
330
17
100
AcDbEntity
  8
TYP
100
AcDbCircle
 10
44.769999999999996
 20
0.14
 30
0.0
 40
0.13
  0
CIRCLE
  5
198
330
17
100
AcDbEntity
  8
TYP
100
AcDbCircle
 10
44.12
 20
0.14
 30
0.0
 40
0.13
  0
CIRCLE
  5
199
330
17
100
AcDbEntity
  8
MP
100
AcDbCircle
 10
47.54
 20
6.5
 30
0.0
 40
0.24
  0
LWPOLYLINE
  5
19A
330
17
100
AcDbEntity
  8
MP
100
AcDbPolyline
 90
4
 70
1
 10
47.41
 20
6.1
 10
47.67
 20
6.1
 10
47.67
 20
6.279999999999999
 10
47.41
 20
6.279999999999999
  0
LWPOLYLINE
  5
19B
330
17
100
AcDbEntity
  8
MOLE
100
AcDbPolyline
 90
4
 70
1
 10
46.955
 20
2.34
 10
47.275
 20
2.34
 10
47.275
 20
2.6599999999999997
 10
46.955
 20
2.6599999999999997
  0
CIRCLE
  5
19C
330
17
100
AcDbEntity
  8
TYP
100
AcDbCircle
 10
46.67
 20
0.14
 30
0.0
 40
0.13
  0
CIRCLE
  5
19D
330
17
100
AcDbEntity
  8
TYP
100
AcDbCircle
 10
47.32
 20
0.14
 30
0.0
 40
0.13
  0
LWPOLYLINE
  5
19E
330
17
100
AcDbEntity
  8
JDC
100
AcDbPolyline
 90
4
 70
1
 10
45.44
 20
8.23
 10
46.0
 20
8.23
 10
46.0
 20
8.48
 10
45.44
 20
8.48
  0
CIRCLE
  5
19F
330
17
100
AcDbEntity
  8
LB
100
AcDbCircle
 10
44.92
 20
3.5
 30
0.0
 40
0.14
  0
CIRCLE
  5
1A0
330
17
100
AcDbEntity
  8
LB
100
AcDbCircle
 10
45.72
 20
3.5
 30
0.0
 40
0.14
  0
CIRCLE
  5
1A1
330
17
100
AcDbEntity
  8
LB
100
AcDbCircle
 10
46.519999999999996
 20
3.5
 30
0.0
 40
0.14
  0
CIRCLE
  5
1A2
330
17
100
AcDbEntity
  8
LB
100
AcDbCircle
 10
45.22
 20
6.0
 30
0.0
 40
0.14
  0
CIRCLE
  5
1A3
330
17
100
AcDbEntity
  8
LB
100
AcDbCircle
 10
46.22
 20
6.0
 30
0.0
 40
0.14
  0
LWPOLYLINE
  5
1A4
330
17
100
AcDbEntity
  8
TRUSS
100
AcDbPolyline
 90
4
 70
1
 10
48.205
 20
0.0
 10
49.005
 20
0.0
 10
49.005
 20
0.05
 10
48.205
 20
0.05
  0
LWPOLYLINE
  5
1A5
330
17
100
AcDbEntity
  8
TRUSS
100
AcDbPolyline
 90
4
 70
1
 10
48.46
 20
0.05
 10
48.75
 20
0.05
 10
48.75
 20
0.20999999999999996
 10
48.46
 20
0.20999999999999996
  0
LINE
  5
1A6
330
17
100
AcDbEntity
  8
TRUSS
100
AcDbLine
 10
48.46
 20
0.21
 30
0.0
 11
48.46
 21
9.71
 31
0.0
  0
LINE
  5
1A7
330
17
100
AcDbEntity
  8
TRUSS
100
AcDbLine
 10
48.75
 20
0.21
 30
0.0
 11
48.75
 21
9.71
 31
0.0
  0
LINE
  5
1A8
330
17
100
AcDbEntity
  8
TRUSS
100
AcDbLine
 10
48.46
 20
0.21
 30
0.0
 11
48.75
 21
0.71
 31
0.0
  0
LINE
  5
1A9
330
17
100
AcDbEntity
  8
TRUSS
100
AcDbLine
 10
48.75
 20
0.71
 30
0.0
 11
48.46
 21
1.21
 31
0.0
  0
LINE
  5
1AA
330
17
100
AcDbEntity
  8
TRUSS
100
AcDbLine
 10
48.46
 20
1.21
 30
0.0
 11
48.75
 21
1.71
 31
0.0
  0
LINE
  5
1AB
330
17
100
AcDbEntity
  8
TRUSS
100
AcDbLine
 10
48.75
 20
1.71
 30
0.0
 11
48.46
 21
2.21
 31
0.0
  0
LINE
  5
1AC
330
17
100
AcDbEntity
  8
TRUSS
100
AcDbLine
 10
48.46
 20
2.21
 30
0.0
 11
48.75
 21
2.71
 31
0.0
  0
LINE
  5
1AD
330
17
100
AcDbEntity
  8
TRUSS
100
AcDbLine
 10
48.75
 20
2.71
 30
0.0
 11
48.46
 21
3.21
 31
0.0
  0
LINE
  5
1AE
330
17
100
AcDbEntity
  8
TRUSS
100
AcDbLine
 10
48.46
 20
3.21
 30
0.0
 11
48.75
 21
3.71
 31
0.0
  0
LINE
  5
1AF
330
17
100
AcDbEntity
  8
TRUSS
100
AcDbLine
 10
48.75
 20
3.71
 30
0.0
 11
48.46
 21
4.21
 31
0.0
  0
LINE
  5
1B0
330
17
100
AcDbEntity
  8
TRUSS
100
AcDbLine
 10
48.46
 20
4.21
 30
0.0
 11
48.75
 21
4.71
 31
0.0
  0
LINE
  5
1B1
330
17
100
AcDbEntity
  8
TRUSS
100
AcDbLine
 10
48.75
 20
4.71
 30
0.0
 11
48.46
 21
5.21
 31
0.0
  0
LINE
  5
1B2
330
17
100
AcDbEntity
  8
TRUSS
100
AcDbLine
 10
48.46
 20
5.21
 30
0.0
 11
48.75
 21
5.71
 31
0.0
  0
LINE
  5
1B3
330
17
100
AcDbEntity
  8
TRUSS
100
AcDbLine
 10
48.75
 20
5.71
 30
0.0
 11
48.46
 21
6.21
 31
0.0
  0
LINE
  5
1B4
330
17
100
AcDbEntity
  8
TRUSS
100
AcDbLine
 10
48.46
 20
6.21
 30
0.0
 11
48.75
 21
6.71
 31
0.0
  0
LINE
  5
1B5
330
17
100
AcDbEntity
  8
TRUSS
100
AcDbLine
 10
48.75
 20
6.71
 30
0.0
 11
48.46
 21
7.21
 31
0.0
  0
LINE
  5
1B6
330
17
100
AcDbEntity
  8
TRUSS
100
AcDbLine
 10
48.46
 20
7.21
 30
0.0
 11
48.75
 21
7.71
 31
0.0
  0
LINE
  5
1B7
330
17
100
AcDbEntity
  8
TRUSS
100
AcDbLine
 10
48.75
 20
7.71
 30
0.0
 11
48.46
 21
8.21
 31
0.0
  0
LINE
  5
1B8
330
17
100
AcDbEntity
  8
TRUSS
100
AcDbLine
 10
48.46
 20
8.21
 30
0.0
 11
48.75
 21
8.71
 31
0.0
  0
LINE
  5
1B9
330
17
100
AcDbEntity
  8
TRUSS
100
AcDbLine
 10
48.75
 20
8.71
 30
0.0
 11
48.46
 21
9.21
 31
0.0
  0
LINE
  5
1BA
330
17
100
AcDbEntity
  8
TRUSS
100
AcDbLine
 10
48.46
 20
9.21
 30
0.0
 11
48.75
 21
9.71
 31
0.0
  0
LINE
  5
1BB
330
17
100
AcDbEntity
  8
TRUSS
100
AcDbLine
 10
48.41
 20
3.21
 30
0.0
 11
48.8
 21
3.21
 31
0.0
  0
LINE
  5
1BC
330
17
100
AcDbEntity
  8
TRUSS
100
AcDbLine
 10
48.41
 20
6.21
 30
0.0
 11
48.8
 21
6.21
 31
0.0
  0
LINE
  5
1BD
330
17
100
AcDbEntity
  8
TRUSS
100
AcDbLine
 10
48.41
 20
8.21
 30
0.0
 11
48.8
 21
8.21
 31
0.0
  0
LINE
  5
1BE
330
17
100
AcDbEntity
  8
TRUSS
100
AcDbLine
 10
48.41
 20
9.21
 30
0.0
 11
48.8
 21
9.21
 31
0.0
  0
LWPOLYLINE
  5
1BF
330
17
100
AcDbEntity
  8
TRUSS
100
AcDbPolyline
 90
4
 70
1
 10
48.46
 20
9.71
 10
48.75
 20
9.71
 10
48.75
 20
10.0
 10
48.46
 20
10.0
  0
LWPOLYLINE
  5
1C0
330
17
100
AcDbEntity
  8
TRUSS
100
AcDbPolyline
 90
4
 70
1
 10
50.995
 20
0.0
 10
51.795
 20
0.0
 10
51.795
 20
0.05
 10
50.995
 20
0.05
  0
LWPOLYLINE
  5
1C1
330
17
100
AcDbEntity
  8
TRUSS
100
AcDbPolyline
 90
4
 70
1
 10
51.25
 20
0.05
 10
51.54
 20
0.05
 10
51.54
 20
0.20999999999999996
 10
51.25
 20
0.20999999999999996
  0
LINE
  5
1C2
330
17
100
AcDbEntity
  8
TRUSS
100
AcDbLine
 10
51.25
 20
0.21
 30
0.0
 11
51.25
 21
9.71
 31
0.0
  0
LINE
  5
1C3
330
17
100
AcDbEntity
  8
TRUSS
100
AcDbLine
 10
51.54
 20
0.21
 30
0.0
 11
51.54
 21
9.71
 31
0.0
  0
LINE
  5
1C4
330
17
100
AcDbEntity
  8
TRUSS
100
AcDbLine
 10
51.25
 20
0.21
 30
0.0
 11
51.54
 21
0.71
 31
0.0
  0
LINE
  5
1C5
330
17
100
AcDbEntity
  8
TRUSS
100
AcDbLine
 10
51.54
 20
0.71
 30
0.0
 11
51.25
 21
1.21
 31
0.0
  0
LINE
  5
1C6
330
17
100
AcDbEntity
  8
TRUSS
100
AcDbLine
 10
51.25
 20
1.21
 30
0.0
 11
51.54
 21
1.71
 31
0.0
  0
LINE
  5
1C7
330
17
100
AcDbEntity
  8
TRUSS
100
AcDbLine
 10
51.54
 20
1.71
 30
0.0
 11
51.25
 21
2.21
 31
0.0
  0
LINE
  5
1C8
330
17
100
AcDbEntity
  8
TRUSS
100
AcDbLine
 10
51.25
 20
2.21
 30
0.0
 11
51.54
 21
2.71
 31
0.0
  0
LINE
  5
1C9
330
17
100
AcDbEntity
  8
TRUSS
100
AcDbLine
 10
51.54
 20
2.71
 30
0.0
 11
51.25
 21
3.21
 31
0.0
  0
LINE
  5
1CA
330
17
100
AcDbEntity
  8
TRUSS
100
AcDbLine
 10
51.25
 20
3.21
 30
0.0
 11
51.54
 21
3.71
 31
0.0
  0
LINE
  5
1CB
330
17
100
AcDbEntity
  8
TRUSS
100
AcDbLine
 10
51.54
 20
3.71
 30
0.0
 11
51.25
 21
4.21
 31
0.0
  0
LINE
  5
1CC
330
17
100
AcDbEntity
  8
TRUSS
100
AcDbLine
 10
51.25
 20
4.21
 30
0.0
 11
51.54
 21
4.71
 31
0.0
  0
LINE
  5
1CD
330
17
100
AcDbEntity
  8
TRUSS
100
AcDbLine
 10
51.54
 20
4.71
 30
0.0
 11
51.25
 21
5.21
 31
0.0
  0
LINE
  5
1CE
330
17
100
AcDbEntity
  8
TRUSS
100
AcDbLine
 10
51.25
 20
5.21
 30
0.0
 11
51.54
 21
5.71
 31
0.0
  0
LINE
  5
1CF
330
17
100
AcDbEntity
  8
TRUSS
100
AcDbLine
 10
51.54
 20
5.71
 30
0.0
 11
51.25
 21
6.21
 31
0.0
  0
LINE
  5
1D0
330
17
100
AcDbEntity
  8
TRUSS
100
AcDbLine
 10
51.25
 20
6.21
 30
0.0
 11
51.54
 21
6.71
 31
0.0
  0
LINE
  5
1D1
330
17
100
AcDbEntity
  8
TRUSS
100
AcDbLine
 10
51.54
 20
6.71
 30
0.0
 11
51.25
 21
7.21
 31
0.0
  0
LINE
  5
1D2
330
17
100
AcDbEntity
  8
TRUSS
100
AcDbLine
 10
51.25
 20
7.21
 30
0.0
 11
51.54
 21
7.71
 31
0.0
  0
LINE
  5
1D3
330
17
100
AcDbEntity
  8
TRUSS
100
AcDbLine
 10
51.54
 20
7.71
 30
0.0
 11
51.25
 21
8.21
 31
0.0
  0
LINE
  5
1D4
330
17
100
AcDbEntity
  8
TRUSS
100
AcDbLine
 10
51.25
 20
8.21
 30
0.0
 11
51.54
 21
8.71
 31
0.0
  0
LINE
  5
1D5
330
17
100
AcDbEntity
  8
TRUSS
100
AcDbLine
 10
51.54
 20
8.71
 30
0.0
 11
51.25
 21
9.21
 31
0.0
  0
LINE
  5
1D6
330
17
100
AcDbEntity
  8
TRUSS
100
AcDbLine
 10
51.25
 20
9.21
 30
0.0
 11
51.54
 21
9.71
 31
0.0
  0
LINE
  5
1D7
330
17
100
AcDbEntity
  8
TRUSS
100
AcDbLine
 10
51.2
 20
3.21
 30
0.0
 11
51.59
 21
3.21
 31
0.0
  0
LINE
  5
1D8
330
17
100
AcDbEntity
  8
TRUSS
100
AcDbLine
 10
51.2
 20
6.21
 30
0.0
 11
51.59
 21
6.21
 31
0.0
  0
LINE
  5
1D9
330
17
100
AcDbEntity
  8
TRUSS
100
AcDbLine
 10
51.2
 20
8.21
 30
0.0
 11
51.59
 21
8.21
 31
0.0
  0
LINE
  5
1DA
330
17
100
AcDbEntity
  8
TRUSS
100
AcDbLine
 10
51.2
 20
9.21
 30
0.0
 11
51.59
 21
9.21
 31
0.0
  0
LWPOLYLINE
  5
1DB
330
17
100
AcDbEntity
  8
TRUSS
100
AcDbPolyline
 90
4
 70
1
 10
51.25
 20
9.71
 10
51.54
 20
9.71
 10
51.54
 20
10.0
 10
51.25
 20
10.0
  0
LINE
  5
1DC
330
17
100
AcDbEntity
  8
TRUSS
100
AcDbLine
 10
48.75
 20
9.71
 30
0.0
 11
51.25
 21
9.71
 31
0.0
  0
LINE
  5
1DD
330
17
100
AcDbEntity
  8
TRUSS
100
AcDbLine
 10
48.75
 20
10.0
 30
0.0
 11
51.25
 21
10.0
 31
0.0
  0
LINE
  5
1DE
330
17
100
AcDbEntity
  8
TRUSS
100
AcDbLine
 10
48.75
 20
9.71
 30
0.0
 11
49.25
 21
10.0
 31
0.0
  0
LINE
  5
1DF
330
17
100
AcDbEntity
  8
TRUSS
100
AcDbLine
 10
49.25
 20
10.0
 30
0.0
 11
49.75
 21
9.71
 31
0.0
  0
LINE
  5
1E0
330
17
100
AcDbEntity
  8
TRUSS
100
AcDbLine
 10
49.75
 20
9.71
 30
0.0
 11
50.25
 21
10.0
 31
0.0
  0
LINE
  5
1E1
330
17
100
AcDbEntity
  8
TRUSS
100
AcDbLine
 10
50.25
 20
10.0
 30
0.0
 11
50.75
 21
9.71
 31
0.0
  0
LINE
  5
1E2
330
17
100
AcDbEntity
  8
TRUSS
100
AcDbLine
 10
50.75
 20
9.71
 30
0.0
 11
51.25
 21
10.0
 31
0.0
  0
LINE
  5
1E3
330
17
100
AcDbEntity
  8
PIPE
100
AcDbLine
 10
48.75
 20
4.0
 30
0.0
 11
51.25
 21
4.0
 31
0.0
  0
LINE
  5
1E4
330
17
100
AcDbEntity
  8
PIPE
100
AcDbLine
 10
48.75
 20
7.0
 30
0.0
 11
51.25
 21
7.0
 31
0.0
  0
TEXT
  5
1E5
330
17
100
AcDbEntity
  8
TXT
100
AcDbText
 10
50.0
 20
10.45
 30
0.0
 40
0.36
  1
F4
 11
50.0
 21
10.45
 31
0.0
100
AcDbText
  0
CIRCLE
  5
1E6
330
17
100
AcDbEntity
  8
MP
100
AcDbCircle
 10
48.18
 20
3.5
 30
0.0
 40
0.24
  0
LWPOLYLINE
  5
1E7
330
17
100
AcDbEntity
  8
MP
100
AcDbPolyline
 90
4
 70
1
 10
48.05
 20
3.1
 10
48.31
 20
3.1
 10
48.31
 20
3.2800000000000002
 10
48.05
 20
3.2800000000000002
  0
CIRCLE
  5
1E8
330
17
100
AcDbEntity
  8
MP
100
AcDbCircle
 10
48.18
 20
7.5
 30
0.0
 40
0.24
  0
LWPOLYLINE
  5
1E9
330
17
100
AcDbEntity
  8
MP
100
AcDbPolyline
 90
4
 70
1
 10
48.05
 20
7.1
 10
48.31
 20
7.1
 10
48.31
 20
7.279999999999999
 10
48.05
 20
7.279999999999999
  0
LWPOLYLINE
  5
1EA
330
17
100
AcDbEntity
  8
MOLE
100
AcDbPolyline
 90
4
 70
1
 10
48.445
 20
2.34
 10
48.765
 20
2.34
 10
48.765
 20
2.6599999999999997
 10
48.445
 20
2.6599999999999997
  0
CIRCLE
  5
1EB
330
17
100
AcDbEntity
  8
TYP
100
AcDbCircle
 10
49.05
 20
0.14
 30
0.0
 40
0.13
  0
CIRCLE
  5
1EC
330
17
100
AcDbEntity
  8
TYP
100
AcDbCircle
 10
48.4
 20
0.14
 30
0.0
 40
0.13
  0
CIRCLE
  5
1ED
330
17
100
AcDbEntity
  8
MP
100
AcDbCircle
 10
51.82
 20
3.5
 30
0.0
 40
0.24
  0
LWPOLYLINE
  5
1EE
330
17
100
AcDbEntity
  8
MP
100
AcDbPolyline
 90
4
 70
1
 10
51.69
 20
3.1
 10
51.95
 20
3.1
 10
51.95
 20
3.2800000000000002
 10
51.69
 20
3.2800000000000002
  0
CIRCLE
  5
1EF
330
17
100
AcDbEntity
  8
MP
100
AcDbCircle
 10
51.82
 20
7.5
 30
0.0
 40
0.24
  0
LWPOLYLINE
  5
1F0
330
17
100
AcDbEntity
  8
MP
100
AcDbPolyline
 90
4
 70
1
 10
51.69
 20
7.1
 10
51.95
 20
7.1
 10
51.95
 20
7.279999999999999
 10
51.69
 20
7.279999999999999
  0
LWPOLYLINE
  5
1F1
330
17
100
AcDbEntity
  8
MOLE
100
AcDbPolyline
 90
4
 70
1
 10
51.235
 20
2.34
 10
51.555
 20
2.34
 10
51.555
 20
2.6599999999999997
 10
51.235
 20
2.6599999999999997
  0
CIRCLE
  5
1F2
330
17
100
AcDbEntity
  8
TYP
100
AcDbCircle
 10
50.95
 20
0.14
 30
0.0
 40
0.13
  0
CIRCLE
  5
1F3
330
17
100
AcDbEntity
  8
TYP
100
AcDbCircle
 10
51.6
 20
0.14
 30
0.0
 40
0.13
  0
LWPOLYLINE
  5
1F4
330
17
100
AcDbEntity
  8
JDC
100
AcDbPolyline
 90
4
 70
1
 10
49.12
 20
9.73
 10
49.68
 20
9.73
 10
49.68
 20
9.98
 10
49.12
 20
9.98
  0
LWPOLYLINE
  5
1F5
330
17
100
AcDbEntity
  8
JDC
100
AcDbPolyline
 90
4
 70
1
 10
50.32
 20
9.73
 10
50.88
 20
9.73
 10
50.88
 20
9.98
 10
50.32
 20
9.98
  0
CIRCLE
  5
1F6
330
17
100
AcDbEntity
  8
LB
100
AcDbCircle
 10
49.2
 20
4.0
 30
0.0
 40
0.14
  0
CIRCLE
  5
1F7
330
17
100
AcDbEntity
  8
LB
100
AcDbCircle
 10
50.0
 20
4.0
 30
0.0
 40
0.14
  0
CIRCLE
  5
1F8
330
17
100
AcDbEntity
  8
LB
100
AcDbCircle
 10
50.8
 20
4.0
 30
0.0
 40
0.14
  0
CIRCLE
  5
1F9
330
17
100
AcDbEntity
  8
LB
100
AcDbCircle
 10
49.2
 20
7.0
 30
0.0
 40
0.14
  0
CIRCLE
  5
1FA
330
17
100
AcDbEntity
  8
LB
100
AcDbCircle
 10
50.0
 20
7.0
 30
0.0
 40
0.14
  0
CIRCLE
  5
1FB
330
17
100
AcDbEntity
  8
LB
100
AcDbCircle
 10
50.8
 20
7.0
 30
0.0
 40
0.14
  0
LWPOLYLINE
  5
1FC
330
17
100
AcDbEntity
  8
TRUSS
100
AcDbPolyline
 90
4
 70
1
 10
52.485
 20
0.0
 10
53.285
 20
0.0
 10
53.285
 20
0.05
 10
52.485
 20
0.05
  0
LWPOLYLINE
  5
1FD
330
17
100
AcDbEntity
  8
TRUSS
100
AcDbPolyline
 90
4
 70
1
 10
52.74
 20
0.05
 10
53.03
 20
0.05
 10
53.03
 20
0.20999999999999996
 10
52.74
 20
0.20999999999999996
  0
LINE
  5
1FE
330
17
100
AcDbEntity
  8
TRUSS
100
AcDbLine
 10
52.74
 20
0.21
 30
0.0
 11
52.74
 21
8.21
 31
0.0
  0
LINE
  5
1FF
330
17
100
AcDbEntity
  8
TRUSS
100
AcDbLine
 10
53.03
 20
0.21
 30
0.0
 11
53.03
 21
8.21
 31
0.0
  0
LINE
  5
200
330
17
100
AcDbEntity
  8
TRUSS
100
AcDbLine
 10
52.74
 20
0.21
 30
0.0
 11
53.03
 21
0.71
 31
0.0
  0
LINE
  5
201
330
17
100
AcDbEntity
  8
TRUSS
100
AcDbLine
 10
53.03
 20
0.71
 30
0.0
 11
52.74
 21
1.21
 31
0.0
  0
LINE
  5
202
330
17
100
AcDbEntity
  8
TRUSS
100
AcDbLine
 10
52.74
 20
1.21
 30
0.0
 11
53.03
 21
1.71
 31
0.0
  0
LINE
  5
203
330
17
100
AcDbEntity
  8
TRUSS
100
AcDbLine
 10
53.03
 20
1.71
 30
0.0
 11
52.74
 21
2.21
 31
0.0
  0
LINE
  5
204
330
17
100
AcDbEntity
  8
TRUSS
100
AcDbLine
 10
52.74
 20
2.21
 30
0.0
 11
53.03
 21
2.71
 31
0.0
  0
LINE
  5
205
330
17
100
AcDbEntity
  8
TRUSS
100
AcDbLine
 10
53.03
 20
2.71
 30
0.0
 11
52.74
 21
3.21
 31
0.0
  0
LINE
  5
206
330
17
100
AcDbEntity
  8
TRUSS
100
AcDbLine
 10
52.74
 20
3.21
 30
0.0
 11
53.03
 21
3.71
 31
0.0
  0
LINE
  5
207
330
17
100
AcDbEntity
  8
TRUSS
100
AcDbLine
 10
53.03
 20
3.71
 30
0.0
 11
52.74
 21
4.21
 31
0.0
  0
LINE
  5
208
330
17
100
AcDbEntity
  8
TRUSS
100
AcDbLine
 10
52.74
 20
4.21
 30
0.0
 11
53.03
 21
4.71
 31
0.0
  0
LINE
  5
209
330
17
100
AcDbEntity
  8
TRUSS
100
AcDbLine
 10
53.03
 20
4.71
 30
0.0
 11
52.74
 21
5.21
 31
0.0
  0
LINE
  5
20A
330
17
100
AcDbEntity
  8
TRUSS
100
AcDbLine
 10
52.74
 20
5.21
 30
0.0
 11
53.03
 21
5.71
 31
0.0
  0
LINE
  5
20B
330
17
100
AcDbEntity
  8
TRUSS
100
AcDbLine
 10
53.03
 20
5.71
 30
0.0
 11
52.74
 21
6.21
 31
0.0
  0
LINE
  5
20C
330
17
100
AcDbEntity
  8
TRUSS
100
AcDbLine
 10
52.74
 20
6.21
 30
0.0
 11
53.03
 21
6.71
 31
0.0
  0
LINE
  5
20D
330
17
100
AcDbEntity
  8
TRUSS
100
AcDbLine
 10
53.03
 20
6.71
 30
0.0
 11
52.74
 21
7.21
 31
0.0
  0
LINE
  5
20E
330
17
100
AcDbEntity
  8
TRUSS
100
AcDbLine
 10
52.74
 20
7.21
 30
0.0
 11
53.03
 21
7.71
 31
0.0
  0
LINE
  5
20F
330
17
100
AcDbEntity
  8
TRUSS
100
AcDbLine
 10
53.03
 20
7.71
 30
0.0
 11
52.74
 21
8.21
 31
0.0
  0
LINE
  5
210
330
17
100
AcDbEntity
  8
TRUSS
100
AcDbLine
 10
52.69
 20
3.21
 30
0.0
 11
53.08
 21
3.21
 31
0.0
  0
LINE
  5
211
330
17
100
AcDbEntity
  8
TRUSS
100
AcDbLine
 10
52.69
 20
6.21
 30
0.0
 11
53.08
 21
6.21
 31
0.0
  0
LWPOLYLINE
  5
212
330
17
100
AcDbEntity
  8
TRUSS
100
AcDbPolyline
 90
4
 70
1
 10
52.74
 20
8.21
 10
53.03
 20
8.21
 10
53.03
 20
8.5
 10
52.74
 20
8.5
  0
LWPOLYLINE
  5
213
330
17
100
AcDbEntity
  8
TRUSS
100
AcDbPolyline
 90
4
 70
1
 10
55.275
 20
0.0
 10
56.075
 20
0.0
 10
56.075
 20
0.05
 10
55.275
 20
0.05
  0
LWPOLYLINE
  5
214
330
17
100
AcDbEntity
  8
TRUSS
100
AcDbPolyline
 90
4
 70
1
 10
55.53
 20
0.05
 10
55.82
 20
0.05
 10
55.82
 20
0.20999999999999996
 10
55.53
 20
0.20999999999999996
  0
LINE
  5
215
330
17
100
AcDbEntity
  8
TRUSS
100
AcDbLine
 10
55.53
 20
0.21
 30
0.0
 11
55.53
 21
8.21
 31
0.0
  0
LINE
  5
216
330
17
100
AcDbEntity
  8
TRUSS
100
AcDbLine
 10
55.82
 20
0.21
 30
0.0
 11
55.82
 21
8.21
 31
0.0
  0
LINE
  5
217
330
17
100
AcDbEntity
  8
TRUSS
100
AcDbLine
 10
55.53
 20
0.21
 30
0.0
 11
55.82
 21
0.71
 31
0.0
  0
LINE
  5
218
330
17
100
AcDbEntity
  8
TRUSS
100
AcDbLine
 10
55.82
 20
0.71
 30
0.0
 11
55.53
 21
1.21
 31
0.0
  0
LINE
  5
219
330
17
100
AcDbEntity
  8
TRUSS
100
AcDbLine
 10
55.53
 20
1.21
 30
0.0
 11
55.82
 21
1.71
 31
0.0
  0
LINE
  5
21A
330
17
100
AcDbEntity
  8
TRUSS
100
AcDbLine
 10
55.82
 20
1.71
 30
0.0
 11
55.53
 21
2.21
 31
0.0
  0
LINE
  5
21B
330
17
100
AcDbEntity
  8
TRUSS
100
AcDbLine
 10
55.53
 20
2.21
 30
0.0
 11
55.82
 21
2.71
 31
0.0
  0
LINE
  5
21C
330
17
100
AcDbEntity
  8
TRUSS
100
AcDbLine
 10
55.82
 20
2.71
 30
0.0
 11
55.53
 21
3.21
 31
0.0
  0
LINE
  5
21D
330
17
100
AcDbEntity
  8
TRUSS
100
AcDbLine
 10
55.53
 20
3.21
 30
0.0
 11
55.82
 21
3.71
 31
0.0
  0
LINE
  5
21E
330
17
100
AcDbEntity
  8
TRUSS
100
AcDbLine
 10
55.82
 20
3.71
 30
0.0
 11
55.53
 21
4.21
 31
0.0
  0
LINE
  5
21F
330
17
100
AcDbEntity
  8
TRUSS
100
AcDbLine
 10
55.53
 20
4.21
 30
0.0
 11
55.82
 21
4.71
 31
0.0
  0
LINE
  5
220
330
17
100
AcDbEntity
  8
TRUSS
100
AcDbLine
 10
55.82
 20
4.71
 30
0.0
 11
55.53
 21
5.21
 31
0.0
  0
LINE
  5
221
330
17
100
AcDbEntity
  8
TRUSS
100
AcDbLine
 10
55.53
 20
5.21
 30
0.0
 11
55.82
 21
5.71
 31
0.0
  0
LINE
  5
222
330
17
100
AcDbEntity
  8
TRUSS
100
AcDbLine
 10
55.82
 20
5.71
 30
0.0
 11
55.53
 21
6.21
 31
0.0
  0
LINE
  5
223
330
17
100
AcDbEntity
  8
TRUSS
100
AcDbLine
 10
55.53
 20
6.21
 30
0.0
 11
55.82
 21
6.71
 31
0.0
  0
LINE
  5
224
330
17
100
AcDbEntity
  8
TRUSS
100
AcDbLine
 10
55.82
 20
6.71
 30
0.0
 11
55.53
 21
7.21
 31
0.0
  0
LINE
  5
225
330
17
100
AcDbEntity
  8
TRUSS
100
AcDbLine
 10
55.53
 20
7.21
 30
0.0
 11
55.82
 21
7.71
 31
0.0
  0
LINE
  5
226
330
17
100
AcDbEntity
  8
TRUSS
100
AcDbLine
 10
55.82
 20
7.71
 30
0.0
 11
55.53
 21
8.21
 31
0.0
  0
LINE
  5
227
330
17
100
AcDbEntity
  8
TRUSS
100
AcDbLine
 10
55.480000000000004
 20
3.21
 30
0.0
 11
55.87
 21
3.21
 31
0.0
  0
LINE
  5
228
330
17
100
AcDbEntity
  8
TRUSS
100
AcDbLine
 10
55.480000000000004
 20
6.21
 30
0.0
 11
55.87
 21
6.21
 31
0.0
  0
LWPOLYLINE
  5
229
330
17
100
AcDbEntity
  8
TRUSS
100
AcDbPolyline
 90
4
 70
1
 10
55.53
 20
8.21
 10
55.82
 20
8.21
 10
55.82
 20
8.5
 10
55.53
 20
8.5
  0
LINE
  5
22A
330
17
100
AcDbEntity
  8
TRUSS
100
AcDbLine
 10
53.03
 20
8.21
 30
0.0
 11
55.53
 21
8.21
 31
0.0
  0
LINE
  5
22B
330
17
100
AcDbEntity
  8
TRUSS
100
AcDbLine
 10
53.03
 20
8.5
 30
0.0
 11
55.53
 21
8.5
 31
0.0
  0
LINE
  5
22C
330
17
100
AcDbEntity
  8
TRUSS
100
AcDbLine
 10
53.03
 20
8.21
 30
0.0
 11
53.53
 21
8.5
 31
0.0
  0
LINE
  5
22D
330
17
100
AcDbEntity
  8
TRUSS
100
AcDbLine
 10
53.53
 20
8.5
 30
0.0
 11
54.03
 21
8.21
 31
0.0
  0
LINE
  5
22E
330
17
100
AcDbEntity
  8
TRUSS
100
AcDbLine
 10
54.03
 20
8.21
 30
0.0
 11
54.53
 21
8.5
 31
0.0
  0
LINE
  5
22F
330
17
100
AcDbEntity
  8
TRUSS
100
AcDbLine
 10
54.53
 20
8.5
 30
0.0
 11
55.03
 21
8.21
 31
0.0
  0
LINE
  5
230
330
17
100
AcDbEntity
  8
TRUSS
100
AcDbLine
 10
55.03
 20
8.21
 30
0.0
 11
55.53
 21
8.5
 31
0.0
  0
LINE
  5
231
330
17
100
AcDbEntity
  8
PIPE
100
AcDbLine
 10
53.03
 20
3.5
 30
0.0
 11
55.53
 21
3.5
 31
0.0
  0
LINE
  5
232
330
17
100
AcDbEntity
  8
PIPE
100
AcDbLine
 10
53.03
 20
6.0
 30
0.0
 11
55.53
 21
6.0
 31
0.0
  0
TEXT
  5
233
330
17
100
AcDbEntity
  8
TXT
100
AcDbText
 10
54.28
 20
8.95
 30
0.0
 40
0.36
  1
F5
 11
54.28
 21
8.95
 31
0.0
100
AcDbText
  0
LWPOLYLINE
  5
234
330
17
100
AcDbEntity
  8
PA
100
AcDbPolyline
 90
4
 70
1
 10
53.730000000000004
 20
7.26
 10
54.83
 20
7.26
 10
54.83
 20
7.4799999999999995
 10
53.730000000000004
 20
7.4799999999999995
  0
LWPOLYLINE
  5
235
330
17
100
AcDbEntity
  8
PA
100
AcDbPolyline
 90
4
 70
1
 10
53.718
 20
7.0
 10
54.842
 20
7.0
 10
54.842
 20
7.22
 10
53.718
 20
7.22
  0
LWPOLYLINE
  5
236
330
17
100
AcDbEntity
  8
PA
100
AcDbPolyline
 90
4
 70
1
 10
53.706
 20
6.74
 10
54.854
 20
6.74
 10
54.854
 20
6.96
 10
53.706
 20
6.96
  0
LWPOLYLINE
  5
237
330
17
100
AcDbEntity
  8
PA
100
AcDbPolyline
 90
4
 70
1
 10
53.694
 20
6.4799999999999995
 10
54.866
 20
6.4799999999999995
 10
54.866
 20
6.699999999999999
 10
53.694
 20
6.699999999999999
  0
LWPOLYLINE
  5
238
330
17
100
AcDbEntity
  8
PA
100
AcDbPolyline
 90
4
 70
1
 10
53.682
 20
6.22
 10
54.878
 20
6.22
 10
54.878
 20
6.4399999999999995
 10
53.682
 20
6.4399999999999995
  0
LWPOLYLINE
  5
239
330
17
100
AcDbEntity
  8
PA
100
AcDbPolyline
 90
4
 70
1
 10
53.67
 20
5.96
 10
54.89
 20
5.96
 10
54.89
 20
6.18
 10
53.67
 20
6.18
  0
LWPOLYLINE
  5
23A
330
17
100
AcDbEntity
  8
PA
100
AcDbPolyline
 90
4
 70
1
 10
53.658
 20
5.699999999999999
 10
54.902
 20
5.699999999999999
 10
54.902
 20
5.919999999999999
 10
53.658
 20
5.919999999999999
  0
LWPOLYLINE
  5
23B
330
17
100
AcDbEntity
  8
PA
100
AcDbPolyline
 90
4
 70
1
 10
53.646
 20
5.4399999999999995
 10
54.914
 20
5.4399999999999995
 10
54.914
 20
5.659999999999999
 10
53.646
 20
5.659999999999999
  0
LINE
  5
23C
330
17
100
AcDbEntity
  8
PA
100
AcDbLine
 10
54.28
 20
8.21
 30
0.0
 11
54.28
 21
7.5
 31
0.0
  0
CIRCLE
  5
23D
330
17
100
AcDbEntity
  8
MP
100
AcDbCircle
 10
52.46
 20
6.5
 30
0.0
 40
0.24
  0
LWPOLYLINE
  5
23E
330
17
100
AcDbEntity
  8
MP
100
AcDbPolyline
 90
4
 70
1
 10
52.33
 20
6.1
 10
52.59
 20
6.1
 10
52.59
 20
6.279999999999999
 10
52.33
 20
6.279999999999999
  0
LWPOLYLINE
  5
23F
330
17
100
AcDbEntity
  8
MOLE
100
AcDbPolyline
 90
4
 70
1
 10
52.725
 20
2.34
 10
53.045
 20
2.34
 10
53.045
 20
2.6599999999999997
 10
52.725
 20
2.6599999999999997
  0
CIRCLE
  5
240
330
17
100
AcDbEntity
  8
TYP
100
AcDbCircle
 10
53.33
 20
0.14
 30
0.0
 40
0.13
  0
CIRCLE
  5
241
330
17
100
AcDbEntity
  8
TYP
100
AcDbCircle
 10
52.68
 20
0.14
 30
0.0
 40
0.13
  0
CIRCLE
  5
242
330
17
100
AcDbEntity
  8
MP
100
AcDbCircle
 10
56.1
 20
6.5
 30
0.0
 40
0.24
  0
LWPOLYLINE
  5
243
330
17
100
AcDbEntity
  8
MP
100
AcDbPolyline
 90
4
 70
1
 10
55.97
 20
6.1
 10
56.230000000000004
 20
6.1
 10
56.230000000000004
 20
6.279999999999999
 10
55.97
 20
6.279999999999999
  0
LWPOLYLINE
  5
244
330
17
100
AcDbEntity
  8
MOLE
100
AcDbPolyline
 90
4
 70
1
 10
55.515
 20
2.34
 10
55.835
 20
2.34
 10
55.835
 20
2.6599999999999997
 10
55.515
 20
2.6599999999999997
  0
CIRCLE
  5
245
330
17
100
AcDbEntity
  8
TYP
100
AcDbCircle
 10
55.230000000000004
 20
0.14
 30
0.0
 40
0.13
  0
CIRCLE
  5
246
330
17
100
AcDbEntity
  8
TYP
100
AcDbCircle
 10
55.88
 20
0.14
 30
0.0
 40
0.13
  0
LWPOLYLINE
  5
247
330
17
100
AcDbEntity
  8
JDC
100
AcDbPolyline
 90
4
 70
1
 10
54.0
 20
8.23
 10
54.56
 20
8.23
 10
54.56
 20
8.48
 10
54.0
 20
8.48
  0
CIRCLE
  5
248
330
17
100
AcDbEntity
  8
LB
100
AcDbCircle
 10
53.480000000000004
 20
3.5
 30
0.0
 40
0.14
  0
CIRCLE
  5
249
330
17
100
AcDbEntity
  8
LB
100
AcDbCircle
 10
54.28
 20
3.5
 30
0.0
 40
0.14
  0
CIRCLE
  5
24A
330
17
100
AcDbEntity
  8
LB
100
AcDbCircle
 10
55.08
 20
3.5
 30
0.0
 40
0.14
  0
CIRCLE
  5
24B
330
17
100
AcDbEntity
  8
LB
100
AcDbCircle
 10
53.78
 20
6.0
 30
0.0
 40
0.14
  0
CIRCLE
  5
24C
330
17
100
AcDbEntity
  8
LB
100
AcDbCircle
 10
54.78
 20
6.0
 30
0.0
 40
0.14
  0
LWPOLYLINE
  5
24D
330
17
100
AcDbEntity
  8
TRUSS
100
AcDbPolyline
 90
4
 70
1
 10
56.765
 20
0.0
 10
57.565
 20
0.0
 10
57.565
 20
0.05
 10
56.765
 20
0.05
  0
LWPOLYLINE
  5
24E
330
17
100
AcDbEntity
  8
TRUSS
100
AcDbPolyline
 90
4
 70
1
 10
57.02
 20
0.05
 10
57.31
 20
0.05
 10
57.31
 20
0.20999999999999996
 10
57.02
 20
0.20999999999999996
  0
LINE
  5
24F
330
17
100
AcDbEntity
  8
TRUSS
100
AcDbLine
 10
57.02
 20
0.21
 30
0.0
 11
57.02
 21
6.71
 31
0.0
  0
LINE
  5
250
330
17
100
AcDbEntity
  8
TRUSS
100
AcDbLine
 10
57.31
 20
0.21
 30
0.0
 11
57.31
 21
6.71
 31
0.0
  0
LINE
  5
251
330
17
100
AcDbEntity
  8
TRUSS
100
AcDbLine
 10
57.02
 20
0.21
 30
0.0
 11
57.31
 21
0.71
 31
0.0
  0
LINE
  5
252
330
17
100
AcDbEntity
  8
TRUSS
100
AcDbLine
 10
57.31
 20
0.71
 30
0.0
 11
57.02
 21
1.21
 31
0.0
  0
LINE
  5
253
330
17
100
AcDbEntity
  8
TRUSS
100
AcDbLine
 10
57.02
 20
1.21
 30
0.0
 11
57.31
 21
1.71
 31
0.0
  0
LINE
  5
254
330
17
100
AcDbEntity
  8
TRUSS
100
AcDbLine
 10
57.31
 20
1.71
 30
0.0
 11
57.02
 21
2.21
 31
0.0
  0
LINE
  5
255
330
17
100
AcDbEntity
  8
TRUSS
100
AcDbLine
 10
57.02
 20
2.21
 30
0.0
 11
57.31
 21
2.71
 31
0.0
  0
LINE
  5
256
330
17
100
AcDbEntity
  8
TRUSS
100
AcDbLine
 10
57.31
 20
2.71
 30
0.0
 11
57.02
 21
3.21
 31
0.0
  0
LINE
  5
257
330
17
100
AcDbEntity
  8
TRUSS
100
AcDbLine
 10
57.02
 20
3.21
 30
0.0
 11
57.31
 21
3.71
 31
0.0
  0
LINE
  5
258
330
17
100
AcDbEntity
  8
TRUSS
100
AcDbLine
 10
57.31
 20
3.71
 30
0.0
 11
57.02
 21
4.21
 31
0.0
  0
LINE
  5
259
330
17
100
AcDbEntity
  8
TRUSS
100
AcDbLine
 10
57.02
 20
4.21
 30
0.0
 11
57.31
 21
4.71
 31
0.0
  0
LINE
  5
25A
330
17
100
AcDbEntity
  8
TRUSS
100
AcDbLine
 10
57.31
 20
4.71
 30
0.0
 11
57.02
 21
5.21
 31
0.0
  0
LINE
  5
25B
330
17
100
AcDbEntity
  8
TRUSS
100
AcDbLine
 10
57.02
 20
5.21
 30
0.0
 11
57.31
 21
5.71
 31
0.0
  0
LINE
  5
25C
330
17
100
AcDbEntity
  8
TRUSS
100
AcDbLine
 10
57.31
 20
5.71
 30
0.0
 11
57.02
 21
6.21
 31
0.0
  0
LINE
  5
25D
330
17
100
AcDbEntity
  8
TRUSS
100
AcDbLine
 10
57.02
 20
6.21
 30
0.0
 11
57.31
 21
6.71
 31
0.0
  0
LINE
  5
25E
330
17
100
AcDbEntity
  8
TRUSS
100
AcDbLine
 10
56.97
 20
3.21
 30
0.0
 11
57.36
 21
3.21
 31
0.0
  0
LINE
  5
25F
330
17
100
AcDbEntity
  8
TRUSS
100
AcDbLine
 10
56.97
 20
5.21
 30
0.0
 11
57.36
 21
5.21
 31
0.0
  0
LINE
  5
260
330
17
100
AcDbEntity
  8
TRUSS
100
AcDbLine
 10
56.97
 20
6.21
 30
0.0
 11
57.36
 21
6.21
 31
0.0
  0
LWPOLYLINE
  5
261
330
17
100
AcDbEntity
  8
TRUSS
100
AcDbPolyline
 90
4
 70
1
 10
57.02
 20
6.71
 10
57.31
 20
6.71
 10
57.31
 20
7.0
 10
57.02
 20
7.0
  0
LWPOLYLINE
  5
262
330
17
100
AcDbEntity
  8
TRUSS
100
AcDbPolyline
 90
4
 70
1
 10
59.555
 20
0.0
 10
60.355000000000004
 20
0.0
 10
60.355000000000004
 20
0.05
 10
59.555
 20
0.05
  0
LWPOLYLINE
  5
263
330
17
100
AcDbEntity
  8
TRUSS
100
AcDbPolyline
 90
4
 70
1
 10
59.81
 20
0.05
 10
60.1
 20
0.05
 10
60.1
 20
0.20999999999999996
 10
59.81
 20
0.20999999999999996
  0
LINE
  5
264
330
17
100
AcDbEntity
  8
TRUSS
100
AcDbLine
 10
59.81
 20
0.21
 30
0.0
 11
59.81
 21
6.71
 31
0.0
  0
LINE
  5
265
330
17
100
AcDbEntity
  8
TRUSS
100
AcDbLine
 10
60.1
 20
0.21
 30
0.0
 11
60.1
 21
6.71
 31
0.0
  0
LINE
  5
266
330
17
100
AcDbEntity
  8
TRUSS
100
AcDbLine
 10
59.81
 20
0.21
 30
0.0
 11
60.1
 21
0.71
 31
0.0
  0
LINE
  5
267
330
17
100
AcDbEntity
  8
TRUSS
100
AcDbLine
 10
60.1
 20
0.71
 30
0.0
 11
59.81
 21
1.21
 31
0.0
  0
LINE
  5
268
330
17
100
AcDbEntity
  8
TRUSS
100
AcDbLine
 10
59.81
 20
1.21
 30
0.0
 11
60.1
 21
1.71
 31
0.0
  0
LINE
  5
269
330
17
100
AcDbEntity
  8
TRUSS
100
AcDbLine
 10
60.1
 20
1.71
 30
0.0
 11
59.81
 21
2.21
 31
0.0
  0
LINE
  5
26A
330
17
100
AcDbEntity
  8
TRUSS
100
AcDbLine
 10
59.81
 20
2.21
 30
0.0
 11
60.1
 21
2.71
 31
0.0
  0
LINE
  5
26B
330
17
100
AcDbEntity
  8
TRUSS
100
AcDbLine
 10
60.1
 20
2.71
 30
0.0
 11
59.81
 21
3.21
 31
0.0
  0
LINE
  5
26C
330
17
100
AcDbEntity
  8
TRUSS
100
AcDbLine
 10
59.81
 20
3.21
 30
0.0
 11
60.1
 21
3.71
 31
0.0
  0
LINE
  5
26D
330
17
100
AcDbEntity
  8
TRUSS
100
AcDbLine
 10
60.1
 20
3.71
 30
0.0
 11
59.81
 21
4.21
 31
0.0
  0
LINE
  5
26E
330
17
100
AcDbEntity
  8
TRUSS
100
AcDbLine
 10
59.81
 20
4.21
 30
0.0
 11
60.1
 21
4.71
 31
0.0
  0
LINE
  5
26F
330
17
100
AcDbEntity
  8
TRUSS
100
AcDbLine
 10
60.1
 20
4.71
 30
0.0
 11
59.81
 21
5.21
 31
0.0
  0
LINE
  5
270
330
17
100
AcDbEntity
  8
TRUSS
100
AcDbLine
 10
59.81
 20
5.21
 30
0.0
 11
60.1
 21
5.71
 31
0.0
  0
LINE
  5
271
330
17
100
AcDbEntity
  8
TRUSS
100
AcDbLine
 10
60.1
 20
5.71
 30
0.0
 11
59.81
 21
6.21
 31
0.0
  0
LINE
  5
272
330
17
100
AcDbEntity
  8
TRUSS
100
AcDbLine
 10
59.81
 20
6.21
 30
0.0
 11
60.1
 21
6.71
 31
0.0
  0
LINE
  5
273
330
17
100
AcDbEntity
  8
TRUSS
100
AcDbLine
 10
59.76
 20
3.21
 30
0.0
 11
60.15
 21
3.21
 31
0.0
  0
LINE
  5
274
330
17
100
AcDbEntity
  8
TRUSS
100
AcDbLine
 10
59.76
 20
5.21
 30
0.0
 11
60.15
 21
5.21
 31
0.0
  0
LINE
  5
275
330
17
100
AcDbEntity
  8
TRUSS
100
AcDbLine
 10
59.76
 20
6.21
 30
0.0
 11
60.15
 21
6.21
 31
0.0
  0
LWPOLYLINE
  5
276
330
17
100
AcDbEntity
  8
TRUSS
100
AcDbPolyline
 90
4
 70
1
 10
59.81
 20
6.71
 10
60.1
 20
6.71
 10
60.1
 20
7.0
 10
59.81
 20
7.0
  0
LINE
  5
277
330
17
100
AcDbEntity
  8
TRUSS
100
AcDbLine
 10
57.31
 20
6.71
 30
0.0
 11
59.81
 21
6.71
 31
0.0
  0
LINE
  5
278
330
17
100
AcDbEntity
  8
TRUSS
100
AcDbLine
 10
57.31
 20
7.0
 30
0.0
 11
59.81
 21
7.0
 31
0.0
  0
LINE
  5
279
330
17
100
AcDbEntity
  8
TRUSS
100
AcDbLine
 10
57.31
 20
6.71
 30
0.0
 11
57.81
 21
7.0
 31
0.0
  0
LINE
  5
27A
330
17
100
AcDbEntity
  8
TRUSS
100
AcDbLine
 10
57.81
 20
7.0
 30
0.0
 11
58.31
 21
6.71
 31
0.0
  0
LINE
  5
27B
330
17
100
AcDbEntity
  8
TRUSS
100
AcDbLine
 10
58.31
 20
6.71
 30
0.0
 11
58.81
 21
7.0
 31
0.0
  0
LINE
  5
27C
330
17
100
AcDbEntity
  8
TRUSS
100
AcDbLine
 10
58.81
 20
7.0
 30
0.0
 11
59.31
 21
6.71
 31
0.0
  0
LINE
  5
27D
330
17
100
AcDbEntity
  8
TRUSS
100
AcDbLine
 10
59.31
 20
6.71
 30
0.0
 11
59.81
 21
7.0
 31
0.0
  0
LINE
  5
27E
330
17
100
AcDbEntity
  8
PIPE
100
AcDbLine
 10
57.31
 20
3.0
 30
0.0
 11
59.81
 21
3.0
 31
0.0
  0
LINE
  5
27F
330
17
100
AcDbEntity
  8
PIPE
100
AcDbLine
 10
57.31
 20
5.0
 30
0.0
 11
59.81
 21
5.0
 31
0.0
  0
TEXT
  5
280
330
17
100
AcDbEntity
  8
TXT
100
AcDbText
 10
58.56
 20
7.45
 30
0.0
 40
0.36
  1
F6
 11
58.56
 21
7.45
 31
0.0
100
AcDbText
  0
CIRCLE
  5
281
330
17
100
AcDbEntity
  8
MP
100
AcDbCircle
 10
56.74
 20
5.5
 30
0.0
 40
0.24
  0
LWPOLYLINE
  5
282
330
17
100
AcDbEntity
  8
MP
100
AcDbPolyline
 90
4
 70
1
 10
56.61
 20
5.1
 10
56.87
 20
5.1
 10
56.87
 20
5.279999999999999
 10
56.61
 20
5.279999999999999
  0
LWPOLYLINE
  5
283
330
17
100
AcDbEntity
  8
MOLE
100
AcDbPolyline
 90
4
 70
1
 10
57.005
 20
2.34
 10
57.325
 20
2.34
 10
57.325
 20
2.6599999999999997
 10
57.005
 20
2.6599999999999997
  0
CIRCLE
  5
284
330
17
100
AcDbEntity
  8
TYP
100
AcDbCircle
 10
57.61
 20
0.14
 30
0.0
 40
0.13
  0
CIRCLE
  5
285
330
17
100
AcDbEntity
  8
TYP
100
AcDbCircle
 10
56.96
 20
0.14
 30
0.0
 40
0.13
  0
CIRCLE
  5
286
330
17
100
AcDbEntity
  8
MP
100
AcDbCircle
 10
60.38
 20
5.5
 30
0.0
 40
0.24
  0
LWPOLYLINE
  5
287
330
17
100
AcDbEntity
  8
MP
100
AcDbPolyline
 90
4
 70
1
 10
60.25
 20
5.1
 10
60.51
 20
5.1
 10
60.51
 20
5.279999999999999
 10
60.25
 20
5.279999999999999
  0
LWPOLYLINE
  5
288
330
17
100
AcDbEntity
  8
MOLE
100
AcDbPolyline
 90
4
 70
1
 10
59.795
 20
2.34
 10
60.115
 20
2.34
 10
60.115
 20
2.6599999999999997
 10
59.795
 20
2.6599999999999997
  0
CIRCLE
  5
289
330
17
100
AcDbEntity
  8
TYP
100
AcDbCircle
 10
59.51
 20
0.14
 30
0.0
 40
0.13
  0
CIRCLE
  5
28A
330
17
100
AcDbEntity
  8
TYP
100
AcDbCircle
 10
60.16
 20
0.14
 30
0.0
 40
0.13
  0
LWPOLYLINE
  5
28B
330
17
100
AcDbEntity
  8
JDC
100
AcDbPolyline
 90
4
 70
1
 10
58.28
 20
6.7299999999999995
 10
58.84
 20
6.7299999999999995
 10
58.84
 20
6.9799999999999995
 10
58.28
 20
6.9799999999999995
  0
CIRCLE
  5
28C
330
17
100
AcDbEntity
  8
LB
100
AcDbCircle
 10
58.06
 20
3.0
 30
0.0
 40
0.14
  0
CIRCLE
  5
28D
330
17
100
AcDbEntity
  8
LB
100
AcDbCircle
 10
59.06
 20
3.0
 30
0.0
 40
0.14
  0
CIRCLE
  5
28E
330
17
100
AcDbEntity
  8
LB
100
AcDbCircle
 10
58.06
 20
5.0
 30
0.0
 40
0.14
  0
CIRCLE
  5
28F
330
17
100
AcDbEntity
  8
LB
100
AcDbCircle
 10
59.06
 20
5.0
 30
0.0
 40
0.14
  0
LWPOLYLINE
  5
290
330
17
100
AcDbEntity
  8
TRUSS
100
AcDbPolyline
 90
4
 70
1
 10
61.045
 20
0.0
 10
61.845
 20
0.0
 10
61.845
 20
0.05
 10
61.045
 20
0.05
  0
LWPOLYLINE
  5
291
330
17
100
AcDbEntity
  8
TRUSS
100
AcDbPolyline
 90
4
 70
1
 10
61.3
 20
0.05
 10
61.59
 20
0.05
 10
61.59
 20
0.20999999999999996
 10
61.3
 20
0.20999999999999996
  0
LINE
  5
292
330
17
100
AcDbEntity
  8
TRUSS
100
AcDbLine
 10
61.3
 20
0.21
 30
0.0
 11
61.3
 21
5.21
 31
0.0
  0
LINE
  5
293
330
17
100
AcDbEntity
  8
TRUSS
100
AcDbLine
 10
61.59
 20
0.21
 30
0.0
 11
61.59
 21
5.21
 31
0.0
  0
LINE
  5
294
330
17
100
AcDbEntity
  8
TRUSS
100
AcDbLine
 10
61.3
 20
0.21
 30
0.0
 11
61.59
 21
0.71
 31
0.0
  0
LINE
  5
295
330
17
100
AcDbEntity
  8
TRUSS
100
AcDbLine
 10
61.59
 20
0.71
 30
0.0
 11
61.3
 21
1.21
 31
0.0
  0
LINE
  5
296
330
17
100
AcDbEntity
  8
TRUSS
100
AcDbLine
 10
61.3
 20
1.21
 30
0.0
 11
61.59
 21
1.71
 31
0.0
  0
LINE
  5
297
330
17
100
AcDbEntity
  8
TRUSS
100
AcDbLine
 10
61.59
 20
1.71
 30
0.0
 11
61.3
 21
2.21
 31
0.0
  0
LINE
  5
298
330
17
100
AcDbEntity
  8
TRUSS
100
AcDbLine
 10
61.3
 20
2.21
 30
0.0
 11
61.59
 21
2.71
 31
0.0
  0
LINE
  5
299
330
17
100
AcDbEntity
  8
TRUSS
100
AcDbLine
 10
61.59
 20
2.71
 30
0.0
 11
61.3
 21
3.21
 31
0.0
  0
LINE
  5
29A
330
17
100
AcDbEntity
  8
TRUSS
100
AcDbLine
 10
61.3
 20
3.21
 30
0.0
 11
61.59
 21
3.71
 31
0.0
  0
LINE
  5
29B
330
17
100
AcDbEntity
  8
TRUSS
100
AcDbLine
 10
61.59
 20
3.71
 30
0.0
 11
61.3
 21
4.21
 31
0.0
  0
LINE
  5
29C
330
17
100
AcDbEntity
  8
TRUSS
100
AcDbLine
 10
61.3
 20
4.21
 30
0.0
 11
61.59
 21
4.71
 31
0.0
  0
LINE
  5
29D
330
17
100
AcDbEntity
  8
TRUSS
100
AcDbLine
 10
61.59
 20
4.71
 30
0.0
 11
61.3
 21
5.21
 31
0.0
  0
LINE
  5
29E
330
17
100
AcDbEntity
  8
TRUSS
100
AcDbLine
 10
61.25
 20
3.21
 30
0.0
 11
61.64
 21
3.21
 31
0.0
  0
LWPOLYLINE
  5
29F
330
17
100
AcDbEntity
  8
TRUSS
100
AcDbPolyline
 90
4
 70
1
 10
61.3
 20
5.21
 10
61.59
 20
5.21
 10
61.59
 20
5.5
 10
61.3
 20
5.5
  0
LWPOLYLINE
  5
2A0
330
17
100
AcDbEntity
  8
TRUSS
100
AcDbPolyline
 90
4
 70
1
 10
63.835
 20
0.0
 10
64.635
 20
0.0
 10
64.635
 20
0.05
 10
63.835
 20
0.05
  0
LWPOLYLINE
  5
2A1
330
17
100
AcDbEntity
  8
TRUSS
100
AcDbPolyline
 90
4
 70
1
 10
64.09
 20
0.05
 10
64.38
 20
0.05
 10
64.38
 20
0.20999999999999996
 10
64.09
 20
0.20999999999999996
  0
LINE
  5
2A2
330
17
100
AcDbEntity
  8
TRUSS
100
AcDbLine
 10
64.09
 20
0.21
 30
0.0
 11
64.09
 21
5.21
 31
0.0
  0
LINE
  5
2A3
330
17
100
AcDbEntity
  8
TRUSS
100
AcDbLine
 10
64.38
 20
0.21
 30
0.0
 11
64.38
 21
5.21
 31
0.0
  0
LINE
  5
2A4
330
17
100
AcDbEntity
  8
TRUSS
100
AcDbLine
 10
64.09
 20
0.21
 30
0.0
 11
64.38
 21
0.71
 31
0.0
  0
LINE
  5
2A5
330
17
100
AcDbEntity
  8
TRUSS
100
AcDbLine
 10
64.38
 20
0.71
 30
0.0
 11
64.09
 21
1.21
 31
0.0
  0
LINE
  5
2A6
330
17
100
AcDbEntity
  8
TRUSS
100
AcDbLine
 10
64.09
 20
1.21
 30
0.0
 11
64.38
 21
1.71
 31
0.0
  0
LINE
  5
2A7
330
17
100
AcDbEntity
  8
TRUSS
100
AcDbLine
 10
64.38
 20
1.71
 30
0.0
 11
64.09
 21
2.21
 31
0.0
  0
LINE
  5
2A8
330
17
100
AcDbEntity
  8
TRUSS
100
AcDbLine
 10
64.09
 20
2.21
 30
0.0
 11
64.38
 21
2.71
 31
0.0
  0
LINE
  5
2A9
330
17
100
AcDbEntity
  8
TRUSS
100
AcDbLine
 10
64.38
 20
2.71
 30
0.0
 11
64.09
 21
3.21
 31
0.0
  0
LINE
  5
2AA
330
17
100
AcDbEntity
  8
TRUSS
100
AcDbLine
 10
64.09
 20
3.21
 30
0.0
 11
64.38
 21
3.71
 31
0.0
  0
LINE
  5
2AB
330
17
100
AcDbEntity
  8
TRUSS
100
AcDbLine
 10
64.38
 20
3.71
 30
0.0
 11
64.09
 21
4.21
 31
0.0
  0
LINE
  5
2AC
330
17
100
AcDbEntity
  8
TRUSS
100
AcDbLine
 10
64.09
 20
4.21
 30
0.0
 11
64.38
 21
4.71
 31
0.0
  0
LINE
  5
2AD
330
17
100
AcDbEntity
  8
TRUSS
100
AcDbLine
 10
64.38
 20
4.71
 30
0.0
 11
64.09
 21
5.21
 31
0.0
  0
LINE
  5
2AE
330
17
100
AcDbEntity
  8
TRUSS
100
AcDbLine
 10
64.03999999999999
 20
3.21
 30
0.0
 11
64.43
 21
3.21
 31
0.0
  0
LWPOLYLINE
  5
2AF
330
17
100
AcDbEntity
  8
TRUSS
100
AcDbPolyline
 90
4
 70
1
 10
64.09
 20
5.21
 10
64.38
 20
5.21
 10
64.38
 20
5.5
 10
64.09
 20
5.5
  0
LINE
  5
2B0
330
17
100
AcDbEntity
  8
TRUSS
100
AcDbLine
 10
61.59
 20
5.21
 30
0.0
 11
64.09
 21
5.21
 31
0.0
  0
LINE
  5
2B1
330
17
100
AcDbEntity
  8
TRUSS
100
AcDbLine
 10
61.59
 20
5.5
 30
0.0
 11
64.09
 21
5.5
 31
0.0
  0
LINE
  5
2B2
330
17
100
AcDbEntity
  8
TRUSS
100
AcDbLine
 10
61.59
 20
5.21
 30
0.0
 11
62.09
 21
5.5
 31
0.0
  0
LINE
  5
2B3
330
17
100
AcDbEntity
  8
TRUSS
100
AcDbLine
 10
62.09
 20
5.5
 30
0.0
 11
62.59
 21
5.21
 31
0.0
  0
LINE
  5
2B4
330
17
100
AcDbEntity
  8
TRUSS
100
AcDbLine
 10
62.59
 20
5.21
 30
0.0
 11
63.09
 21
5.5
 31
0.0
  0
LINE
  5
2B5
330
17
100
AcDbEntity
  8
TRUSS
100
AcDbLine
 10
63.09
 20
5.5
 30
0.0
 11
63.59
 21
5.21
 31
0.0
  0
LINE
  5
2B6
330
17
100
AcDbEntity
  8
TRUSS
100
AcDbLine
 10
63.59
 20
5.21
 30
0.0
 11
64.09
 21
5.5
 31
0.0
  0
LINE
  5
2B7
330
17
100
AcDbEntity
  8
PIPE
100
AcDbLine
 10
61.59
 20
3.2
 30
0.0
 11
64.09
 21
3.2
 31
0.0
  0
TEXT
  5
2B8
330
17
100
AcDbEntity
  8
TXT
100
AcDbText
 10
62.84
 20
5.95
 30
0.0
 40
0.36
  1
F7
 11
62.84
 21
5.95
 31
0.0
100
AcDbText
  0
CIRCLE
  5
2B9
330
17
100
AcDbEntity
  8
MP
100
AcDbCircle
 10
61.019999999999996
 20
4.0
 30
0.0
 40
0.24
  0
LWPOLYLINE
  5
2BA
330
17
100
AcDbEntity
  8
MP
100
AcDbPolyline
 90
4
 70
1
 10
60.89
 20
3.6
 10
61.15
 20
3.6
 10
61.15
 20
3.7800000000000002
 10
60.89
 20
3.7800000000000002
  0
LWPOLYLINE
  5
2BB
330
17
100
AcDbEntity
  8
MOLE
100
AcDbPolyline
 90
4
 70
1
 10
61.285
 20
2.34
 10
61.605000000000004
 20
2.34
 10
61.605000000000004
 20
2.6599999999999997
 10
61.285
 20
2.6599999999999997
  0
CIRCLE
  5
2BC
330
17
100
AcDbEntity
  8
TYP
100
AcDbCircle
 10
61.89
 20
0.14
 30
0.0
 40
0.13
  0
CIRCLE
  5
2BD
330
17
100
AcDbEntity
  8
TYP
100
AcDbCircle
 10
61.24
 20
0.14
 30
0.0
 40
0.13
  0
CIRCLE
  5
2BE
330
17
100
AcDbEntity
  8
MP
100
AcDbCircle
 10
64.66
 20
4.0
 30
0.0
 40
0.24
  0
LWPOLYLINE
  5
2BF
330
17
100
AcDbEntity
  8
MP
100
AcDbPolyline
 90
4
 70
1
 10
64.53
 20
3.6
 10
64.78999999999999
 20
3.6
 10
64.78999999999999
 20
3.7800000000000002
 10
64.53
 20
3.7800000000000002
  0
LWPOLYLINE
  5
2C0
330
17
100
AcDbEntity
  8
MOLE
100
AcDbPolyline
 90
4
 70
1
 10
64.075
 20
2.34
 10
64.395
 20
2.34
 10
64.395
 20
2.6599999999999997
 10
64.075
 20
2.6599999999999997
  0
CIRCLE
  5
2C1
330
17
100
AcDbEntity
  8
TYP
100
AcDbCircle
 10
63.79
 20
0.14
 30
0.0
 40
0.13
  0
CIRCLE
  5
2C2
330
17
100
AcDbEntity
  8
TYP
100
AcDbCircle
 10
64.44
 20
0.14
 30
0.0
 40
0.13
  0
LWPOLYLINE
  5
2C3
330
17
100
AcDbEntity
  8
JDC
100
AcDbPolyline
 90
4
 70
1
 10
62.56
 20
5.2299999999999995
 10
63.120000000000005
 20
5.2299999999999995
 10
63.120000000000005
 20
5.4799999999999995
 10
62.56
 20
5.4799999999999995
  0
CIRCLE
  5
2C4
330
17
100
AcDbEntity
  8
LB
100
AcDbCircle
 10
62.04
 20
3.2
 30
0.0
 40
0.14
  0
CIRCLE
  5
2C5
330
17
100
AcDbEntity
  8
LB
100
AcDbCircle
 10
62.84
 20
3.2
 30
0.0
 40
0.14
  0
CIRCLE
  5
2C6
330
17
100
AcDbEntity
  8
LB
100
AcDbCircle
 10
63.64
 20
3.2
 30
0.0
 40
0.14
  0
LWPOLYLINE
  5
2C7
330
17
100
AcDbEntity
  8
STAGE
100
AcDbPolyline
 90
4
 70
1
 10
44.0
 20
0.0
 10
56.0
 20
0.0
 10
56.0
 20
1.0
 10
44.0
 20
1.0
  0
LWPOLYLINE
  5
2C8
330
17
100
AcDbEntity
  8
STAGE
100
AcDbPolyline
 90
4
 70
1
 10
48.5
 20
1.0
 10
51.5
 20
1.0
 10
51.5
 20
1.4
 10
48.5
 20
1.4
  0
LWPOLYLINE
  5
2C9
330
17
100
AcDbEntity
  8
STAGE
100
AcDbPolyline
 90
4
 70
1
 10
48.8
 20
1.4
 10
51.2
 20
1.4
 10
51.2
 20
1.9
 10
48.8
 20
1.9
  0
LWPOLYLINE
  5
2CA
330
17
100
AcDbEntity
  8
PA
100
AcDbPolyline
 90
4
 70
1
 10
45.575
 20
0.0
 10
46.925
 20
0.0
 10
46.925
 20
0.75
 10
45.575
 20
0.75
  0
LWPOLYLINE
  5
2CB
330
17
100
AcDbEntity
  8
PA
100
AcDbPolyline
 90
4
 70
1
 10
47.075
 20
0.0
 10
48.425
 20
0.0
 10
48.425
 20
0.75
 10
47.075
 20
0.75
  0
LWPOLYLINE
  5
2CC
330
17
100
AcDbEntity
  8
PA
100
AcDbPolyline
 90
4
 70
1
 10
48.575
 20
0.0
 10
49.925
 20
0.0
 10
49.925
 20
0.75
 10
48.575
 20
0.75
  0
LWPOLYLINE
  5
2CD
330
17
100
AcDbEntity
  8
PA
100
AcDbPolyline
 90
4
 70
1
 10
50.075
 20
0.0
 10
51.425
 20
0.0
 10
51.425
 20
0.75
 10
50.075
 20
0.75
  0
LWPOLYLINE
  5
2CE
330
17
100
AcDbEntity
  8
PA
100
AcDbPolyline
 90
4
 70
1
 10
51.575
 20
0.0
 10
52.925
 20
0.0
 10
52.925
 20
0.75
 10
51.575
 20
0.75
  0
LWPOLYLINE
  5
2CF
330
17
100
AcDbEntity
  8
PA
100
AcDbPolyline
 90
4
 70
1
 10
53.075
 20
0.0
 10
54.425
 20
0.0
 10
54.425
 20
0.75
 10
53.075
 20
0.75
  0
LINE
  5
2D0
330
17
100
AcDbEntity
  8
DIM
100
AcDbLine
 10
35.620000000000005
 20
0.0
 30
0.0
 11
35.620000000000005
 21
-1.9000000000000001
 31
0.0
  0
LINE
  5
2D1
330
17
100
AcDbEntity
  8
DIM
100
AcDbLine
 10
64.38
 20
0.0
 30
0.0
 11
64.38
 21
-1.9000000000000001
 31
0.0
  0
LINE
  5
2D2
330
17
100
AcDbEntity
  8
DIM
100
AcDbLine
 10
35.620000000000005
 20
-1.8
 30
0.0
 11
64.38
 21
-1.8
 31
0.0
  0
TEXT
  5
2D3
330
17
100
AcDbEntity
  8
DIM
100
AcDbText
 10
50.0
 20
-2.25
 30
0.0
 40
0.2925
  1
28.76
 11
50.0
 21
-2.25
 31
0.0
100
AcDbText
  0
LINE
  5
2D4
330
17
100
AcDbEntity
  8
DIM
100
AcDbLine
 10
39.25
 20
0.0
 30
0.0
 11
39.4
 21
0.0
 31
0.0
  0
LINE
  5
2D5
330
17
100
AcDbEntity
  8
DIM
100
AcDbLine
 10
39.25
 20
5.5
 30
0.0
 11
39.4
 21
5.5
 31
0.0
  0
LINE
  5
2D6
330
17
100
AcDbEntity
  8
DIM
100
AcDbLine
 10
39.3
 20
0.0
 30
0.0
 11
39.3
 21
5.5
 31
0.0
  0
TEXT
  5
2D7
330
17
100
AcDbEntity
  8
DIM
100
AcDbText
 10
39.65
 20
2.75
 30
0.0
 40
0.2925
  1
5.50
 11
39.65
 21
2.75
 31
0.0
100
AcDbText
  0
LINE
  5
2D8
330
17
100
AcDbEntity
  8
DIM
100
AcDbLine
 10
43.53
 20
0.0
 30
0.0
 11
43.68
 21
0.0
 31
0.0
  0
LINE
  5
2D9
330
17
100
AcDbEntity
  8
DIM
100
AcDbLine
 10
43.53
 20
7.0
 30
0.0
 11
43.68
 21
7.0
 31
0.0
  0
LINE
  5
2DA
330
17
100
AcDbEntity
  8
DIM
100
AcDbLine
 10
43.58
 20
0.0
 30
0.0
 11
43.58
 21
7.0
 31
0.0
  0
TEXT
  5
2DB
330
17
100
AcDbEntity
  8
DIM
100
AcDbText
 10
43.93
 20
3.5
 30
0.0
 40
0.2925
  1
7.00
 11
43.93
 21
3.5
 31
0.0
100
AcDbText
  0
LINE
  5
2DC
330
17
100
AcDbEntity
  8
DIM
100
AcDbLine
 10
47.81
 20
0.0
 30
0.0
 11
47.96
 21
0.0
 31
0.0
  0
LINE
  5
2DD
330
17
100
AcDbEntity
  8
DIM
100
AcDbLine
 10
47.81
 20
8.5
 30
0.0
 11
47.96
 21
8.5
 31
0.0
  0
LINE
  5
2DE
330
17
100
AcDbEntity
  8
DIM
100
AcDbLine
 10
47.86
 20
0.0
 30
0.0
 11
47.86
 21
8.5
 31
0.0
  0
TEXT
  5
2DF
330
17
100
AcDbEntity
  8
DIM
100
AcDbText
 10
48.21
 20
4.25
 30
0.0
 40
0.2925
  1
8.50
 11
48.21
 21
4.25
 31
0.0
100
AcDbText
  0
LINE
  5
2E0
330
17
100
AcDbEntity
  8
DIM
100
AcDbLine
 10
52.09
 20
0.0
 30
0.0
 11
52.24
 21
0.0
 31
0.0
  0
LINE
  5
2E1
330
17
100
AcDbEntity
  8
DIM
100
AcDbLine
 10
52.09
 20
10.0
 30
0.0
 11
52.24
 21
10.0
 31
0.0
  0
LINE
  5
2E2
330
17
100
AcDbEntity
  8
DIM
100
AcDbLine
 10
52.14
 20
0.0
 30
0.0
 11
52.14
 21
10.0
 31
0.0
  0
TEXT
  5
2E3
330
17
100
AcDbEntity
  8
DIM
100
AcDbText
 10
52.49
 20
5.0
 30
0.0
 40
0.2925
  1
10.00
 11
52.49
 21
5.0
 31
0.0
100
AcDbText
  0
LINE
  5
2E4
330
17
100
AcDbEntity
  8
DIM
100
AcDbLine
 10
51.54
 20
9.0
 30
0.0
 11
51.54
 21
9.200000000000001
 31
0.0
  0
LINE
  5
2E5
330
17
100
AcDbEntity
  8
DIM
100
AcDbLine
 10
52.74
 20
9.0
 30
0.0
 11
52.74
 21
9.200000000000001
 31
0.0
  0
LINE
  5
2E6
330
17
100
AcDbEntity
  8
DIM
100
AcDbLine
 10
51.54
 20
9.3
 30
0.0
 11
52.74
 21
9.3
 31
0.0
  0
TEXT
  5
2E7
330
17
100
AcDbEntity
  8
DIM
100
AcDbText
 10
52.14
 20
8.850000000000001
 30
0.0
 40
0.2925
  1
1.20
 11
52.14
 21
8.850000000000001
 31
0.0
100
AcDbText
  0
TEXT
  5
2E8
330
17
100
AcDbEntity
  8
VIEWLABEL
100
AcDbText
 10
100.0
 20
-2.2
 30
0.0
 40
0.8
  1
MACRO - SIDE
 11
100.0
 21
-2.2
 31
0.0
100
AcDbText
  0
LINE
  5
2E9
330
17
100
AcDbEntity
  8
SITE
100
AcDbLine
 10
92.0
 20
0.0
 30
0.0
 11
115.0
 21
0.0
 31
0.0
  0
LINE
  5
2EA
330
17
100
AcDbEntity
  8
SITE
100
AcDbLine
 10
92.0
 20
0.0
 30
0.0
 11
91.99
 21
-2.5
 31
0.0
  0
LINE
  5
2EB
330
17
100
AcDbEntity
  8
SITE
100
AcDbLine
 10
92.0
 20
-2.5
 30
0.0
 11
93.2
 21
-3.2
 31
0.0
  0
LINE
  5
2EC
330
17
100
AcDbEntity
  8
TRUSS
100
AcDbLine
 10
99.855
 20
0.21
 30
0.0
 11
99.855
 21
9.71
 31
0.0
  0
LINE
  5
2ED
330
17
100
AcDbEntity
  8
TRUSS
100
AcDbLine
 10
100.145
 20
0.21
 30
0.0
 11
100.145
 21
9.71
 31
0.0
  0
LINE
  5
2EE
330
17
100
AcDbEntity
  8
TRUSS
100
AcDbLine
 10
99.855
 20
0.21
 30
0.0
 11
100.145
 21
0.71
 31
0.0
  0
LINE
  5
2EF
330
17
100
AcDbEntity
  8
TRUSS
100
AcDbLine
 10
100.145
 20
0.71
 30
0.0
 11
99.855
 21
1.21
 31
0.0
  0
LINE
  5
2F0
330
17
100
AcDbEntity
  8
TRUSS
100
AcDbLine
 10
99.855
 20
1.21
 30
0.0
 11
100.145
 21
1.71
 31
0.0
  0
LINE
  5
2F1
330
17
100
AcDbEntity
  8
TRUSS
100
AcDbLine
 10
100.145
 20
1.71
 30
0.0
 11
99.855
 21
2.21
 31
0.0
  0
LINE
  5
2F2
330
17
100
AcDbEntity
  8
TRUSS
100
AcDbLine
 10
99.855
 20
2.21
 30
0.0
 11
100.145
 21
2.71
 31
0.0
  0
LINE
  5
2F3
330
17
100
AcDbEntity
  8
TRUSS
100
AcDbLine
 10
100.145
 20
2.71
 30
0.0
 11
99.855
 21
3.21
 31
0.0
  0
LINE
  5
2F4
330
17
100
AcDbEntity
  8
TRUSS
100
AcDbLine
 10
99.855
 20
3.21
 30
0.0
 11
100.145
 21
3.71
 31
0.0
  0
LINE
  5
2F5
330
17
100
AcDbEntity
  8
TRUSS
100
AcDbLine
 10
100.145
 20
3.71
 30
0.0
 11
99.855
 21
4.21
 31
0.0
  0
LINE
  5
2F6
330
17
100
AcDbEntity
  8
TRUSS
100
AcDbLine
 10
99.855
 20
4.21
 30
0.0
 11
100.145
 21
4.71
 31
0.0
  0
LINE
  5
2F7
330
17
100
AcDbEntity
  8
TRUSS
100
AcDbLine
 10
100.145
 20
4.71
 30
0.0
 11
99.855
 21
5.21
 31
0.0
  0
LINE
  5
2F8
330
17
100
AcDbEntity
  8
TRUSS
100
AcDbLine
 10
99.855
 20
5.21
 30
0.0
 11
100.145
 21
5.71
 31
0.0
  0
LINE
  5
2F9
330
17
100
AcDbEntity
  8
TRUSS
100
AcDbLine
 10
100.145
 20
5.71
 30
0.0
 11
99.855
 21
6.21
 31
0.0
  0
LINE
  5
2FA
330
17
100
AcDbEntity
  8
TRUSS
100
AcDbLine
 10
99.855
 20
6.21
 30
0.0
 11
100.145
 21
6.71
 31
0.0
  0
LINE
  5
2FB
330
17
100
AcDbEntity
  8
TRUSS
100
AcDbLine
 10
100.145
 20
6.71
 30
0.0
 11
99.855
 21
7.21
 31
0.0
  0
LINE
  5
2FC
330
17
100
AcDbEntity
  8
TRUSS
100
AcDbLine
 10
99.855
 20
7.21
 30
0.0
 11
100.145
 21
7.71
 31
0.0
  0
LINE
  5
2FD
330
17
100
AcDbEntity
  8
TRUSS
100
AcDbLine
 10
100.145
 20
7.71
 30
0.0
 11
99.855
 21
8.21
 31
0.0
  0
LINE
  5
2FE
330
17
100
AcDbEntity
  8
TRUSS
100
AcDbLine
 10
99.855
 20
8.21
 30
0.0
 11
100.145
 21
8.71
 31
0.0
  0
LINE
  5
2FF
330
17
100
AcDbEntity
  8
TRUSS
100
AcDbLine
 10
100.145
 20
8.71
 30
0.0
 11
99.855
 21
9.21
 31
0.0
  0
LINE
  5
300
330
17
100
AcDbEntity
  8
TRUSS
100
AcDbLine
 10
99.855
 20
9.21
 30
0.0
 11
100.145
 21
9.71
 31
0.0
  0
LINE
  5
301
330
17
100
AcDbEntity
  8
TRUSS
100
AcDbLine
 10
99.805
 20
3.21
 30
0.0
 11
100.195
 21
3.21
 31
0.0
  0
LINE
  5
302
330
17
100
AcDbEntity
  8
TRUSS
100
AcDbLine
 10
99.805
 20
6.21
 30
0.0
 11
100.195
 21
6.21
 31
0.0
  0
LINE
  5
303
330
17
100
AcDbEntity
  8
TRUSS
100
AcDbLine
 10
99.805
 20
8.21
 30
0.0
 11
100.195
 21
8.21
 31
0.0
  0
LINE
  5
304
330
17
100
AcDbEntity
  8
TRUSS
100
AcDbLine
 10
99.805
 20
9.21
 30
0.0
 11
100.195
 21
9.21
 31
0.0
  0
LWPOLYLINE
  5
305
330
17
100
AcDbEntity
  8
TRUSS
100
AcDbPolyline
 90
4
 70
1
 10
99.855
 20
9.71
 10
100.145
 20
9.71
 10
100.145
 20
10.0
 10
99.855
 20
10.0
  0
TEXT
  5
306
330
17
100
AcDbEntity
  8
TXT
100
AcDbText
 10
101.0
 20
9.95
 30
0.0
 40
0.27
  1
F4 10.0
 11
101.0
 21
9.95
 31
0.0
100
AcDbText
  0
LINE
  5
307
330
17
100
AcDbEntity
  8
TRUSS
100
AcDbLine
 10
99.855
 20
0.21
 30
0.0
 11
99.855
 21
8.21
 31
0.0
  0
LINE
  5
308
330
17
100
AcDbEntity
  8
TRUSS
100
AcDbLine
 10
100.145
 20
0.21
 30
0.0
 11
100.145
 21
8.21
 31
0.0
  0
LINE
  5
309
330
17
100
AcDbEntity
  8
TRUSS
100
AcDbLine
 10
99.855
 20
0.21
 30
0.0
 11
100.145
 21
0.71
 31
0.0
  0
LINE
  5
30A
330
17
100
AcDbEntity
  8
TRUSS
100
AcDbLine
 10
100.145
 20
0.71
 30
0.0
 11
99.855
 21
1.21
 31
0.0
  0
LINE
  5
30B
330
17
100
AcDbEntity
  8
TRUSS
100
AcDbLine
 10
99.855
 20
1.21
 30
0.0
 11
100.145
 21
1.71
 31
0.0
  0
LINE
  5
30C
330
17
100
AcDbEntity
  8
TRUSS
100
AcDbLine
 10
100.145
 20
1.71
 30
0.0
 11
99.855
 21
2.21
 31
0.0
  0
LINE
  5
30D
330
17
100
AcDbEntity
  8
TRUSS
100
AcDbLine
 10
99.855
 20
2.21
 30
0.0
 11
100.145
 21
2.71
 31
0.0
  0
LINE
  5
30E
330
17
100
AcDbEntity
  8
TRUSS
100
AcDbLine
 10
100.145
 20
2.71
 30
0.0
 11
99.855
 21
3.21
 31
0.0
  0
LINE
  5
30F
330
17
100
AcDbEntity
  8
TRUSS
100
AcDbLine
 10
99.855
 20
3.21
 30
0.0
 11
100.145
 21
3.71
 31
0.0
  0
LINE
  5
310
330
17
100
AcDbEntity
  8
TRUSS
100
AcDbLine
 10
100.145
 20
3.71
 30
0.0
 11
99.855
 21
4.21
 31
0.0
  0
LINE
  5
311
330
17
100
AcDbEntity
  8
TRUSS
100
AcDbLine
 10
99.855
 20
4.21
 30
0.0
 11
100.145
 21
4.71
 31
0.0
  0
LINE
  5
312
330
17
100
AcDbEntity
  8
TRUSS
100
AcDbLine
 10
100.145
 20
4.71
 30
0.0
 11
99.855
 21
5.21
 31
0.0
  0
LINE
  5
313
330
17
100
AcDbEntity
  8
TRUSS
100
AcDbLine
 10
99.855
 20
5.21
 30
0.0
 11
100.145
 21
5.71
 31
0.0
  0
LINE
  5
314
330
17
100
AcDbEntity
  8
TRUSS
100
AcDbLine
 10
100.145
 20
5.71
 30
0.0
 11
99.855
 21
6.21
 31
0.0
  0
LINE
  5
315
330
17
100
AcDbEntity
  8
TRUSS
100
AcDbLine
 10
99.855
 20
6.21
 30
0.0
 11
100.145
 21
6.71
 31
0.0
  0
LINE
  5
316
330
17
100
AcDbEntity
  8
TRUSS
100
AcDbLine
 10
100.145
 20
6.71
 30
0.0
 11
99.855
 21
7.21
 31
0.0
  0
LINE
  5
317
330
17
100
AcDbEntity
  8
TRUSS
100
AcDbLine
 10
99.855
 20
7.21
 30
0.0
 11
100.145
 21
7.71
 31
0.0
  0
LINE
  5
318
330
17
100
AcDbEntity
  8
TRUSS
100
AcDbLine
 10
100.145
 20
7.71
 30
0.0
 11
99.855
 21
8.21
 31
0.0
  0
LINE
  5
319
330
17
100
AcDbEntity
  8
TRUSS
100
AcDbLine
 10
99.805
 20
3.21
 30
0.0
 11
100.195
 21
3.21
 31
0.0
  0
LINE
  5
31A
330
17
100
AcDbEntity
  8
TRUSS
100
AcDbLine
 10
99.805
 20
6.21
 30
0.0
 11
100.195
 21
6.21
 31
0.0
  0
LWPOLYLINE
  5
31B
330
17
100
AcDbEntity
  8
TRUSS
100
AcDbPolyline
 90
4
 70
1
 10
99.855
 20
8.21
 10
100.145
 20
8.21
 10
100.145
 20
8.5
 10
99.855
 20
8.5
  0
TEXT
  5
31C
330
17
100
AcDbEntity
  8
TXT
100
AcDbText
 10
101.0
 20
8.45
 30
0.0
 40
0.27
  1
F3/F5 8.5
 11
101.0
 21
8.45
 31
0.0
100
AcDbText
  0
LINE
  5
31D
330
17
100
AcDbEntity
  8
TRUSS
100
AcDbLine
 10
99.855
 20
0.21
 30
0.0
 11
99.855
 21
6.71
 31
0.0
  0
LINE
  5
31E
330
17
100
AcDbEntity
  8
TRUSS
100
AcDbLine
 10
100.145
 20
0.21
 30
0.0
 11
100.145
 21
6.71
 31
0.0
  0
LINE
  5
31F
330
17
100
AcDbEntity
  8
TRUSS
100
AcDbLine
 10
99.855
 20
0.21
 30
0.0
 11
100.145
 21
0.71
 31
0.0
  0
LINE
  5
320
330
17
100
AcDbEntity
  8
TRUSS
100
AcDbLine
 10
100.145
 20
0.71
 30
0.0
 11
99.855
 21
1.21
 31
0.0
  0
LINE
  5
321
330
17
100
AcDbEntity
  8
TRUSS
100
AcDbLine
 10
99.855
 20
1.21
 30
0.0
 11
100.145
 21
1.71
 31
0.0
  0
LINE
  5
322
330
17
100
AcDbEntity
  8
TRUSS
100
AcDbLine
 10
100.145
 20
1.71
 30
0.0
 11
99.855
 21
2.21
 31
0.0
  0
LINE
  5
323
330
17
100
AcDbEntity
  8
TRUSS
100
AcDbLine
 10
99.855
 20
2.21
 30
0.0
 11
100.145
 21
2.71
 31
0.0
  0
LINE
  5
324
330
17
100
AcDbEntity
  8
TRUSS
100
AcDbLine
 10
100.145
 20
2.71
 30
0.0
 11
99.855
 21
3.21
 31
0.0
  0
LINE
  5
325
330
17
100
AcDbEntity
  8
TRUSS
100
AcDbLine
 10
99.855
 20
3.21
 30
0.0
 11
100.145
 21
3.71
 31
0.0
  0
LINE
  5
326
330
17
100
AcDbEntity
  8
TRUSS
100
AcDbLine
 10
100.145
 20
3.71
 30
0.0
 11
99.855
 21
4.21
 31
0.0
  0
LINE
  5
327
330
17
100
AcDbEntity
  8
TRUSS
100
AcDbLine
 10
99.855
 20
4.21
 30
0.0
 11
100.145
 21
4.71
 31
0.0
  0
LINE
  5
328
330
17
100
AcDbEntity
  8
TRUSS
100
AcDbLine
 10
100.145
 20
4.71
 30
0.0
 11
99.855
 21
5.21
 31
0.0
  0
LINE
  5
329
330
17
100
AcDbEntity
  8
TRUSS
100
AcDbLine
 10
99.855
 20
5.21
 30
0.0
 11
100.145
 21
5.71
 31
0.0
  0
LINE
  5
32A
330
17
100
AcDbEntity
  8
TRUSS
100
AcDbLine
 10
100.145
 20
5.71
 30
0.0
 11
99.855
 21
6.21
 31
0.0
  0
LINE
  5
32B
330
17
100
AcDbEntity
  8
TRUSS
100
AcDbLine
 10
99.855
 20
6.21
 30
0.0
 11
100.145
 21
6.71
 31
0.0
  0
LINE
  5
32C
330
17
100
AcDbEntity
  8
TRUSS
100
AcDbLine
 10
99.805
 20
3.21
 30
0.0
 11
100.195
 21
3.21
 31
0.0
  0
LINE
  5
32D
330
17
100
AcDbEntity
  8
TRUSS
100
AcDbLine
 10
99.805
 20
5.21
 30
0.0
 11
100.195
 21
5.21
 31
0.0
  0
LINE
  5
32E
330
17
100
AcDbEntity
  8
TRUSS
100
AcDbLine
 10
99.805
 20
6.21
 30
0.0
 11
100.195
 21
6.21
 31
0.0
  0
LWPOLYLINE
  5
32F
330
17
100
AcDbEntity
  8
TRUSS
100
AcDbPolyline
 90
4
 70
1
 10
99.855
 20
6.71
 10
100.145
 20
6.71
 10
100.145
 20
7.0
 10
99.855
 20
7.0
  0
TEXT
  5
330
330
17
100
AcDbEntity
  8
TXT
100
AcDbText
 10
101.0
 20
6.95
 30
0.0
 40
0.27
  1
F2/F6 7.0
 11
101.0
 21
6.95
 31
0.0
100
AcDbText
  0
LINE
  5
331
330
17
100
AcDbEntity
  8
TRUSS
100
AcDbLine
 10
99.855
 20
0.21
 30
0.0
 11
99.855
 21
5.21
 31
0.0
  0
LINE
  5
332
330
17
100
AcDbEntity
  8
TRUSS
100
AcDbLine
 10
100.145
 20
0.21
 30
0.0
 11
100.145
 21
5.21
 31
0.0
  0
LINE
  5
333
330
17
100
AcDbEntity
  8
TRUSS
100
AcDbLine
 10
99.855
 20
0.21
 30
0.0
 11
100.145
 21
0.71
 31
0.0
  0
LINE
  5
334
330
17
100
AcDbEntity
  8
TRUSS
100
AcDbLine
 10
100.145
 20
0.71
 30
0.0
 11
99.855
 21
1.21
 31
0.0
  0
LINE
  5
335
330
17
100
AcDbEntity
  8
TRUSS
100
AcDbLine
 10
99.855
 20
1.21
 30
0.0
 11
100.145
 21
1.71
 31
0.0
  0
LINE
  5
336
330
17
100
AcDbEntity
  8
TRUSS
100
AcDbLine
 10
100.145
 20
1.71
 30
0.0
 11
99.855
 21
2.21
 31
0.0
  0
LINE
  5
337
330
17
100
AcDbEntity
  8
TRUSS
100
AcDbLine
 10
99.855
 20
2.21
 30
0.0
 11
100.145
 21
2.71
 31
0.0
  0
LINE
  5
338
330
17
100
AcDbEntity
  8
TRUSS
100
AcDbLine
 10
100.145
 20
2.71
 30
0.0
 11
99.855
 21
3.21
 31
0.0
  0
LINE
  5
339
330
17
100
AcDbEntity
  8
TRUSS
100
AcDbLine
 10
99.855
 20
3.21
 30
0.0
 11
100.145
 21
3.71
 31
0.0
  0
LINE
  5
33A
330
17
100
AcDbEntity
  8
TRUSS
100
AcDbLine
 10
100.145
 20
3.71
 30
0.0
 11
99.855
 21
4.21
 31
0.0
  0
LINE
  5
33B
330
17
100
AcDbEntity
  8
TRUSS
100
AcDbLine
 10
99.855
 20
4.21
 30
0.0
 11
100.145
 21
4.71
 31
0.0
  0
LINE
  5
33C
330
17
100
AcDbEntity
  8
TRUSS
100
AcDbLine
 10
100.145
 20
4.71
 30
0.0
 11
99.855
 21
5.21
 31
0.0
  0
LINE
  5
33D
330
17
100
AcDbEntity
  8
TRUSS
100
AcDbLine
 10
99.805
 20
3.21
 30
0.0
 11
100.195
 21
3.21
 31
0.0
  0
LWPOLYLINE
  5
33E
330
17
100
AcDbEntity
  8
TRUSS
100
AcDbPolyline
 90
4
 70
1
 10
99.855
 20
5.21
 10
100.145
 20
5.21
 10
100.145
 20
5.5
 10
99.855
 20
5.5
  0
TEXT
  5
33F
330
17
100
AcDbEntity
  8
TXT
100
AcDbText
 10
101.0
 20
5.45
 30
0.0
 40
0.27
  1
F1/F7 5.5
 11
101.0
 21
5.45
 31
0.0
100
AcDbText
  0
LWPOLYLINE
  5
340
330
17
100
AcDbEntity
  8
TRUSS
100
AcDbPolyline
 90
4
 70
1
 10
99.6
 20
0.0
 10
100.4
 20
0.0
 10
100.4
 20
0.05
 10
99.6
 20
0.05
  0
LWPOLYLINE
  5
341
330
17
100
AcDbEntity
  8
PA
100
AcDbPolyline
 90
4
 70
1
 10
100.35
 20
5.4
 10
100.8
 20
5.4
 10
100.8
 20
7.5
 10
100.35
 20
7.5
  0
TEXT
  5
342
330
17
100
AcDbEntity
  8
TXT
100
AcDbText
 10
101.5
 20
6.4
 30
0.0
 40
0.2475
  1
KARA II x8 TRIM 7.50
 11
101.5
 21
6.4
 31
0.0
100
AcDbText
  0
CIRCLE
  5
343
330
17
100
AcDbEntity
  8
MP
100
AcDbCircle
 10
99.45
 20
3.5
 30
0.0
 40
0.2
  0
CIRCLE
  5
344
330
17
100
AcDbEntity
  8
MP
100
AcDbCircle
 10
99.45
 20
7.5
 30
0.0
 40
0.2
  0
LWPOLYLINE
  5
345
330
17
100
AcDbEntity
  8
JDC
100
AcDbPolyline
 90
4
 70
1
 10
99.5
 20
9.73
 10
99.95
 20
9.73
 10
99.95
 20
9.98
 10
99.5
 20
9.98
  0
LWPOLYLINE
  5
346
330
17
100
AcDbEntity
  8
STAGE
100
AcDbPolyline
 90
4
 70
1
 10
102.0
 20
0.0
 10
110.0
 20
0.0
 10
110.0
 20
1.0
 10
102.0
 20
1.0
  0
LINE
  5
347
330
17
100
AcDbEntity
  8
STAGE
100
AcDbLine
 10
102.0
 20
0.0
 30
0.0
 11
102.0
 21
1.0
 31
0.0
  0
LINE
  5
348
330
17
100
AcDbEntity
  8
STAGE
100
AcDbLine
 10
104.0
 20
0.0
 30
0.0
 11
104.0
 21
1.0
 31
0.0
  0
LINE
  5
349
330
17
100
AcDbEntity
  8
STAGE
100
AcDbLine
 10
106.0
 20
0.0
 30
0.0
 11
106.0
 21
1.0
 31
0.0
  0
LINE
  5
34A
330
17
100
AcDbEntity
  8
STAGE
100
AcDbLine
 10
108.0
 20
0.0
 30
0.0
 11
108.0
 21
1.0
 31
0.0
  0
LINE
  5
34B
330
17
100
AcDbEntity
  8
STAGE
100
AcDbLine
 10
110.0
 20
0.0
 30
0.0
 11
110.0
 21
1.0
 31
0.0
  0
LWPOLYLINE
  5
34C
330
17
100
AcDbEntity
  8
STAGE
100
AcDbPolyline
 90
4
 70
1
 10
102.5
 20
1.0
 10
104.5
 20
1.0
 10
104.5
 20
1.4
 10
102.5
 20
1.4
  0
LWPOLYLINE
  5
34D
330
17
100
AcDbEntity
  8
STAGE
100
AcDbPolyline
 90
4
 70
1
 10
103.0
 20
1.4
 10
103.7
 20
1.4
 10
103.7
 20
1.9
 10
103.0
 20
1.9
  0
LINE
  5
34E
330
17
100
AcDbEntity
  8
STAGE
100
AcDbLine
 10
102.0
 20
1.0
 30
0.0
 11
102.0
 21
2.1
 31
0.0
  0
LINE
  5
34F
330
17
100
AcDbEntity
  8
STAGE
100
AcDbLine
 10
101.85
 20
2.1
 30
0.0
 11
102.15
 21
2.1
 31
0.0
  0
LWPOLYLINE
  5
350
330
17
100
AcDbEntity
  8
PA
100
AcDbPolyline
 90
4
 70
1
 10
110.4
 20
0.0
 10
111.15
 20
0.0
 10
111.15
 20
0.75
 10
110.4
 20
0.75
  0
TEXT
  5
351
330
17
100
AcDbEntity
  8
TXT
100
AcDbText
 10
110.8
 20
1.15
 30
0.0
 40
0.2475
  1
SUBS
 11
110.8
 21
1.15
 31
0.0
100
AcDbText
  0
LINE
  5
352
330
17
100
AcDbEntity
  8
DIM
100
AcDbLine
 10
92.0
 20
0.0
 30
0.0
 11
92.0
 21
-1.3
 31
0.0
  0
LINE
  5
353
330
17
100
AcDbEntity
  8
DIM
100
AcDbLine
 10
100.0
 20
0.0
 30
0.0
 11
100.0
 21
-1.3
 31
0.0
  0
LINE
  5
354
330
17
100
AcDbEntity
  8
DIM
100
AcDbLine
 10
92.0
 20
-1.2
 30
0.0
 11
100.0
 21
-1.2
 31
0.0
  0
TEXT
  5
355
330
17
100
AcDbEntity
  8
DIM
100
AcDbText
 10
96.0
 20
-1.65
 30
0.0
 40
0.2925
  1
8.00
 11
96.0
 21
-1.65
 31
0.0
100
AcDbText
  0
LINE
  5
356
330
17
100
AcDbEntity
  8
DIM
100
AcDbLine
 10
100.0
 20
0.0
 30
0.0
 11
100.0
 21
-0.7999999999999999
 31
0.0
  0
LINE
  5
357
330
17
100
AcDbEntity
  8
DIM
100
AcDbLine
 10
102.0
 20
0.0
 30
0.0
 11
102.0
 21
-0.7999999999999999
 31
0.0
  0
LINE
  5
358
330
17
100
AcDbEntity
  8
DIM
100
AcDbLine
 10
100.0
 20
-0.7
 30
0.0
 11
102.0
 21
-0.7
 31
0.0
  0
TEXT
  5
359
330
17
100
AcDbEntity
  8
DIM
100
AcDbText
 10
101.0
 20
-1.15
 30
0.0
 40
0.2925
  1
2.00
 11
101.0
 21
-1.15
 31
0.0
100
AcDbText
  0
LINE
  5
35A
330
17
100
AcDbEntity
  8
DIM
100
AcDbLine
 10
112.6
 20
0.0
 30
0.0
 11
113.1
 21
0.0
 31
0.0
  0
LINE
  5
35B
330
17
100
AcDbEntity
  8
DIM
100
AcDbLine
 10
112.6
 20
1.0
 30
0.0
 11
113.1
 21
1.0
 31
0.0
  0
LINE
  5
35C
330
17
100
AcDbEntity
  8
DIM
100
AcDbLine
 10
113.0
 20
0.0
 30
0.0
 11
113.0
 21
1.0
 31
0.0
  0
TEXT
  5
35D
330
17
100
AcDbEntity
  8
DIM
100
AcDbText
 10
113.35
 20
0.5
 30
0.0
 40
0.2925
  1
1.00
 11
113.35
 21
0.5
 31
0.0
100
AcDbText
  0
LINE
  5
35E
330
17
100
AcDbEntity
  8
DIM
100
AcDbLine
 10
98.1
 20
0.0
 30
0.0
 11
98.3
 21
0.0
 31
0.0
  0
LINE
  5
35F
330
17
100
AcDbEntity
  8
DIM
100
AcDbLine
 10
98.1
 20
10.0
 30
0.0
 11
98.3
 21
10.0
 31
0.0
  0
LINE
  5
360
330
17
100
AcDbEntity
  8
DIM
100
AcDbLine
 10
98.2
 20
0.0
 30
0.0
 11
98.2
 21
10.0
 31
0.0
  0
TEXT
  5
361
330
17
100
AcDbEntity
  8
DIM
100
AcDbText
 10
98.55
 20
5.0
 30
0.0
 40
0.2925
  1
10.00
 11
98.55
 21
5.0
 31
0.0
100
AcDbText
  0
TEXT
  5
362
330
17
100
AcDbEntity
  8
SITE
100
AcDbText
 10
113.8
 20
0.4
 30
0.0
 40
0.27
  1
FOH @ +24.0 m →
 11
113.8
 21
0.4
 31
0.0
100
AcDbText
  0
TEXT
  5
363
330
17
100
AcDbEntity
  8
VIEWLABEL
100
AcDbText
 10
0.0
 20
-62.2
 30
0.0
 40
0.8
  1
RIGGING - STAGE
 11
0.0
 21
-62.2
 31
0.0
100
AcDbText
  0
LINE
  5
364
330
17
100
AcDbEntity
  8
SITE
100
AcDbLine
 10
-17.0
 20
-68.0
 30
0.0
 11
17.0
 21
-68.0
 31
0.0
  0
TEXT
  5
365
330
17
100
AcDbEntity
  8
SITE
100
AcDbText
 10
0.0
 20
-68.6
 30
0.0
 40
0.2925
  1
CLIFF EDGE — KEEP OUT STRIP 2.0 m
 11
0.0
 21
-68.6
 31
0.0
100
AcDbText
  0
LINE
  5
366
330
17
100
AcDbEntity
  8
SITE
100
AcDbLine
 10
-17.0
 20
-66.0
 30
0.0
 11
17.0
 21
-66.0
 31
0.0
  0
LWPOLYLINE
  5
367
330
17
100
AcDbEntity
  8
TRUSS
100
AcDbPolyline
 90
4
 70
1
 10
-14.379999999999999
 20
-60.145
 10
-11.299999999999999
 20
-60.145
 10
-11.299999999999999
 20
-59.855
 10
-14.379999999999999
 20
-59.855
  0
LWPOLYLINE
  5
368
330
17
100
AcDbEntity
  8
TRUSS
100
AcDbPolyline
 90
4
 70
1
 10
-14.379999999999999
 20
-60.145
 10
-14.09
 20
-60.145
 10
-14.09
 20
-59.855
 10
-14.379999999999999
 20
-59.855
  0
LWPOLYLINE
  5
369
330
17
100
AcDbEntity
  8
TRUSS
100
AcDbPolyline
 90
4
 70
1
 10
-11.59
 20
-60.145
 10
-11.3
 20
-60.145
 10
-11.3
 20
-59.855
 10
-11.59
 20
-59.855
  0
TEXT
  5
36A
330
17
100
AcDbEntity
  8
TXT
100
AcDbText
 10
-12.84
 20
-60.95
 30
0.0
 40
0.33749999999999997
  1
F1
 11
-12.84
 21
-60.95
 31
0.0
100
AcDbText
  0
LWPOLYLINE
  5
36B
330
17
100
AcDbEntity
  8
DIM
100
AcDbPolyline
 90
4
 70
1
 10
-14.834999999999999
 20
-60.6
 10
-13.635
 20
-60.6
 10
-13.635
 20
-59.4
 10
-14.834999999999999
 20
-59.4
  0
LWPOLYLINE
  5
36C
330
17
100
AcDbEntity
  8
DIM
100
AcDbPolyline
 90
4
 70
1
 10
-12.045
 20
-60.6
 10
-10.845
 20
-60.6
 10
-10.845
 20
-59.4
 10
-12.045
 20
-59.4
  0
LWPOLYLINE
  5
36D
330
17
100
AcDbEntity
  8
TRUSS
100
AcDbPolyline
 90
4
 70
1
 10
-10.1
 20
-60.145
 10
-7.02
 20
-60.145
 10
-7.02
 20
-59.855
 10
-10.1
 20
-59.855
  0
LWPOLYLINE
  5
36E
330
17
100
AcDbEntity
  8
TRUSS
100
AcDbPolyline
 90
4
 70
1
 10
-10.1
 20
-60.145
 10
-9.81
 20
-60.145
 10
-9.81
 20
-59.855
 10
-10.1
 20
-59.855
  0
LWPOLYLINE
  5
36F
330
17
100
AcDbEntity
  8
TRUSS
100
AcDbPolyline
 90
4
 70
1
 10
-7.3100000000000005
 20
-60.145
 10
-7.0200000000000005
 20
-60.145
 10
-7.0200000000000005
 20
-59.855
 10
-7.3100000000000005
 20
-59.855
  0
TEXT
  5
370
330
17
100
AcDbEntity
  8
TXT
100
AcDbText
 10
-8.56
 20
-60.95
 30
0.0
 40
0.33749999999999997
  1
F2
 11
-8.56
 21
-60.95
 31
0.0
100
AcDbText
  0
LWPOLYLINE
  5
371
330
17
100
AcDbEntity
  8
DIM
100
AcDbPolyline
 90
4
 70
1
 10
-10.555
 20
-60.6
 10
-9.355
 20
-60.6
 10
-9.355
 20
-59.4
 10
-10.555
 20
-59.4
  0
LWPOLYLINE
  5
372
330
17
100
AcDbEntity
  8
DIM
100
AcDbPolyline
 90
4
 70
1
 10
-7.765000000000001
 20
-60.6
 10
-6.565
 20
-60.6
 10
-6.565
 20
-59.4
 10
-7.765000000000001
 20
-59.4
  0
LWPOLYLINE
  5
373
330
17
100
AcDbEntity
  8
TRUSS
100
AcDbPolyline
 90
4
 70
1
 10
-5.82
 20
-60.145
 10
-2.74
 20
-60.145
 10
-2.74
 20
-59.855
 10
-5.82
 20
-59.855
  0
LWPOLYLINE
  5
374
330
17
100
AcDbEntity
  8
TRUSS
100
AcDbPolyline
 90
4
 70
1
 10
-5.82
 20
-60.145
 10
-5.53
 20
-60.145
 10
-5.53
 20
-59.855
 10
-5.82
 20
-59.855
  0
LWPOLYLINE
  5
375
330
17
100
AcDbEntity
  8
TRUSS
100
AcDbPolyline
 90
4
 70
1
 10
-3.0300000000000002
 20
-60.145
 10
-2.74
 20
-60.145
 10
-2.74
 20
-59.855
 10
-3.0300000000000002
 20
-59.855
  0
TEXT
  5
376
330
17
100
AcDbEntity
  8
TXT
100
AcDbText
 10
-4.28
 20
-60.95
 30
0.0
 40
0.33749999999999997
  1
F3
 11
-4.28
 21
-60.95
 31
0.0
100
AcDbText
  0
LWPOLYLINE
  5
377
330
17
100
AcDbEntity
  8
DIM
100
AcDbPolyline
 90
4
 70
1
 10
-6.275
 20
-60.6
 10
-5.075
 20
-60.6
 10
-5.075
 20
-59.4
 10
-6.275
 20
-59.4
  0
LWPOLYLINE
  5
378
330
17
100
AcDbEntity
  8
DIM
100
AcDbPolyline
 90
4
 70
1
 10
-3.4850000000000003
 20
-60.6
 10
-2.285
 20
-60.6
 10
-2.285
 20
-59.4
 10
-3.4850000000000003
 20
-59.4
  0
LINE
  5
379
330
17
100
AcDbEntity
  8
DIM
100
AcDbLine
 10
-4.28
 20
-60.0
 30
0.0
 11
-6.880000000000001
 21
-62.6
 31
0.0
  0
CIRCLE
  5
37A
330
17
100
AcDbEntity
  8
DIM
100
AcDbCircle
 10
-6.880000000000001
 20
-62.6
 30
0.0
 40
0.15
  0
LINE
  5
37B
330
17
100
AcDbEntity
  8
DIM
100
AcDbLine
 10
-4.28
 20
-60.0
 30
0.0
 11
-1.6800000000000002
 21
-62.6
 31
0.0
  0
CIRCLE
  5
37C
330
17
100
AcDbEntity
  8
DIM
100
AcDbCircle
 10
-1.6800000000000002
 20
-62.6
 30
0.0
 40
0.15
  0
LWPOLYLINE
  5
37D
330
17
100
AcDbEntity
  8
TRUSS
100
AcDbPolyline
 90
4
 70
1
 10
-1.54
 20
-60.145
 10
1.54
 20
-60.145
 10
1.54
 20
-59.855
 10
-1.54
 20
-59.855
  0
LWPOLYLINE
  5
37E
330
17
100
AcDbEntity
  8
TRUSS
100
AcDbPolyline
 90
4
 70
1
 10
-1.54
 20
-60.145
 10
-1.25
 20
-60.145
 10
-1.25
 20
-59.855
 10
-1.54
 20
-59.855
  0
LWPOLYLINE
  5
37F
330
17
100
AcDbEntity
  8
TRUSS
100
AcDbPolyline
 90
4
 70
1
 10
1.25
 20
-60.145
 10
1.54
 20
-60.145
 10
1.54
 20
-59.855
 10
1.25
 20
-59.855
  0
TEXT
  5
380
330
17
100
AcDbEntity
  8
TXT
100
AcDbText
 10
0.0
 20
-60.95
 30
0.0
 40
0.33749999999999997
  1
F4
 11
0.0
 21
-60.95
 31
0.0
100
AcDbText
  0
LWPOLYLINE
  5
381
330
17
100
AcDbEntity
  8
DIM
100
AcDbPolyline
 90
4
 70
1
 10
-1.995
 20
-60.6
 10
-0.7950000000000002
 20
-60.6
 10
-0.7950000000000002
 20
-59.4
 10
-1.995
 20
-59.4
  0
LWPOLYLINE
  5
382
330
17
100
AcDbEntity
  8
DIM
100
AcDbPolyline
 90
4
 70
1
 10
0.795
 20
-60.6
 10
1.995
 20
-60.6
 10
1.995
 20
-59.4
 10
0.795
 20
-59.4
  0
LINE
  5
383
330
17
100
AcDbEntity
  8
DIM
100
AcDbLine
 10
0.0
 20
-60.0
 30
0.0
 11
-2.8
 21
-62.8
 31
0.0
  0
CIRCLE
  5
384
330
17
100
AcDbEntity
  8
DIM
100
AcDbCircle
 10
-2.8
 20
-62.8
 30
0.0
 40
0.15
  0
LINE
  5
385
330
17
100
AcDbEntity
  8
DIM
100
AcDbLine
 10
0.0
 20
-60.0
 30
0.0
 11
2.8
 21
-62.8
 31
0.0
  0
CIRCLE
  5
386
330
17
100
AcDbEntity
  8
DIM
100
AcDbCircle
 10
2.8
 20
-62.8
 30
0.0
 40
0.15
  0
LINE
  5
387
330
17
100
AcDbEntity
  8
DIM
100
AcDbLine
 10
0.0
 20
-60.0
 30
0.0
 11
-4.5
 21
-62.0
 31
0.0
  0
CIRCLE
  5
388
330
17
100
AcDbEntity
  8
DIM
100
AcDbCircle
 10
-4.5
 20
-62.0
 30
0.0
 40
0.15
  0
LINE
  5
389
330
17
100
AcDbEntity
  8
DIM
100
AcDbLine
 10
0.0
 20
-60.0
 30
0.0
 11
4.5
 21
-62.0
 31
0.0
  0
CIRCLE
  5
38A
330
17
100
AcDbEntity
  8
DIM
100
AcDbCircle
 10
4.5
 20
-62.0
 30
0.0
 40
0.15
  0
LWPOLYLINE
  5
38B
330
17
100
AcDbEntity
  8
TRUSS
100
AcDbPolyline
 90
4
 70
1
 10
2.74
 20
-60.145
 10
5.82
 20
-60.145
 10
5.82
 20
-59.855
 10
2.74
 20
-59.855
  0
LWPOLYLINE
  5
38C
330
17
100
AcDbEntity
  8
TRUSS
100
AcDbPolyline
 90
4
 70
1
 10
2.74
 20
-60.145
 10
3.0300000000000002
 20
-60.145
 10
3.0300000000000002
 20
-59.855
 10
2.74
 20
-59.855
  0
LWPOLYLINE
  5
38D
330
17
100
AcDbEntity
  8
TRUSS
100
AcDbPolyline
 90
4
 70
1
 10
5.530000000000001
 20
-60.145
 10
5.820000000000001
 20
-60.145
 10
5.820000000000001
 20
-59.855
 10
5.530000000000001
 20
-59.855
  0
TEXT
  5
38E
330
17
100
AcDbEntity
  8
TXT
100
AcDbText
 10
4.28
 20
-60.95
 30
0.0
 40
0.33749999999999997
  1
F5
 11
4.28
 21
-60.95
 31
0.0
100
AcDbText
  0
LWPOLYLINE
  5
38F
330
17
100
AcDbEntity
  8
DIM
100
AcDbPolyline
 90
4
 70
1
 10
2.285
 20
-60.6
 10
3.4850000000000003
 20
-60.6
 10
3.4850000000000003
 20
-59.4
 10
2.285
 20
-59.4
  0
LWPOLYLINE
  5
390
330
17
100
AcDbEntity
  8
DIM
100
AcDbPolyline
 90
4
 70
1
 10
5.075000000000001
 20
-60.6
 10
6.275000000000001
 20
-60.6
 10
6.275000000000001
 20
-59.4
 10
5.075000000000001
 20
-59.4
  0
LINE
  5
391
330
17
100
AcDbEntity
  8
DIM
100
AcDbLine
 10
4.28
 20
-60.0
 30
0.0
 11
1.6800000000000002
 21
-62.6
 31
0.0
  0
CIRCLE
  5
392
330
17
100
AcDbEntity
  8
DIM
100
AcDbCircle
 10
1.6800000000000002
 20
-62.6
 30
0.0
 40
0.15
  0
LINE
  5
393
330
17
100
AcDbEntity
  8
DIM
100
AcDbLine
 10
4.28
 20
-60.0
 30
0.0
 11
6.880000000000001
 21
-62.6
 31
0.0
  0
CIRCLE
  5
394
330
17
100
AcDbEntity
  8
DIM
100
AcDbCircle
 10
6.880000000000001
 20
-62.6
 30
0.0
 40
0.15
  0
LWPOLYLINE
  5
395
330
17
100
AcDbEntity
  8
TRUSS
100
AcDbPolyline
 90
4
 70
1
 10
7.0200000000000005
 20
-60.145
 10
10.100000000000001
 20
-60.145
 10
10.100000000000001
 20
-59.855
 10
7.0200000000000005
 20
-59.855
  0
LWPOLYLINE
  5
396
330
17
100
AcDbEntity
  8
TRUSS
100
AcDbPolyline
 90
4
 70
1
 10
7.020000000000001
 20
-60.145
 10
7.310000000000001
 20
-60.145
 10
7.310000000000001
 20
-59.855
 10
7.020000000000001
 20
-59.855
  0
LWPOLYLINE
  5
397
330
17
100
AcDbEntity
  8
TRUSS
100
AcDbPolyline
 90
4
 70
1
 10
9.81
 20
-60.145
 10
10.1
 20
-60.145
 10
10.1
 20
-59.855
 10
9.81
 20
-59.855
  0
TEXT
  5
398
330
17
100
AcDbEntity
  8
TXT
100
AcDbText
 10
8.56
 20
-60.95
 30
0.0
 40
0.33749999999999997
  1
F6
 11
8.56
 21
-60.95
 31
0.0
100
AcDbText
  0
LWPOLYLINE
  5
399
330
17
100
AcDbEntity
  8
DIM
100
AcDbPolyline
 90
4
 70
1
 10
6.565000000000001
 20
-60.6
 10
7.7650000000000015
 20
-60.6
 10
7.7650000000000015
 20
-59.4
 10
6.565000000000001
 20
-59.4
  0
LWPOLYLINE
  5
39A
330
17
100
AcDbEntity
  8
DIM
100
AcDbPolyline
 90
4
 70
1
 10
9.355
 20
-60.6
 10
10.555
 20
-60.6
 10
10.555
 20
-59.4
 10
9.355
 20
-59.4
  0
LWPOLYLINE
  5
39B
330
17
100
AcDbEntity
  8
TRUSS
100
AcDbPolyline
 90
4
 70
1
 10
11.3
 20
-60.145
 10
14.38
 20
-60.145
 10
14.38
 20
-59.855
 10
11.3
 20
-59.855
  0
LWPOLYLINE
  5
39C
330
17
100
AcDbEntity
  8
TRUSS
100
AcDbPolyline
 90
4
 70
1
 10
11.3
 20
-60.145
 10
11.59
 20
-60.145
 10
11.59
 20
-59.855
 10
11.3
 20
-59.855
  0
LWPOLYLINE
  5
39D
330
17
100
AcDbEntity
  8
TRUSS
100
AcDbPolyline
 90
4
 70
1
 10
14.09
 20
-60.145
 10
14.379999999999999
 20
-60.145
 10
14.379999999999999
 20
-59.855
 10
14.09
 20
-59.855
  0
TEXT
  5
39E
330
17
100
AcDbEntity
  8
TXT
100
AcDbText
 10
12.84
 20
-60.95
 30
0.0
 40
0.33749999999999997
  1
F7
 11
12.84
 21
-60.95
 31
0.0
100
AcDbText
  0
LWPOLYLINE
  5
39F
330
17
100
AcDbEntity
  8
DIM
100
AcDbPolyline
 90
4
 70
1
 10
10.845
 20
-60.6
 10
12.045
 20
-60.6
 10
12.045
 20
-59.4
 10
10.845
 20
-59.4
  0
LWPOLYLINE
  5
3A0
330
17
100
AcDbEntity
  8
DIM
100
AcDbPolyline
 90
4
 70
1
 10
13.635
 20
-60.6
 10
14.834999999999999
 20
-60.6
 10
14.834999999999999
 20
-59.4
 10
13.635
 20
-59.4
  0
LWPOLYLINE
  5
3A1
330
17
100
AcDbEntity
  8
STAGE
100
AcDbPolyline
 90
4
 70
1
 10
-6.0
 20
-58.0
 10
6.0
 20
-58.0
 10
6.0
 20
-50.0
 10
-6.0
 20
-50.0
  0
LWPOLYLINE
  5
3A2
330
17
100
AcDbEntity
  8
STAGE
100
AcDbPolyline
 90
4
 70
1
 10
-1.5
 20
-57.5
 10
1.5
 20
-57.5
 10
1.5
 20
-55.5
 10
-1.5
 20
-55.5
  0
TEXT
  5
3A3
330
17
100
AcDbEntity
  8
TXT
100
AcDbText
 10
0.0
 20
-54.9
 30
0.0
 40
0.2925
  1
DJ RISER 3.0 x 2.0  +0.40
 11
0.0
 21
-54.9
 31
0.0
100
AcDbText
  0
LWPOLYLINE
  5
3A4
330
17
100
AcDbEntity
  8
STAGE
100
AcDbPolyline
 90
4
 70
1
 10
-1.2
 20
-56.4
 10
1.2
 20
-56.4
 10
1.2
 20
-55.8
 10
-1.2
 20
-55.8
  0
LWPOLYLINE
  5
3A5
330
17
100
AcDbEntity
  8
PA
100
AcDbPolyline
 90
4
 70
1
 10
-4.425
 20
-49.6
 10
-3.0749999999999997
 20
-49.6
 10
-3.0749999999999997
 20
-48.85
 10
-4.425
 20
-48.85
  0
LWPOLYLINE
  5
3A6
330
17
100
AcDbEntity
  8
PA
100
AcDbPolyline
 90
4
 70
1
 10
-2.925
 20
-49.6
 10
-1.5749999999999997
 20
-49.6
 10
-1.5749999999999997
 20
-48.85
 10
-2.925
 20
-48.85
  0
LWPOLYLINE
  5
3A7
330
17
100
AcDbEntity
  8
PA
100
AcDbPolyline
 90
4
 70
1
 10
-1.425
 20
-49.6
 10
-0.07499999999999996
 20
-49.6
 10
-0.07499999999999996
 20
-48.85
 10
-1.425
 20
-48.85
  0
LWPOLYLINE
  5
3A8
330
17
100
AcDbEntity
  8
PA
100
AcDbPolyline
 90
4
 70
1
 10
0.07499999999999996
 20
-49.6
 10
1.425
 20
-49.6
 10
1.425
 20
-48.85
 10
0.07499999999999996
 20
-48.85
  0
LWPOLYLINE
  5
3A9
330
17
100
AcDbEntity
  8
PA
100
AcDbPolyline
 90
4
 70
1
 10
1.575
 20
-49.6
 10
2.925
 20
-49.6
 10
2.925
 20
-48.85
 10
1.575
 20
-48.85
  0
LWPOLYLINE
  5
3AA
330
17
100
AcDbEntity
  8
PA
100
AcDbPolyline
 90
4
 70
1
 10
3.075
 20
-49.6
 10
4.425000000000001
 20
-49.6
 10
4.425000000000001
 20
-48.85
 10
3.075
 20
-48.85
  0
TEXT
  5
3AB
330
17
100
AcDbEntity
  8
TXT
100
AcDbText
 10
0.0
 20
-48.25
 30
0.0
 40
0.27
  1
6 x DUAL-18" SUB — CARDIOID (4+2), 1.5 m c-c
 11
0.0
 21
-48.25
 31
0.0
100
AcDbText
  0
TEXT
  5
3AC
330
17
100
AcDbEntity
  8
VIEWLABEL
100
AcDbText
 10
50.0
 20
-62.2
 30
0.0
 40
0.8
  1
RIGGING - FRONT (SEGMENTS)
 11
50.0
 21
-62.2
 31
0.0
100
AcDbText
  0
LINE
  5
3AD
330
17
100
AcDbEntity
  8
SITE
100
AcDbLine
 10
33.5
 20
-60.0
 30
0.0
 11
66.5
 21
-60.0
 31
0.0
  0
LWPOLYLINE
  5
3AE
330
17
100
AcDbEntity
  8
TRUSS
100
AcDbPolyline
 90
4
 70
1
 10
35.365
 20
-60.0
 10
36.165
 20
-60.0
 10
36.165
 20
-59.95
 10
35.365
 20
-59.95
  0
LWPOLYLINE
  5
3AF
330
17
100
AcDbEntity
  8
TRUSS
100
AcDbPolyline
 90
4
 70
1
 10
35.620000000000005
 20
-59.95
 10
35.91
 20
-59.95
 10
35.91
 20
-59.79
 10
35.620000000000005
 20
-59.79
  0
LINE
  5
3B0
330
17
100
AcDbEntity
  8
TRUSS
100
AcDbLine
 10
35.620000000000005
 20
-59.79
 30
0.0
 11
35.620000000000005
 21
-54.79
 31
0.0
  0
LINE
  5
3B1
330
17
100
AcDbEntity
  8
TRUSS
100
AcDbLine
 10
35.91
 20
-59.79
 30
0.0
 11
35.91
 21
-54.79
 31
0.0
  0
LINE
  5
3B2
330
17
100
AcDbEntity
  8
TRUSS
100
AcDbLine
 10
35.620000000000005
 20
-59.79
 30
0.0
 11
35.91
 21
-59.29
 31
0.0
  0
LINE
  5
3B3
330
17
100
AcDbEntity
  8
TRUSS
100
AcDbLine
 10
35.91
 20
-59.29
 30
0.0
 11
35.620000000000005
 21
-58.79
 31
0.0
  0
LINE
  5
3B4
330
17
100
AcDbEntity
  8
TRUSS
100
AcDbLine
 10
35.620000000000005
 20
-58.79
 30
0.0
 11
35.91
 21
-58.29
 31
0.0
  0
LINE
  5
3B5
330
17
100
AcDbEntity
  8
TRUSS
100
AcDbLine
 10
35.91
 20
-58.29
 30
0.0
 11
35.620000000000005
 21
-57.79
 31
0.0
  0
LINE
  5
3B6
330
17
100
AcDbEntity
  8
TRUSS
100
AcDbLine
 10
35.620000000000005
 20
-57.79
 30
0.0
 11
35.91
 21
-57.29
 31
0.0
  0
LINE
  5
3B7
330
17
100
AcDbEntity
  8
TRUSS
100
AcDbLine
 10
35.91
 20
-57.29
 30
0.0
 11
35.620000000000005
 21
-56.79
 31
0.0
  0
LINE
  5
3B8
330
17
100
AcDbEntity
  8
TRUSS
100
AcDbLine
 10
35.620000000000005
 20
-56.79
 30
0.0
 11
35.91
 21
-56.29
 31
0.0
  0
LINE
  5
3B9
330
17
100
AcDbEntity
  8
TRUSS
100
AcDbLine
 10
35.91
 20
-56.29
 30
0.0
 11
35.620000000000005
 21
-55.79
 31
0.0
  0
LINE
  5
3BA
330
17
100
AcDbEntity
  8
TRUSS
100
AcDbLine
 10
35.620000000000005
 20
-55.79
 30
0.0
 11
35.91
 21
-55.29
 31
0.0
  0
LINE
  5
3BB
330
17
100
AcDbEntity
  8
TRUSS
100
AcDbLine
 10
35.91
 20
-55.29
 30
0.0
 11
35.620000000000005
 21
-54.79
 31
0.0
  0
LINE
  5
3BC
330
17
100
AcDbEntity
  8
TRUSS
100
AcDbLine
 10
35.57
 20
-56.79
 30
0.0
 11
35.96
 21
-56.79
 31
0.0
  0
LWPOLYLINE
  5
3BD
330
17
100
AcDbEntity
  8
TRUSS
100
AcDbPolyline
 90
4
 70
1
 10
35.620000000000005
 20
-54.79
 10
35.91
 20
-54.79
 10
35.91
 20
-54.5
 10
35.620000000000005
 20
-54.5
  0
TEXT
  5
3BE
330
17
100
AcDbEntity
  8
DIM
100
AcDbText
 10
35.215
 20
-58.29
 30
0.0
 40
0.2475
  1
3.0
 11
35.215
 21
-58.29
 31
0.0
100
AcDbText
  0
TEXT
  5
3BF
330
17
100
AcDbEntity
  8
DIM
100
AcDbText
 10
35.215
 20
-55.79
 30
0.0
 40
0.2475
  1
2.0
 11
35.215
 21
-55.79
 31
0.0
100
AcDbText
  0
LWPOLYLINE
  5
3C0
330
17
100
AcDbEntity
  8
TRUSS
100
AcDbPolyline
 90
4
 70
1
 10
38.155
 20
-60.0
 10
38.955
 20
-60.0
 10
38.955
 20
-59.95
 10
38.155
 20
-59.95
  0
LWPOLYLINE
  5
3C1
330
17
100
AcDbEntity
  8
TRUSS
100
AcDbPolyline
 90
4
 70
1
 10
38.41
 20
-59.95
 10
38.7
 20
-59.95
 10
38.7
 20
-59.79
 10
38.41
 20
-59.79
  0
LINE
  5
3C2
330
17
100
AcDbEntity
  8
TRUSS
100
AcDbLine
 10
38.41
 20
-59.79
 30
0.0
 11
38.41
 21
-54.79
 31
0.0
  0
LINE
  5
3C3
330
17
100
AcDbEntity
  8
TRUSS
100
AcDbLine
 10
38.7
 20
-59.79
 30
0.0
 11
38.7
 21
-54.79
 31
0.0
  0
LINE
  5
3C4
330
17
100
AcDbEntity
  8
TRUSS
100
AcDbLine
 10
38.41
 20
-59.79
 30
0.0
 11
38.7
 21
-59.29
 31
0.0
  0
LINE
  5
3C5
330
17
100
AcDbEntity
  8
TRUSS
100
AcDbLine
 10
38.7
 20
-59.29
 30
0.0
 11
38.41
 21
-58.79
 31
0.0
  0
LINE
  5
3C6
330
17
100
AcDbEntity
  8
TRUSS
100
AcDbLine
 10
38.41
 20
-58.79
 30
0.0
 11
38.7
 21
-58.29
 31
0.0
  0
LINE
  5
3C7
330
17
100
AcDbEntity
  8
TRUSS
100
AcDbLine
 10
38.7
 20
-58.29
 30
0.0
 11
38.41
 21
-57.79
 31
0.0
  0
LINE
  5
3C8
330
17
100
AcDbEntity
  8
TRUSS
100
AcDbLine
 10
38.41
 20
-57.79
 30
0.0
 11
38.7
 21
-57.29
 31
0.0
  0
LINE
  5
3C9
330
17
100
AcDbEntity
  8
TRUSS
100
AcDbLine
 10
38.7
 20
-57.29
 30
0.0
 11
38.41
 21
-56.79
 31
0.0
  0
LINE
  5
3CA
330
17
100
AcDbEntity
  8
TRUSS
100
AcDbLine
 10
38.41
 20
-56.79
 30
0.0
 11
38.7
 21
-56.29
 31
0.0
  0
LINE
  5
3CB
330
17
100
AcDbEntity
  8
TRUSS
100
AcDbLine
 10
38.7
 20
-56.29
 30
0.0
 11
38.41
 21
-55.79
 31
0.0
  0
LINE
  5
3CC
330
17
100
AcDbEntity
  8
TRUSS
100
AcDbLine
 10
38.41
 20
-55.79
 30
0.0
 11
38.7
 21
-55.29
 31
0.0
  0
LINE
  5
3CD
330
17
100
AcDbEntity
  8
TRUSS
100
AcDbLine
 10
38.7
 20
-55.29
 30
0.0
 11
38.41
 21
-54.79
 31
0.0
  0
LINE
  5
3CE
330
17
100
AcDbEntity
  8
TRUSS
100
AcDbLine
 10
38.36
 20
-56.79
 30
0.0
 11
38.75
 21
-56.79
 31
0.0
  0
LWPOLYLINE
  5
3CF
330
17
100
AcDbEntity
  8
TRUSS
100
AcDbPolyline
 90
4
 70
1
 10
38.41
 20
-54.79
 10
38.7
 20
-54.79
 10
38.7
 20
-54.5
 10
38.41
 20
-54.5
  0
TEXT
  5
3D0
330
17
100
AcDbEntity
  8
DIM
100
AcDbText
 10
39.105000000000004
 20
-58.29
 30
0.0
 40
0.2475
  1
3.0
 11
39.105000000000004
 21
-58.29
 31
0.0
100
AcDbText
  0
TEXT
  5
3D1
330
17
100
AcDbEntity
  8
DIM
100
AcDbText
 10
39.105000000000004
 20
-55.79
 30
0.0
 40
0.2475
  1
2.0
 11
39.105000000000004
 21
-55.79
 31
0.0
100
AcDbText
  0
LINE
  5
3D2
330
17
100
AcDbEntity
  8
TRUSS
100
AcDbLine
 10
35.91
 20
-54.79
 30
0.0
 11
38.41
 21
-54.79
 31
0.0
  0
LINE
  5
3D3
330
17
100
AcDbEntity
  8
TRUSS
100
AcDbLine
 10
35.91
 20
-54.5
 30
0.0
 11
38.41
 21
-54.5
 31
0.0
  0
LINE
  5
3D4
330
17
100
AcDbEntity
  8
TRUSS
100
AcDbLine
 10
35.91
 20
-54.79
 30
0.0
 11
36.41
 21
-54.5
 31
0.0
  0
LINE
  5
3D5
330
17
100
AcDbEntity
  8
TRUSS
100
AcDbLine
 10
36.41
 20
-54.5
 30
0.0
 11
36.91
 21
-54.79
 31
0.0
  0
LINE
  5
3D6
330
17
100
AcDbEntity
  8
TRUSS
100
AcDbLine
 10
36.91
 20
-54.79
 30
0.0
 11
37.41
 21
-54.5
 31
0.0
  0
LINE
  5
3D7
330
17
100
AcDbEntity
  8
TRUSS
100
AcDbLine
 10
37.41
 20
-54.5
 30
0.0
 11
37.91
 21
-54.79
 31
0.0
  0
LINE
  5
3D8
330
17
100
AcDbEntity
  8
TRUSS
100
AcDbLine
 10
37.91
 20
-54.79
 30
0.0
 11
38.41
 21
-54.5
 31
0.0
  0
LINE
  5
3D9
330
17
100
AcDbEntity
  8
PIPE
100
AcDbLine
 10
35.91
 20
-56.8
 30
0.0
 11
38.41
 21
-56.8
 31
0.0
  0
TEXT
  5
3DA
330
17
100
AcDbEntity
  8
TXT
100
AcDbText
 10
37.16
 20
-54.05
 30
0.0
 40
0.36
  1
F1
 11
37.16
 21
-54.05
 31
0.0
100
AcDbText
  0
LWPOLYLINE
  5
3DB
330
17
100
AcDbEntity
  8
TRUSS
100
AcDbPolyline
 90
4
 70
1
 10
39.644999999999996
 20
-60.0
 10
40.445
 20
-60.0
 10
40.445
 20
-59.95
 10
39.644999999999996
 20
-59.95
  0
LWPOLYLINE
  5
3DC
330
17
100
AcDbEntity
  8
TRUSS
100
AcDbPolyline
 90
4
 70
1
 10
39.9
 20
-59.95
 10
40.19
 20
-59.95
 10
40.19
 20
-59.79
 10
39.9
 20
-59.79
  0
LINE
  5
3DD
330
17
100
AcDbEntity
  8
TRUSS
100
AcDbLine
 10
39.9
 20
-59.79
 30
0.0
 11
39.9
 21
-53.29
 31
0.0
  0
LINE
  5
3DE
330
17
100
AcDbEntity
  8
TRUSS
100
AcDbLine
 10
40.19
 20
-59.79
 30
0.0
 11
40.19
 21
-53.29
 31
0.0
  0
LINE
  5
3DF
330
17
100
AcDbEntity
  8
TRUSS
100
AcDbLine
 10
39.9
 20
-59.79
 30
0.0
 11
40.19
 21
-59.29
 31
0.0
  0
LINE
  5
3E0
330
17
100
AcDbEntity
  8
TRUSS
100
AcDbLine
 10
40.19
 20
-59.29
 30
0.0
 11
39.9
 21
-58.79
 31
0.0
  0
LINE
  5
3E1
330
17
100
AcDbEntity
  8
TRUSS
100
AcDbLine
 10
39.9
 20
-58.79
 30
0.0
 11
40.19
 21
-58.29
 31
0.0
  0
LINE
  5
3E2
330
17
100
AcDbEntity
  8
TRUSS
100
AcDbLine
 10
40.19
 20
-58.29
 30
0.0
 11
39.9
 21
-57.79
 31
0.0
  0
LINE
  5
3E3
330
17
100
AcDbEntity
  8
TRUSS
100
AcDbLine
 10
39.9
 20
-57.79
 30
0.0
 11
40.19
 21
-57.29
 31
0.0
  0
LINE
  5
3E4
330
17
100
AcDbEntity
  8
TRUSS
100
AcDbLine
 10
40.19
 20
-57.29
 30
0.0
 11
39.9
 21
-56.79
 31
0.0
  0
LINE
  5
3E5
330
17
100
AcDbEntity
  8
TRUSS
100
AcDbLine
 10
39.9
 20
-56.79
 30
0.0
 11
40.19
 21
-56.29
 31
0.0
  0
LINE
  5
3E6
330
17
100
AcDbEntity
  8
TRUSS
100
AcDbLine
 10
40.19
 20
-56.29
 30
0.0
 11
39.9
 21
-55.79
 31
0.0
  0
LINE
  5
3E7
330
17
100
AcDbEntity
  8
TRUSS
100
AcDbLine
 10
39.9
 20
-55.79
 30
0.0
 11
40.19
 21
-55.29
 31
0.0
  0
LINE
  5
3E8
330
17
100
AcDbEntity
  8
TRUSS
100
AcDbLine
 10
40.19
 20
-55.29
 30
0.0
 11
39.9
 21
-54.79
 31
0.0
  0
LINE
  5
3E9
330
17
100
AcDbEntity
  8
TRUSS
100
AcDbLine
 10
39.9
 20
-54.79
 30
0.0
 11
40.19
 21
-54.29
 31
0.0
  0
LINE
  5
3EA
330
17
100
AcDbEntity
  8
TRUSS
100
AcDbLine
 10
40.19
 20
-54.29
 30
0.0
 11
39.9
 21
-53.79
 31
0.0
  0
LINE
  5
3EB
330
17
100
AcDbEntity
  8
TRUSS
100
AcDbLine
 10
39.9
 20
-53.79
 30
0.0
 11
40.19
 21
-53.29
 31
0.0
  0
LINE
  5
3EC
330
17
100
AcDbEntity
  8
TRUSS
100
AcDbLine
 10
39.85
 20
-56.79
 30
0.0
 11
40.24
 21
-56.79
 31
0.0
  0
LINE
  5
3ED
330
17
100
AcDbEntity
  8
TRUSS
100
AcDbLine
 10
39.85
 20
-54.79
 30
0.0
 11
40.24
 21
-54.79
 31
0.0
  0
LINE
  5
3EE
330
17
100
AcDbEntity
  8
TRUSS
100
AcDbLine
 10
39.85
 20
-53.79
 30
0.0
 11
40.24
 21
-53.79
 31
0.0
  0
LWPOLYLINE
  5
3EF
330
17
100
AcDbEntity
  8
TRUSS
100
AcDbPolyline
 90
4
 70
1
 10
39.9
 20
-53.29
 10
40.19
 20
-53.29
 10
40.19
 20
-53.0
 10
39.9
 20
-53.0
  0
TEXT
  5
3F0
330
17
100
AcDbEntity
  8
DIM
100
AcDbText
 10
39.495
 20
-58.29
 30
0.0
 40
0.2475
  1
3.0
 11
39.495
 21
-58.29
 31
0.0
100
AcDbText
  0
TEXT
  5
3F1
330
17
100
AcDbEntity
  8
DIM
100
AcDbText
 10
39.495
 20
-55.79
 30
0.0
 40
0.2475
  1
2.0
 11
39.495
 21
-55.79
 31
0.0
100
AcDbText
  0
TEXT
  5
3F2
330
17
100
AcDbEntity
  8
DIM
100
AcDbText
 10
39.495
 20
-54.29
 30
0.0
 40
0.2475
  1
1.0
 11
39.495
 21
-54.29
 31
0.0
100
AcDbText
  0
TEXT
  5
3F3
330
17
100
AcDbEntity
  8
DIM
100
AcDbText
 10
39.495
 20
-53.54
 30
0.0
 40
0.2475
  1
0.5
 11
39.495
 21
-53.54
 31
0.0
100
AcDbText
  0
LWPOLYLINE
  5
3F4
330
17
100
AcDbEntity
  8
TRUSS
100
AcDbPolyline
 90
4
 70
1
 10
42.435
 20
-60.0
 10
43.235
 20
-60.0
 10
43.235
 20
-59.95
 10
42.435
 20
-59.95
  0
LWPOLYLINE
  5
3F5
330
17
100
AcDbEntity
  8
TRUSS
100
AcDbPolyline
 90
4
 70
1
 10
42.69
 20
-59.95
 10
42.98
 20
-59.95
 10
42.98
 20
-59.79
 10
42.69
 20
-59.79
  0
LINE
  5
3F6
330
17
100
AcDbEntity
  8
TRUSS
100
AcDbLine
 10
42.69
 20
-59.79
 30
0.0
 11
42.69
 21
-53.29
 31
0.0
  0
LINE
  5
3F7
330
17
100
AcDbEntity
  8
TRUSS
100
AcDbLine
 10
42.98
 20
-59.79
 30
0.0
 11
42.98
 21
-53.29
 31
0.0
  0
LINE
  5
3F8
330
17
100
AcDbEntity
  8
TRUSS
100
AcDbLine
 10
42.69
 20
-59.79
 30
0.0
 11
42.98
 21
-59.29
 31
0.0
  0
LINE
  5
3F9
330
17
100
AcDbEntity
  8
TRUSS
100
AcDbLine
 10
42.98
 20
-59.29
 30
0.0
 11
42.69
 21
-58.79
 31
0.0
  0
LINE
  5
3FA
330
17
100
AcDbEntity
  8
TRUSS
100
AcDbLine
 10
42.69
 20
-58.79
 30
0.0
 11
42.98
 21
-58.29
 31
0.0
  0
LINE
  5
3FB
330
17
100
AcDbEntity
  8
TRUSS
100
AcDbLine
 10
42.98
 20
-58.29
 30
0.0
 11
42.69
 21
-57.79
 31
0.0
  0
LINE
  5
3FC
330
17
100
AcDbEntity
  8
TRUSS
100
AcDbLine
 10
42.69
 20
-57.79
 30
0.0
 11
42.98
 21
-57.29
 31
0.0
  0
LINE
  5
3FD
330
17
100
AcDbEntity
  8
TRUSS
100
AcDbLine
 10
42.98
 20
-57.29
 30
0.0
 11
42.69
 21
-56.79
 31
0.0
  0
LINE
  5
3FE
330
17
100
AcDbEntity
  8
TRUSS
100
AcDbLine
 10
42.69
 20
-56.79
 30
0.0
 11
42.98
 21
-56.29
 31
0.0
  0
LINE
  5
3FF
330
17
100
AcDbEntity
  8
TRUSS
100
AcDbLine
 10
42.98
 20
-56.29
 30
0.0
 11
42.69
 21
-55.79
 31
0.0
  0
LINE
  5
400
330
17
100
AcDbEntity
  8
TRUSS
100
AcDbLine
 10
42.69
 20
-55.79
 30
0.0
 11
42.98
 21
-55.29
 31
0.0
  0
LINE
  5
401
330
17
100
AcDbEntity
  8
TRUSS
100
AcDbLine
 10
42.98
 20
-55.29
 30
0.0
 11
42.69
 21
-54.79
 31
0.0
  0
LINE
  5
402
330
17
100
AcDbEntity
  8
TRUSS
100
AcDbLine
 10
42.69
 20
-54.79
 30
0.0
 11
42.98
 21
-54.29
 31
0.0
  0
LINE
  5
403
330
17
100
AcDbEntity
  8
TRUSS
100
AcDbLine
 10
42.98
 20
-54.29
 30
0.0
 11
42.69
 21
-53.79
 31
0.0
  0
LINE
  5
404
330
17
100
AcDbEntity
  8
TRUSS
100
AcDbLine
 10
42.69
 20
-53.79
 30
0.0
 11
42.98
 21
-53.29
 31
0.0
  0
LINE
  5
405
330
17
100
AcDbEntity
  8
TRUSS
100
AcDbLine
 10
42.64
 20
-56.79
 30
0.0
 11
43.03
 21
-56.79
 31
0.0
  0
LINE
  5
406
330
17
100
AcDbEntity
  8
TRUSS
100
AcDbLine
 10
42.64
 20
-54.79
 30
0.0
 11
43.03
 21
-54.79
 31
0.0
  0
LINE
  5
407
330
17
100
AcDbEntity
  8
TRUSS
100
AcDbLine
 10
42.64
 20
-53.79
 30
0.0
 11
43.03
 21
-53.79
 31
0.0
  0
LWPOLYLINE
  5
408
330
17
100
AcDbEntity
  8
TRUSS
100
AcDbPolyline
 90
4
 70
1
 10
42.69
 20
-53.29
 10
42.98
 20
-53.29
 10
42.98
 20
-53.0
 10
42.69
 20
-53.0
  0
TEXT
  5
409
330
17
100
AcDbEntity
  8
DIM
100
AcDbText
 10
43.385
 20
-58.29
 30
0.0
 40
0.2475
  1
3.0
 11
43.385
 21
-58.29
 31
0.0
100
AcDbText
  0
TEXT
  5
40A
330
17
100
AcDbEntity
  8
DIM
100
AcDbText
 10
43.385
 20
-55.79
 30
0.0
 40
0.2475
  1
2.0
 11
43.385
 21
-55.79
 31
0.0
100
AcDbText
  0
TEXT
  5
40B
330
17
100
AcDbEntity
  8
DIM
100
AcDbText
 10
43.385
 20
-54.29
 30
0.0
 40
0.2475
  1
1.0
 11
43.385
 21
-54.29
 31
0.0
100
AcDbText
  0
TEXT
  5
40C
330
17
100
AcDbEntity
  8
DIM
100
AcDbText
 10
43.385
 20
-53.54
 30
0.0
 40
0.2475
  1
0.5
 11
43.385
 21
-53.54
 31
0.0
100
AcDbText
  0
LINE
  5
40D
330
17
100
AcDbEntity
  8
TRUSS
100
AcDbLine
 10
40.19
 20
-53.29
 30
0.0
 11
42.69
 21
-53.29
 31
0.0
  0
LINE
  5
40E
330
17
100
AcDbEntity
  8
TRUSS
100
AcDbLine
 10
40.19
 20
-53.0
 30
0.0
 11
42.69
 21
-53.0
 31
0.0
  0
LINE
  5
40F
330
17
100
AcDbEntity
  8
TRUSS
100
AcDbLine
 10
40.19
 20
-53.29
 30
0.0
 11
40.69
 21
-53.0
 31
0.0
  0
LINE
  5
410
330
17
100
AcDbEntity
  8
TRUSS
100
AcDbLine
 10
40.69
 20
-53.0
 30
0.0
 11
41.19
 21
-53.29
 31
0.0
  0
LINE
  5
411
330
17
100
AcDbEntity
  8
TRUSS
100
AcDbLine
 10
41.19
 20
-53.29
 30
0.0
 11
41.69
 21
-53.0
 31
0.0
  0
LINE
  5
412
330
17
100
AcDbEntity
  8
TRUSS
100
AcDbLine
 10
41.69
 20
-53.0
 30
0.0
 11
42.19
 21
-53.29
 31
0.0
  0
LINE
  5
413
330
17
100
AcDbEntity
  8
TRUSS
100
AcDbLine
 10
42.19
 20
-53.29
 30
0.0
 11
42.69
 21
-53.0
 31
0.0
  0
LINE
  5
414
330
17
100
AcDbEntity
  8
PIPE
100
AcDbLine
 10
40.19
 20
-57.0
 30
0.0
 11
42.69
 21
-57.0
 31
0.0
  0
LINE
  5
415
330
17
100
AcDbEntity
  8
PIPE
100
AcDbLine
 10
40.19
 20
-55.0
 30
0.0
 11
42.69
 21
-55.0
 31
0.0
  0
TEXT
  5
416
330
17
100
AcDbEntity
  8
TXT
100
AcDbText
 10
41.44
 20
-52.55
 30
0.0
 40
0.36
  1
F2
 11
41.44
 21
-52.55
 31
0.0
100
AcDbText
  0
LWPOLYLINE
  5
417
330
17
100
AcDbEntity
  8
TRUSS
100
AcDbPolyline
 90
4
 70
1
 10
43.925
 20
-60.0
 10
44.725
 20
-60.0
 10
44.725
 20
-59.95
 10
43.925
 20
-59.95
  0
LWPOLYLINE
  5
418
330
17
100
AcDbEntity
  8
TRUSS
100
AcDbPolyline
 90
4
 70
1
 10
44.18
 20
-59.95
 10
44.47
 20
-59.95
 10
44.47
 20
-59.79
 10
44.18
 20
-59.79
  0
LINE
  5
419
330
17
100
AcDbEntity
  8
TRUSS
100
AcDbLine
 10
44.18
 20
-59.79
 30
0.0
 11
44.18
 21
-51.79
 31
0.0
  0
LINE
  5
41A
330
17
100
AcDbEntity
  8
TRUSS
100
AcDbLine
 10
44.47
 20
-59.79
 30
0.0
 11
44.47
 21
-51.79
 31
0.0
  0
LINE
  5
41B
330
17
100
AcDbEntity
  8
TRUSS
100
AcDbLine
 10
44.18
 20
-59.79
 30
0.0
 11
44.47
 21
-59.29
 31
0.0
  0
LINE
  5
41C
330
17
100
AcDbEntity
  8
TRUSS
100
AcDbLine
 10
44.47
 20
-59.29
 30
0.0
 11
44.18
 21
-58.79
 31
0.0
  0
LINE
  5
41D
330
17
100
AcDbEntity
  8
TRUSS
100
AcDbLine
 10
44.18
 20
-58.79
 30
0.0
 11
44.47
 21
-58.29
 31
0.0
  0
LINE
  5
41E
330
17
100
AcDbEntity
  8
TRUSS
100
AcDbLine
 10
44.47
 20
-58.29
 30
0.0
 11
44.18
 21
-57.79
 31
0.0
  0
LINE
  5
41F
330
17
100
AcDbEntity
  8
TRUSS
100
AcDbLine
 10
44.18
 20
-57.79
 30
0.0
 11
44.47
 21
-57.29
 31
0.0
  0
LINE
  5
420
330
17
100
AcDbEntity
  8
TRUSS
100
AcDbLine
 10
44.47
 20
-57.29
 30
0.0
 11
44.18
 21
-56.79
 31
0.0
  0
LINE
  5
421
330
17
100
AcDbEntity
  8
TRUSS
100
AcDbLine
 10
44.18
 20
-56.79
 30
0.0
 11
44.47
 21
-56.29
 31
0.0
  0
LINE
  5
422
330
17
100
AcDbEntity
  8
TRUSS
100
AcDbLine
 10
44.47
 20
-56.29
 30
0.0
 11
44.18
 21
-55.79
 31
0.0
  0
LINE
  5
423
330
17
100
AcDbEntity
  8
TRUSS
100
AcDbLine
 10
44.18
 20
-55.79
 30
0.0
 11
44.47
 21
-55.29
 31
0.0
  0
LINE
  5
424
330
17
100
AcDbEntity
  8
TRUSS
100
AcDbLine
 10
44.47
 20
-55.29
 30
0.0
 11
44.18
 21
-54.79
 31
0.0
  0
LINE
  5
425
330
17
100
AcDbEntity
  8
TRUSS
100
AcDbLine
 10
44.18
 20
-54.79
 30
0.0
 11
44.47
 21
-54.29
 31
0.0
  0
LINE
  5
426
330
17
100
AcDbEntity
  8
TRUSS
100
AcDbLine
 10
44.47
 20
-54.29
 30
0.0
 11
44.18
 21
-53.79
 31
0.0
  0
LINE
  5
427
330
17
100
AcDbEntity
  8
TRUSS
100
AcDbLine
 10
44.18
 20
-53.79
 30
0.0
 11
44.47
 21
-53.29
 31
0.0
  0
LINE
  5
428
330
17
100
AcDbEntity
  8
TRUSS
100
AcDbLine
 10
44.47
 20
-53.29
 30
0.0
 11
44.18
 21
-52.79
 31
0.0
  0
LINE
  5
429
330
17
100
AcDbEntity
  8
TRUSS
100
AcDbLine
 10
44.18
 20
-52.79
 30
0.0
 11
44.47
 21
-52.29
 31
0.0
  0
LINE
  5
42A
330
17
100
AcDbEntity
  8
TRUSS
100
AcDbLine
 10
44.47
 20
-52.29
 30
0.0
 11
44.18
 21
-51.79
 31
0.0
  0
LINE
  5
42B
330
17
100
AcDbEntity
  8
TRUSS
100
AcDbLine
 10
44.13
 20
-56.79
 30
0.0
 11
44.519999999999996
 21
-56.79
 31
0.0
  0
LINE
  5
42C
330
17
100
AcDbEntity
  8
TRUSS
100
AcDbLine
 10
44.13
 20
-53.79
 30
0.0
 11
44.519999999999996
 21
-53.79
 31
0.0
  0
LWPOLYLINE
  5
42D
330
17
100
AcDbEntity
  8
TRUSS
100
AcDbPolyline
 90
4
 70
1
 10
44.18
 20
-51.79
 10
44.47
 20
-51.79
 10
44.47
 20
-51.5
 10
44.18
 20
-51.5
  0
TEXT
  5
42E
330
17
100
AcDbEntity
  8
DIM
100
AcDbText
 10
43.775
 20
-58.29
 30
0.0
 40
0.2475
  1
3.0
 11
43.775
 21
-58.29
 31
0.0
100
AcDbText
  0
TEXT
  5
42F
330
17
100
AcDbEntity
  8
DIM
100
AcDbText
 10
43.775
 20
-55.29
 30
0.0
 40
0.2475
  1
3.0
 11
43.775
 21
-55.29
 31
0.0
100
AcDbText
  0
TEXT
  5
430
330
17
100
AcDbEntity
  8
DIM
100
AcDbText
 10
43.775
 20
-52.79
 30
0.0
 40
0.2475
  1
2.0
 11
43.775
 21
-52.79
 31
0.0
100
AcDbText
  0
LWPOLYLINE
  5
431
330
17
100
AcDbEntity
  8
TRUSS
100
AcDbPolyline
 90
4
 70
1
 10
46.715
 20
-60.0
 10
47.515
 20
-60.0
 10
47.515
 20
-59.95
 10
46.715
 20
-59.95
  0
LWPOLYLINE
  5
432
330
17
100
AcDbEntity
  8
TRUSS
100
AcDbPolyline
 90
4
 70
1
 10
46.97
 20
-59.95
 10
47.26
 20
-59.95
 10
47.26
 20
-59.79
 10
46.97
 20
-59.79
  0
LINE
  5
433
330
17
100
AcDbEntity
  8
TRUSS
100
AcDbLine
 10
46.97
 20
-59.79
 30
0.0
 11
46.97
 21
-51.79
 31
0.0
  0
LINE
  5
434
330
17
100
AcDbEntity
  8
TRUSS
100
AcDbLine
 10
47.26
 20
-59.79
 30
0.0
 11
47.26
 21
-51.79
 31
0.0
  0
LINE
  5
435
330
17
100
AcDbEntity
  8
TRUSS
100
AcDbLine
 10
46.97
 20
-59.79
 30
0.0
 11
47.26
 21
-59.29
 31
0.0
  0
LINE
  5
436
330
17
100
AcDbEntity
  8
TRUSS
100
AcDbLine
 10
47.26
 20
-59.29
 30
0.0
 11
46.97
 21
-58.79
 31
0.0
  0
LINE
  5
437
330
17
100
AcDbEntity
  8
TRUSS
100
AcDbLine
 10
46.97
 20
-58.79
 30
0.0
 11
47.26
 21
-58.29
 31
0.0
  0
LINE
  5
438
330
17
100
AcDbEntity
  8
TRUSS
100
AcDbLine
 10
47.26
 20
-58.29
 30
0.0
 11
46.97
 21
-57.79
 31
0.0
  0
LINE
  5
439
330
17
100
AcDbEntity
  8
TRUSS
100
AcDbLine
 10
46.97
 20
-57.79
 30
0.0
 11
47.26
 21
-57.29
 31
0.0
  0
LINE
  5
43A
330
17
100
AcDbEntity
  8
TRUSS
100
AcDbLine
 10
47.26
 20
-57.29
 30
0.0
 11
46.97
 21
-56.79
 31
0.0
  0
LINE
  5
43B
330
17
100
AcDbEntity
  8
TRUSS
100
AcDbLine
 10
46.97
 20
-56.79
 30
0.0
 11
47.26
 21
-56.29
 31
0.0
  0
LINE
  5
43C
330
17
100
AcDbEntity
  8
TRUSS
100
AcDbLine
 10
47.26
 20
-56.29
 30
0.0
 11
46.97
 21
-55.79
 31
0.0
  0
LINE
  5
43D
330
17
100
AcDbEntity
  8
TRUSS
100
AcDbLine
 10
46.97
 20
-55.79
 30
0.0
 11
47.26
 21
-55.29
 31
0.0
  0
LINE
  5
43E
330
17
100
AcDbEntity
  8
TRUSS
100
AcDbLine
 10
47.26
 20
-55.29
 30
0.0
 11
46.97
 21
-54.79
 31
0.0
  0
LINE
  5
43F
330
17
100
AcDbEntity
  8
TRUSS
100
AcDbLine
 10
46.97
 20
-54.79
 30
0.0
 11
47.26
 21
-54.29
 31
0.0
  0
LINE
  5
440
330
17
100
AcDbEntity
  8
TRUSS
100
AcDbLine
 10
47.26
 20
-54.29
 30
0.0
 11
46.97
 21
-53.79
 31
0.0
  0
LINE
  5
441
330
17
100
AcDbEntity
  8
TRUSS
100
AcDbLine
 10
46.97
 20
-53.79
 30
0.0
 11
47.26
 21
-53.29
 31
0.0
  0
LINE
  5
442
330
17
100
AcDbEntity
  8
TRUSS
100
AcDbLine
 10
47.26
 20
-53.29
 30
0.0
 11
46.97
 21
-52.79
 31
0.0
  0
LINE
  5
443
330
17
100
AcDbEntity
  8
TRUSS
100
AcDbLine
 10
46.97
 20
-52.79
 30
0.0
 11
47.26
 21
-52.29
 31
0.0
  0
LINE
  5
444
330
17
100
AcDbEntity
  8
TRUSS
100
AcDbLine
 10
47.26
 20
-52.29
 30
0.0
 11
46.97
 21
-51.79
 31
0.0
  0
LINE
  5
445
330
17
100
AcDbEntity
  8
TRUSS
100
AcDbLine
 10
46.92
 20
-56.79
 30
0.0
 11
47.31
 21
-56.79
 31
0.0
  0
LINE
  5
446
330
17
100
AcDbEntity
  8
TRUSS
100
AcDbLine
 10
46.92
 20
-53.79
 30
0.0
 11
47.31
 21
-53.79
 31
0.0
  0
LWPOLYLINE
  5
447
330
17
100
AcDbEntity
  8
TRUSS
100
AcDbPolyline
 90
4
 70
1
 10
46.97
 20
-51.79
 10
47.26
 20
-51.79
 10
47.26
 20
-51.5
 10
46.97
 20
-51.5
  0
TEXT
  5
448
330
17
100
AcDbEntity
  8
DIM
100
AcDbText
 10
47.665
 20
-58.29
 30
0.0
 40
0.2475
  1
3.0
 11
47.665
 21
-58.29
 31
0.0
100
AcDbText
  0
TEXT
  5
449
330
17
100
AcDbEntity
  8
DIM
100
AcDbText
 10
47.665
 20
-55.29
 30
0.0
 40
0.2475
  1
3.0
 11
47.665
 21
-55.29
 31
0.0
100
AcDbText
  0
TEXT
  5
44A
330
17
100
AcDbEntity
  8
DIM
100
AcDbText
 10
47.665
 20
-52.79
 30
0.0
 40
0.2475
  1
2.0
 11
47.665
 21
-52.79
 31
0.0
100
AcDbText
  0
LINE
  5
44B
330
17
100
AcDbEntity
  8
TRUSS
100
AcDbLine
 10
44.47
 20
-51.79
 30
0.0
 11
46.97
 21
-51.79
 31
0.0
  0
LINE
  5
44C
330
17
100
AcDbEntity
  8
TRUSS
100
AcDbLine
 10
44.47
 20
-51.5
 30
0.0
 11
46.97
 21
-51.5
 31
0.0
  0
LINE
  5
44D
330
17
100
AcDbEntity
  8
TRUSS
100
AcDbLine
 10
44.47
 20
-51.79
 30
0.0
 11
44.97
 21
-51.5
 31
0.0
  0
LINE
  5
44E
330
17
100
AcDbEntity
  8
TRUSS
100
AcDbLine
 10
44.97
 20
-51.5
 30
0.0
 11
45.47
 21
-51.79
 31
0.0
  0
LINE
  5
44F
330
17
100
AcDbEntity
  8
TRUSS
100
AcDbLine
 10
45.47
 20
-51.79
 30
0.0
 11
45.97
 21
-51.5
 31
0.0
  0
LINE
  5
450
330
17
100
AcDbEntity
  8
TRUSS
100
AcDbLine
 10
45.97
 20
-51.5
 30
0.0
 11
46.47
 21
-51.79
 31
0.0
  0
LINE
  5
451
330
17
100
AcDbEntity
  8
TRUSS
100
AcDbLine
 10
46.47
 20
-51.79
 30
0.0
 11
46.97
 21
-51.5
 31
0.0
  0
LINE
  5
452
330
17
100
AcDbEntity
  8
PIPE
100
AcDbLine
 10
44.47
 20
-56.5
 30
0.0
 11
46.97
 21
-56.5
 31
0.0
  0
LINE
  5
453
330
17
100
AcDbEntity
  8
PIPE
100
AcDbLine
 10
44.47
 20
-54.0
 30
0.0
 11
46.97
 21
-54.0
 31
0.0
  0
TEXT
  5
454
330
17
100
AcDbEntity
  8
TXT
100
AcDbText
 10
45.72
 20
-51.05
 30
0.0
 40
0.36
  1
F3
 11
45.72
 21
-51.05
 31
0.0
100
AcDbText
  0
LWPOLYLINE
  5
455
330
17
100
AcDbEntity
  8
TRUSS
100
AcDbPolyline
 90
4
 70
1
 10
48.205
 20
-60.0
 10
49.005
 20
-60.0
 10
49.005
 20
-59.95
 10
48.205
 20
-59.95
  0
LWPOLYLINE
  5
456
330
17
100
AcDbEntity
  8
TRUSS
100
AcDbPolyline
 90
4
 70
1
 10
48.46
 20
-59.95
 10
48.75
 20
-59.95
 10
48.75
 20
-59.79
 10
48.46
 20
-59.79
  0
LINE
  5
457
330
17
100
AcDbEntity
  8
TRUSS
100
AcDbLine
 10
48.46
 20
-59.79
 30
0.0
 11
48.46
 21
-50.29
 31
0.0
  0
LINE
  5
458
330
17
100
AcDbEntity
  8
TRUSS
100
AcDbLine
 10
48.75
 20
-59.79
 30
0.0
 11
48.75
 21
-50.29
 31
0.0
  0
LINE
  5
459
330
17
100
AcDbEntity
  8
TRUSS
100
AcDbLine
 10
48.46
 20
-59.79
 30
0.0
 11
48.75
 21
-59.29
 31
0.0
  0
LINE
  5
45A
330
17
100
AcDbEntity
  8
TRUSS
100
AcDbLine
 10
48.75
 20
-59.29
 30
0.0
 11
48.46
 21
-58.79
 31
0.0
  0
LINE
  5
45B
330
17
100
AcDbEntity
  8
TRUSS
100
AcDbLine
 10
48.46
 20
-58.79
 30
0.0
 11
48.75
 21
-58.29
 31
0.0
  0
LINE
  5
45C
330
17
100
AcDbEntity
  8
TRUSS
100
AcDbLine
 10
48.75
 20
-58.29
 30
0.0
 11
48.46
 21
-57.79
 31
0.0
  0
LINE
  5
45D
330
17
100
AcDbEntity
  8
TRUSS
100
AcDbLine
 10
48.46
 20
-57.79
 30
0.0
 11
48.75
 21
-57.29
 31
0.0
  0
LINE
  5
45E
330
17
100
AcDbEntity
  8
TRUSS
100
AcDbLine
 10
48.75
 20
-57.29
 30
0.0
 11
48.46
 21
-56.79
 31
0.0
  0
LINE
  5
45F
330
17
100
AcDbEntity
  8
TRUSS
100
AcDbLine
 10
48.46
 20
-56.79
 30
0.0
 11
48.75
 21
-56.29
 31
0.0
  0
LINE
  5
460
330
17
100
AcDbEntity
  8
TRUSS
100
AcDbLine
 10
48.75
 20
-56.29
 30
0.0
 11
48.46
 21
-55.79
 31
0.0
  0
LINE
  5
461
330
17
100
AcDbEntity
  8
TRUSS
100
AcDbLine
 10
48.46
 20
-55.79
 30
0.0
 11
48.75
 21
-55.29
 31
0.0
  0
LINE
  5
462
330
17
100
AcDbEntity
  8
TRUSS
100
AcDbLine
 10
48.75
 20
-55.29
 30
0.0
 11
48.46
 21
-54.79
 31
0.0
  0
LINE
  5
463
330
17
100
AcDbEntity
  8
TRUSS
100
AcDbLine
 10
48.46
 20
-54.79
 30
0.0
 11
48.75
 21
-54.29
 31
0.0
  0
LINE
  5
464
330
17
100
AcDbEntity
  8
TRUSS
100
AcDbLine
 10
48.75
 20
-54.29
 30
0.0
 11
48.46
 21
-53.79
 31
0.0
  0
LINE
  5
465
330
17
100
AcDbEntity
  8
TRUSS
100
AcDbLine
 10
48.46
 20
-53.79
 30
0.0
 11
48.75
 21
-53.29
 31
0.0
  0
LINE
  5
466
330
17
100
AcDbEntity
  8
TRUSS
100
AcDbLine
 10
48.75
 20
-53.29
 30
0.0
 11
48.46
 21
-52.79
 31
0.0
  0
LINE
  5
467
330
17
100
AcDbEntity
  8
TRUSS
100
AcDbLine
 10
48.46
 20
-52.79
 30
0.0
 11
48.75
 21
-52.29
 31
0.0
  0
LINE
  5
468
330
17
100
AcDbEntity
  8
TRUSS
100
AcDbLine
 10
48.75
 20
-52.29
 30
0.0
 11
48.46
 21
-51.79
 31
0.0
  0
LINE
  5
469
330
17
100
AcDbEntity
  8
TRUSS
100
AcDbLine
 10
48.46
 20
-51.79
 30
0.0
 11
48.75
 21
-51.29
 31
0.0
  0
LINE
  5
46A
330
17
100
AcDbEntity
  8
TRUSS
100
AcDbLine
 10
48.75
 20
-51.29
 30
0.0
 11
48.46
 21
-50.79
 31
0.0
  0
LINE
  5
46B
330
17
100
AcDbEntity
  8
TRUSS
100
AcDbLine
 10
48.46
 20
-50.79
 30
0.0
 11
48.75
 21
-50.29
 31
0.0
  0
LINE
  5
46C
330
17
100
AcDbEntity
  8
TRUSS
100
AcDbLine
 10
48.41
 20
-56.79
 30
0.0
 11
48.8
 21
-56.79
 31
0.0
  0
LINE
  5
46D
330
17
100
AcDbEntity
  8
TRUSS
100
AcDbLine
 10
48.41
 20
-53.79
 30
0.0
 11
48.8
 21
-53.79
 31
0.0
  0
LINE
  5
46E
330
17
100
AcDbEntity
  8
TRUSS
100
AcDbLine
 10
48.41
 20
-51.79
 30
0.0
 11
48.8
 21
-51.79
 31
0.0
  0
LINE
  5
46F
330
17
100
AcDbEntity
  8
TRUSS
100
AcDbLine
 10
48.41
 20
-50.79
 30
0.0
 11
48.8
 21
-50.79
 31
0.0
  0
LWPOLYLINE
  5
470
330
17
100
AcDbEntity
  8
TRUSS
100
AcDbPolyline
 90
4
 70
1
 10
48.46
 20
-50.29
 10
48.75
 20
-50.29
 10
48.75
 20
-50.0
 10
48.46
 20
-50.0
  0
TEXT
  5
471
330
17
100
AcDbEntity
  8
DIM
100
AcDbText
 10
48.055
 20
-58.29
 30
0.0
 40
0.2475
  1
3.0
 11
48.055
 21
-58.29
 31
0.0
100
AcDbText
  0
TEXT
  5
472
330
17
100
AcDbEntity
  8
DIM
100
AcDbText
 10
48.055
 20
-55.29
 30
0.0
 40
0.2475
  1
3.0
 11
48.055
 21
-55.29
 31
0.0
100
AcDbText
  0
TEXT
  5
473
330
17
100
AcDbEntity
  8
DIM
100
AcDbText
 10
48.055
 20
-52.79
 30
0.0
 40
0.2475
  1
2.0
 11
48.055
 21
-52.79
 31
0.0
100
AcDbText
  0
TEXT
  5
474
330
17
100
AcDbEntity
  8
DIM
100
AcDbText
 10
48.055
 20
-51.29
 30
0.0
 40
0.2475
  1
1.0
 11
48.055
 21
-51.29
 31
0.0
100
AcDbText
  0
TEXT
  5
475
330
17
100
AcDbEntity
  8
DIM
100
AcDbText
 10
48.055
 20
-50.54
 30
0.0
 40
0.2475
  1
0.5
 11
48.055
 21
-50.54
 31
0.0
100
AcDbText
  0
LWPOLYLINE
  5
476
330
17
100
AcDbEntity
  8
TRUSS
100
AcDbPolyline
 90
4
 70
1
 10
50.995
 20
-60.0
 10
51.795
 20
-60.0
 10
51.795
 20
-59.95
 10
50.995
 20
-59.95
  0
LWPOLYLINE
  5
477
330
17
100
AcDbEntity
  8
TRUSS
100
AcDbPolyline
 90
4
 70
1
 10
51.25
 20
-59.95
 10
51.54
 20
-59.95
 10
51.54
 20
-59.79
 10
51.25
 20
-59.79
  0
LINE
  5
478
330
17
100
AcDbEntity
  8
TRUSS
100
AcDbLine
 10
51.25
 20
-59.79
 30
0.0
 11
51.25
 21
-50.29
 31
0.0
  0
LINE
  5
479
330
17
100
AcDbEntity
  8
TRUSS
100
AcDbLine
 10
51.54
 20
-59.79
 30
0.0
 11
51.54
 21
-50.29
 31
0.0
  0
LINE
  5
47A
330
17
100
AcDbEntity
  8
TRUSS
100
AcDbLine
 10
51.25
 20
-59.79
 30
0.0
 11
51.54
 21
-59.29
 31
0.0
  0
LINE
  5
47B
330
17
100
AcDbEntity
  8
TRUSS
100
AcDbLine
 10
51.54
 20
-59.29
 30
0.0
 11
51.25
 21
-58.79
 31
0.0
  0
LINE
  5
47C
330
17
100
AcDbEntity
  8
TRUSS
100
AcDbLine
 10
51.25
 20
-58.79
 30
0.0
 11
51.54
 21
-58.29
 31
0.0
  0
LINE
  5
47D
330
17
100
AcDbEntity
  8
TRUSS
100
AcDbLine
 10
51.54
 20
-58.29
 30
0.0
 11
51.25
 21
-57.79
 31
0.0
  0
LINE
  5
47E
330
17
100
AcDbEntity
  8
TRUSS
100
AcDbLine
 10
51.25
 20
-57.79
 30
0.0
 11
51.54
 21
-57.29
 31
0.0
  0
LINE
  5
47F
330
17
100
AcDbEntity
  8
TRUSS
100
AcDbLine
 10
51.54
 20
-57.29
 30
0.0
 11
51.25
 21
-56.79
 31
0.0
  0
LINE
  5
480
330
17
100
AcDbEntity
  8
TRUSS
100
AcDbLine
 10
51.25
 20
-56.79
 30
0.0
 11
51.54
 21
-56.29
 31
0.0
  0
LINE
  5
481
330
17
100
AcDbEntity
  8
TRUSS
100
AcDbLine
 10
51.54
 20
-56.29
 30
0.0
 11
51.25
 21
-55.79
 31
0.0
  0
LINE
  5
482
330
17
100
AcDbEntity
  8
TRUSS
100
AcDbLine
 10
51.25
 20
-55.79
 30
0.0
 11
51.54
 21
-55.29
 31
0.0
  0
LINE
  5
483
330
17
100
AcDbEntity
  8
TRUSS
100
AcDbLine
 10
51.54
 20
-55.29
 30
0.0
 11
51.25
 21
-54.79
 31
0.0
  0
LINE
  5
484
330
17
100
AcDbEntity
  8
TRUSS
100
AcDbLine
 10
51.25
 20
-54.79
 30
0.0
 11
51.54
 21
-54.29
 31
0.0
  0
LINE
  5
485
330
17
100
AcDbEntity
  8
TRUSS
100
AcDbLine
 10
51.54
 20
-54.29
 30
0.0
 11
51.25
 21
-53.79
 31
0.0
  0
LINE
  5
486
330
17
100
AcDbEntity
  8
TRUSS
100
AcDbLine
 10
51.25
 20
-53.79
 30
0.0
 11
51.54
 21
-53.29
 31
0.0
  0
LINE
  5
487
330
17
100
AcDbEntity
  8
TRUSS
100
AcDbLine
 10
51.54
 20
-53.29
 30
0.0
 11
51.25
 21
-52.79
 31
0.0
  0
LINE
  5
488
330
17
100
AcDbEntity
  8
TRUSS
100
AcDbLine
 10
51.25
 20
-52.79
 30
0.0
 11
51.54
 21
-52.29
 31
0.0
  0
LINE
  5
489
330
17
100
AcDbEntity
  8
TRUSS
100
AcDbLine
 10
51.54
 20
-52.29
 30
0.0
 11
51.25
 21
-51.79
 31
0.0
  0
LINE
  5
48A
330
17
100
AcDbEntity
  8
TRUSS
100
AcDbLine
 10
51.25
 20
-51.79
 30
0.0
 11
51.54
 21
-51.29
 31
0.0
  0
LINE
  5
48B
330
17
100
AcDbEntity
  8
TRUSS
100
AcDbLine
 10
51.54
 20
-51.29
 30
0.0
 11
51.25
 21
-50.79
 31
0.0
  0
LINE
  5
48C
330
17
100
AcDbEntity
  8
TRUSS
100
AcDbLine
 10
51.25
 20
-50.79
 30
0.0
 11
51.54
 21
-50.29
 31
0.0
  0
LINE
  5
48D
330
17
100
AcDbEntity
  8
TRUSS
100
AcDbLine
 10
51.2
 20
-56.79
 30
0.0
 11
51.59
 21
-56.79
 31
0.0
  0
LINE
  5
48E
330
17
100
AcDbEntity
  8
TRUSS
100
AcDbLine
 10
51.2
 20
-53.79
 30
0.0
 11
51.59
 21
-53.79
 31
0.0
  0
LINE
  5
48F
330
17
100
AcDbEntity
  8
TRUSS
100
AcDbLine
 10
51.2
 20
-51.79
 30
0.0
 11
51.59
 21
-51.79
 31
0.0
  0
LINE
  5
490
330
17
100
AcDbEntity
  8
TRUSS
100
AcDbLine
 10
51.2
 20
-50.79
 30
0.0
 11
51.59
 21
-50.79
 31
0.0
  0
LWPOLYLINE
  5
491
330
17
100
AcDbEntity
  8
TRUSS
100
AcDbPolyline
 90
4
 70
1
 10
51.25
 20
-50.29
 10
51.54
 20
-50.29
 10
51.54
 20
-50.0
 10
51.25
 20
-50.0
  0
TEXT
  5
492
330
17
100
AcDbEntity
  8
DIM
100
AcDbText
 10
51.945
 20
-58.29
 30
0.0
 40
0.2475
  1
3.0
 11
51.945
 21
-58.29
 31
0.0
100
AcDbText
  0
TEXT
  5
493
330
17
100
AcDbEntity
  8
DIM
100
AcDbText
 10
51.945
 20
-55.29
 30
0.0
 40
0.2475
  1
3.0
 11
51.945
 21
-55.29
 31
0.0
100
AcDbText
  0
TEXT
  5
494
330
17
100
AcDbEntity
  8
DIM
100
AcDbText
 10
51.945
 20
-52.79
 30
0.0
 40
0.2475
  1
2.0
 11
51.945
 21
-52.79
 31
0.0
100
AcDbText
  0
TEXT
  5
495
330
17
100
AcDbEntity
  8
DIM
100
AcDbText
 10
51.945
 20
-51.29
 30
0.0
 40
0.2475
  1
1.0
 11
51.945
 21
-51.29
 31
0.0
100
AcDbText
  0
TEXT
  5
496
330
17
100
AcDbEntity
  8
DIM
100
AcDbText
 10
51.945
 20
-50.54
 30
0.0
 40
0.2475
  1
0.5
 11
51.945
 21
-50.54
 31
0.0
100
AcDbText
  0
LINE
  5
497
330
17
100
AcDbEntity
  8
TRUSS
100
AcDbLine
 10
48.75
 20
-50.29
 30
0.0
 11
51.25
 21
-50.29
 31
0.0
  0
LINE
  5
498
330
17
100
AcDbEntity
  8
TRUSS
100
AcDbLine
 10
48.75
 20
-50.0
 30
0.0
 11
51.25
 21
-50.0
 31
0.0
  0
LINE
  5
499
330
17
100
AcDbEntity
  8
TRUSS
100
AcDbLine
 10
48.75
 20
-50.29
 30
0.0
 11
49.25
 21
-50.0
 31
0.0
  0
LINE
  5
49A
330
17
100
AcDbEntity
  8
TRUSS
100
AcDbLine
 10
49.25
 20
-50.0
 30
0.0
 11
49.75
 21
-50.29
 31
0.0
  0
LINE
  5
49B
330
17
100
AcDbEntity
  8
TRUSS
100
AcDbLine
 10
49.75
 20
-50.29
 30
0.0
 11
50.25
 21
-50.0
 31
0.0
  0
LINE
  5
49C
330
17
100
AcDbEntity
  8
TRUSS
100
AcDbLine
 10
50.25
 20
-50.0
 30
0.0
 11
50.75
 21
-50.29
 31
0.0
  0
LINE
  5
49D
330
17
100
AcDbEntity
  8
TRUSS
100
AcDbLine
 10
50.75
 20
-50.29
 30
0.0
 11
51.25
 21
-50.0
 31
0.0
  0
LINE
  5
49E
330
17
100
AcDbEntity
  8
PIPE
100
AcDbLine
 10
48.75
 20
-56.0
 30
0.0
 11
51.25
 21
-56.0
 31
0.0
  0
LINE
  5
49F
330
17
100
AcDbEntity
  8
PIPE
100
AcDbLine
 10
48.75
 20
-53.0
 30
0.0
 11
51.25
 21
-53.0
 31
0.0
  0
TEXT
  5
4A0
330
17
100
AcDbEntity
  8
TXT
100
AcDbText
 10
50.0
 20
-49.55
 30
0.0
 40
0.36
  1
F4
 11
50.0
 21
-49.55
 31
0.0
100
AcDbText
  0
LWPOLYLINE
  5
4A1
330
17
100
AcDbEntity
  8
TRUSS
100
AcDbPolyline
 90
4
 70
1
 10
52.485
 20
-60.0
 10
53.285
 20
-60.0
 10
53.285
 20
-59.95
 10
52.485
 20
-59.95
  0
LWPOLYLINE
  5
4A2
330
17
100
AcDbEntity
  8
TRUSS
100
AcDbPolyline
 90
4
 70
1
 10
52.74
 20
-59.95
 10
53.03
 20
-59.95
 10
53.03
 20
-59.79
 10
52.74
 20
-59.79
  0
LINE
  5
4A3
330
17
100
AcDbEntity
  8
TRUSS
100
AcDbLine
 10
52.74
 20
-59.79
 30
0.0
 11
52.74
 21
-51.79
 31
0.0
  0
LINE
  5
4A4
330
17
100
AcDbEntity
  8
TRUSS
100
AcDbLine
 10
53.03
 20
-59.79
 30
0.0
 11
53.03
 21
-51.79
 31
0.0
  0
LINE
  5
4A5
330
17
100
AcDbEntity
  8
TRUSS
100
AcDbLine
 10
52.74
 20
-59.79
 30
0.0
 11
53.03
 21
-59.29
 31
0.0
  0
LINE
  5
4A6
330
17
100
AcDbEntity
  8
TRUSS
100
AcDbLine
 10
53.03
 20
-59.29
 30
0.0
 11
52.74
 21
-58.79
 31
0.0
  0
LINE
  5
4A7
330
17
100
AcDbEntity
  8
TRUSS
100
AcDbLine
 10
52.74
 20
-58.79
 30
0.0
 11
53.03
 21
-58.29
 31
0.0
  0
LINE
  5
4A8
330
17
100
AcDbEntity
  8
TRUSS
100
AcDbLine
 10
53.03
 20
-58.29
 30
0.0
 11
52.74
 21
-57.79
 31
0.0
  0
LINE
  5
4A9
330
17
100
AcDbEntity
  8
TRUSS
100
AcDbLine
 10
52.74
 20
-57.79
 30
0.0
 11
53.03
 21
-57.29
 31
0.0
  0
LINE
  5
4AA
330
17
100
AcDbEntity
  8
TRUSS
100
AcDbLine
 10
53.03
 20
-57.29
 30
0.0
 11
52.74
 21
-56.79
 31
0.0
  0
LINE
  5
4AB
330
17
100
AcDbEntity
  8
TRUSS
100
AcDbLine
 10
52.74
 20
-56.79
 30
0.0
 11
53.03
 21
-56.29
 31
0.0
  0
LINE
  5
4AC
330
17
100
AcDbEntity
  8
TRUSS
100
AcDbLine
 10
53.03
 20
-56.29
 30
0.0
 11
52.74
 21
-55.79
 31
0.0
  0
LINE
  5
4AD
330
17
100
AcDbEntity
  8
TRUSS
100
AcDbLine
 10
52.74
 20
-55.79
 30
0.0
 11
53.03
 21
-55.29
 31
0.0
  0
LINE
  5
4AE
330
17
100
AcDbEntity
  8
TRUSS
100
AcDbLine
 10
53.03
 20
-55.29
 30
0.0
 11
52.74
 21
-54.79
 31
0.0
  0
LINE
  5
4AF
330
17
100
AcDbEntity
  8
TRUSS
100
AcDbLine
 10
52.74
 20
-54.79
 30
0.0
 11
53.03
 21
-54.29
 31
0.0
  0
LINE
  5
4B0
330
17
100
AcDbEntity
  8
TRUSS
100
AcDbLine
 10
53.03
 20
-54.29
 30
0.0
 11
52.74
 21
-53.79
 31
0.0
  0
LINE
  5
4B1
330
17
100
AcDbEntity
  8
TRUSS
100
AcDbLine
 10
52.74
 20
-53.79
 30
0.0
 11
53.03
 21
-53.29
 31
0.0
  0
LINE
  5
4B2
330
17
100
AcDbEntity
  8
TRUSS
100
AcDbLine
 10
53.03
 20
-53.29
 30
0.0
 11
52.74
 21
-52.79
 31
0.0
  0
LINE
  5
4B3
330
17
100
AcDbEntity
  8
TRUSS
100
AcDbLine
 10
52.74
 20
-52.79
 30
0.0
 11
53.03
 21
-52.29
 31
0.0
  0
LINE
  5
4B4
330
17
100
AcDbEntity
  8
TRUSS
100
AcDbLine
 10
53.03
 20
-52.29
 30
0.0
 11
52.74
 21
-51.79
 31
0.0
  0
LINE
  5
4B5
330
17
100
AcDbEntity
  8
TRUSS
100
AcDbLine
 10
52.69
 20
-56.79
 30
0.0
 11
53.08
 21
-56.79
 31
0.0
  0
LINE
  5
4B6
330
17
100
AcDbEntity
  8
TRUSS
100
AcDbLine
 10
52.69
 20
-53.79
 30
0.0
 11
53.08
 21
-53.79
 31
0.0
  0
LWPOLYLINE
  5
4B7
330
17
100
AcDbEntity
  8
TRUSS
100
AcDbPolyline
 90
4
 70
1
 10
52.74
 20
-51.79
 10
53.03
 20
-51.79
 10
53.03
 20
-51.5
 10
52.74
 20
-51.5
  0
TEXT
  5
4B8
330
17
100
AcDbEntity
  8
DIM
100
AcDbText
 10
52.335
 20
-58.29
 30
0.0
 40
0.2475
  1
3.0
 11
52.335
 21
-58.29
 31
0.0
100
AcDbText
  0
TEXT
  5
4B9
330
17
100
AcDbEntity
  8
DIM
100
AcDbText
 10
52.335
 20
-55.29
 30
0.0
 40
0.2475
  1
3.0
 11
52.335
 21
-55.29
 31
0.0
100
AcDbText
  0
TEXT
  5
4BA
330
17
100
AcDbEntity
  8
DIM
100
AcDbText
 10
52.335
 20
-52.79
 30
0.0
 40
0.2475
  1
2.0
 11
52.335
 21
-52.79
 31
0.0
100
AcDbText
  0
LWPOLYLINE
  5
4BB
330
17
100
AcDbEntity
  8
TRUSS
100
AcDbPolyline
 90
4
 70
1
 10
55.275
 20
-60.0
 10
56.075
 20
-60.0
 10
56.075
 20
-59.95
 10
55.275
 20
-59.95
  0
LWPOLYLINE
  5
4BC
330
17
100
AcDbEntity
  8
TRUSS
100
AcDbPolyline
 90
4
 70
1
 10
55.53
 20
-59.95
 10
55.82
 20
-59.95
 10
55.82
 20
-59.79
 10
55.53
 20
-59.79
  0
LINE
  5
4BD
330
17
100
AcDbEntity
  8
TRUSS
100
AcDbLine
 10
55.53
 20
-59.79
 30
0.0
 11
55.53
 21
-51.79
 31
0.0
  0
LINE
  5
4BE
330
17
100
AcDbEntity
  8
TRUSS
100
AcDbLine
 10
55.82
 20
-59.79
 30
0.0
 11
55.82
 21
-51.79
 31
0.0
  0
LINE
  5
4BF
330
17
100
AcDbEntity
  8
TRUSS
100
AcDbLine
 10
55.53
 20
-59.79
 30
0.0
 11
55.82
 21
-59.29
 31
0.0
  0
LINE
  5
4C0
330
17
100
AcDbEntity
  8
TRUSS
100
AcDbLine
 10
55.82
 20
-59.29
 30
0.0
 11
55.53
 21
-58.79
 31
0.0
  0
LINE
  5
4C1
330
17
100
AcDbEntity
  8
TRUSS
100
AcDbLine
 10
55.53
 20
-58.79
 30
0.0
 11
55.82
 21
-58.29
 31
0.0
  0
LINE
  5
4C2
330
17
100
AcDbEntity
  8
TRUSS
100
AcDbLine
 10
55.82
 20
-58.29
 30
0.0
 11
55.53
 21
-57.79
 31
0.0
  0
LINE
  5
4C3
330
17
100
AcDbEntity
  8
TRUSS
100
AcDbLine
 10
55.53
 20
-57.79
 30
0.0
 11
55.82
 21
-57.29
 31
0.0
  0
LINE
  5
4C4
330
17
100
AcDbEntity
  8
TRUSS
100
AcDbLine
 10
55.82
 20
-57.29
 30
0.0
 11
55.53
 21
-56.79
 31
0.0
  0
LINE
  5
4C5
330
17
100
AcDbEntity
  8
TRUSS
100
AcDbLine
 10
55.53
 20
-56.79
 30
0.0
 11
55.82
 21
-56.29
 31
0.0
  0
LINE
  5
4C6
330
17
100
AcDbEntity
  8
TRUSS
100
AcDbLine
 10
55.82
 20
-56.29
 30
0.0
 11
55.53
 21
-55.79
 31
0.0
  0
LINE
  5
4C7
330
17
100
AcDbEntity
  8
TRUSS
100
AcDbLine
 10
55.53
 20
-55.79
 30
0.0
 11
55.82
 21
-55.29
 31
0.0
  0
LINE
  5
4C8
330
17
100
AcDbEntity
  8
TRUSS
100
AcDbLine
 10
55.82
 20
-55.29
 30
0.0
 11
55.53
 21
-54.79
 31
0.0
  0
LINE
  5
4C9
330
17
100
AcDbEntity
  8
TRUSS
100
AcDbLine
 10
55.53
 20
-54.79
 30
0.0
 11
55.82
 21
-54.29
 31
0.0
  0
LINE
  5
4CA
330
17
100
AcDbEntity
  8
TRUSS
100
AcDbLine
 10
55.82
 20
-54.29
 30
0.0
 11
55.53
 21
-53.79
 31
0.0
  0
LINE
  5
4CB
330
17
100
AcDbEntity
  8
TRUSS
100
AcDbLine
 10
55.53
 20
-53.79
 30
0.0
 11
55.82
 21
-53.29
 31
0.0
  0
LINE
  5
4CC
330
17
100
AcDbEntity
  8
TRUSS
100
AcDbLine
 10
55.82
 20
-53.29
 30
0.0
 11
55.53
 21
-52.79
 31
0.0
  0
LINE
  5
4CD
330
17
100
AcDbEntity
  8
TRUSS
100
AcDbLine
 10
55.53
 20
-52.79
 30
0.0
 11
55.82
 21
-52.29
 31
0.0
  0
LINE
  5
4CE
330
17
100
AcDbEntity
  8
TRUSS
100
AcDbLine
 10
55.82
 20
-52.29
 30
0.0
 11
55.53
 21
-51.79
 31
0.0
  0
LINE
  5
4CF
330
17
100
AcDbEntity
  8
TRUSS
100
AcDbLine
 10
55.480000000000004
 20
-56.79
 30
0.0
 11
55.87
 21
-56.79
 31
0.0
  0
LINE
  5
4D0
330
17
100
AcDbEntity
  8
TRUSS
100
AcDbLine
 10
55.480000000000004
 20
-53.79
 30
0.0
 11
55.87
 21
-53.79
 31
0.0
  0
LWPOLYLINE
  5
4D1
330
17
100
AcDbEntity
  8
TRUSS
100
AcDbPolyline
 90
4
 70
1
 10
55.53
 20
-51.79
 10
55.82
 20
-51.79
 10
55.82
 20
-51.5
 10
55.53
 20
-51.5
  0
TEXT
  5
4D2
330
17
100
AcDbEntity
  8
DIM
100
AcDbText
 10
56.225
 20
-58.29
 30
0.0
 40
0.2475
  1
3.0
 11
56.225
 21
-58.29
 31
0.0
100
AcDbText
  0
TEXT
  5
4D3
330
17
100
AcDbEntity
  8
DIM
100
AcDbText
 10
56.225
 20
-55.29
 30
0.0
 40
0.2475
  1
3.0
 11
56.225
 21
-55.29
 31
0.0
100
AcDbText
  0
TEXT
  5
4D4
330
17
100
AcDbEntity
  8
DIM
100
AcDbText
 10
56.225
 20
-52.79
 30
0.0
 40
0.2475
  1
2.0
 11
56.225
 21
-52.79
 31
0.0
100
AcDbText
  0
LINE
  5
4D5
330
17
100
AcDbEntity
  8
TRUSS
100
AcDbLine
 10
53.03
 20
-51.79
 30
0.0
 11
55.53
 21
-51.79
 31
0.0
  0
LINE
  5
4D6
330
17
100
AcDbEntity
  8
TRUSS
100
AcDbLine
 10
53.03
 20
-51.5
 30
0.0
 11
55.53
 21
-51.5
 31
0.0
  0
LINE
  5
4D7
330
17
100
AcDbEntity
  8
TRUSS
100
AcDbLine
 10
53.03
 20
-51.79
 30
0.0
 11
53.53
 21
-51.5
 31
0.0
  0
LINE
  5
4D8
330
17
100
AcDbEntity
  8
TRUSS
100
AcDbLine
 10
53.53
 20
-51.5
 30
0.0
 11
54.03
 21
-51.79
 31
0.0
  0
LINE
  5
4D9
330
17
100
AcDbEntity
  8
TRUSS
100
AcDbLine
 10
54.03
 20
-51.79
 30
0.0
 11
54.53
 21
-51.5
 31
0.0
  0
LINE
  5
4DA
330
17
100
AcDbEntity
  8
TRUSS
100
AcDbLine
 10
54.53
 20
-51.5
 30
0.0
 11
55.03
 21
-51.79
 31
0.0
  0
LINE
  5
4DB
330
17
100
AcDbEntity
  8
TRUSS
100
AcDbLine
 10
55.03
 20
-51.79
 30
0.0
 11
55.53
 21
-51.5
 31
0.0
  0
LINE
  5
4DC
330
17
100
AcDbEntity
  8
PIPE
100
AcDbLine
 10
53.03
 20
-56.5
 30
0.0
 11
55.53
 21
-56.5
 31
0.0
  0
LINE
  5
4DD
330
17
100
AcDbEntity
  8
PIPE
100
AcDbLine
 10
53.03
 20
-54.0
 30
0.0
 11
55.53
 21
-54.0
 31
0.0
  0
TEXT
  5
4DE
330
17
100
AcDbEntity
  8
TXT
100
AcDbText
 10
54.28
 20
-51.05
 30
0.0
 40
0.36
  1
F5
 11
54.28
 21
-51.05
 31
0.0
100
AcDbText
  0
LWPOLYLINE
  5
4DF
330
17
100
AcDbEntity
  8
TRUSS
100
AcDbPolyline
 90
4
 70
1
 10
56.765
 20
-60.0
 10
57.565
 20
-60.0
 10
57.565
 20
-59.95
 10
56.765
 20
-59.95
  0
LWPOLYLINE
  5
4E0
330
17
100
AcDbEntity
  8
TRUSS
100
AcDbPolyline
 90
4
 70
1
 10
57.02
 20
-59.95
 10
57.31
 20
-59.95
 10
57.31
 20
-59.79
 10
57.02
 20
-59.79
  0
LINE
  5
4E1
330
17
100
AcDbEntity
  8
TRUSS
100
AcDbLine
 10
57.02
 20
-59.79
 30
0.0
 11
57.02
 21
-53.29
 31
0.0
  0
LINE
  5
4E2
330
17
100
AcDbEntity
  8
TRUSS
100
AcDbLine
 10
57.31
 20
-59.79
 30
0.0
 11
57.31
 21
-53.29
 31
0.0
  0
LINE
  5
4E3
330
17
100
AcDbEntity
  8
TRUSS
100
AcDbLine
 10
57.02
 20
-59.79
 30
0.0
 11
57.31
 21
-59.29
 31
0.0
  0
LINE
  5
4E4
330
17
100
AcDbEntity
  8
TRUSS
100
AcDbLine
 10
57.31
 20
-59.29
 30
0.0
 11
57.02
 21
-58.79
 31
0.0
  0
LINE
  5
4E5
330
17
100
AcDbEntity
  8
TRUSS
100
AcDbLine
 10
57.02
 20
-58.79
 30
0.0
 11
57.31
 21
-58.29
 31
0.0
  0
LINE
  5
4E6
330
17
100
AcDbEntity
  8
TRUSS
100
AcDbLine
 10
57.31
 20
-58.29
 30
0.0
 11
57.02
 21
-57.79
 31
0.0
  0
LINE
  5
4E7
330
17
100
AcDbEntity
  8
TRUSS
100
AcDbLine
 10
57.02
 20
-57.79
 30
0.0
 11
57.31
 21
-57.29
 31
0.0
  0
LINE
  5
4E8
330
17
100
AcDbEntity
  8
TRUSS
100
AcDbLine
 10
57.31
 20
-57.29
 30
0.0
 11
57.02
 21
-56.79
 31
0.0
  0
LINE
  5
4E9
330
17
100
AcDbEntity
  8
TRUSS
100
AcDbLine
 10
57.02
 20
-56.79
 30
0.0
 11
57.31
 21
-56.29
 31
0.0
  0
LINE
  5
4EA
330
17
100
AcDbEntity
  8
TRUSS
100
AcDbLine
 10
57.31
 20
-56.29
 30
0.0
 11
57.02
 21
-55.79
 31
0.0
  0
LINE
  5
4EB
330
17
100
AcDbEntity
  8
TRUSS
100
AcDbLine
 10
57.02
 20
-55.79
 30
0.0
 11
57.31
 21
-55.29
 31
0.0
  0
LINE
  5
4EC
330
17
100
AcDbEntity
  8
TRUSS
100
AcDbLine
 10
57.31
 20
-55.29
 30
0.0
 11
57.02
 21
-54.79
 31
0.0
  0
LINE
  5
4ED
330
17
100
AcDbEntity
  8
TRUSS
100
AcDbLine
 10
57.02
 20
-54.79
 30
0.0
 11
57.31
 21
-54.29
 31
0.0
  0
LINE
  5
4EE
330
17
100
AcDbEntity
  8
TRUSS
100
AcDbLine
 10
57.31
 20
-54.29
 30
0.0
 11
57.02
 21
-53.79
 31
0.0
  0
LINE
  5
4EF
330
17
100
AcDbEntity
  8
TRUSS
100
AcDbLine
 10
57.02
 20
-53.79
 30
0.0
 11
57.31
 21
-53.29
 31
0.0
  0
LINE
  5
4F0
330
17
100
AcDbEntity
  8
TRUSS
100
AcDbLine
 10
56.97
 20
-56.79
 30
0.0
 11
57.36
 21
-56.79
 31
0.0
  0
LINE
  5
4F1
330
17
100
AcDbEntity
  8
TRUSS
100
AcDbLine
 10
56.97
 20
-54.79
 30
0.0
 11
57.36
 21
-54.79
 31
0.0
  0
LINE
  5
4F2
330
17
100
AcDbEntity
  8
TRUSS
100
AcDbLine
 10
56.97
 20
-53.79
 30
0.0
 11
57.36
 21
-53.79
 31
0.0
  0
LWPOLYLINE
  5
4F3
330
17
100
AcDbEntity
  8
TRUSS
100
AcDbPolyline
 90
4
 70
1
 10
57.02
 20
-53.29
 10
57.31
 20
-53.29
 10
57.31
 20
-53.0
 10
57.02
 20
-53.0
  0
TEXT
  5
4F4
330
17
100
AcDbEntity
  8
DIM
100
AcDbText
 10
56.615
 20
-58.29
 30
0.0
 40
0.2475
  1
3.0
 11
56.615
 21
-58.29
 31
0.0
100
AcDbText
  0
TEXT
  5
4F5
330
17
100
AcDbEntity
  8
DIM
100
AcDbText
 10
56.615
 20
-55.79
 30
0.0
 40
0.2475
  1
2.0
 11
56.615
 21
-55.79
 31
0.0
100
AcDbText
  0
TEXT
  5
4F6
330
17
100
AcDbEntity
  8
DIM
100
AcDbText
 10
56.615
 20
-54.29
 30
0.0
 40
0.2475
  1
1.0
 11
56.615
 21
-54.29
 31
0.0
100
AcDbText
  0
TEXT
  5
4F7
330
17
100
AcDbEntity
  8
DIM
100
AcDbText
 10
56.615
 20
-53.54
 30
0.0
 40
0.2475
  1
0.5
 11
56.615
 21
-53.54
 31
0.0
100
AcDbText
  0
LWPOLYLINE
  5
4F8
330
17
100
AcDbEntity
  8
TRUSS
100
AcDbPolyline
 90
4
 70
1
 10
59.555
 20
-60.0
 10
60.355000000000004
 20
-60.0
 10
60.355000000000004
 20
-59.95
 10
59.555
 20
-59.95
  0
LWPOLYLINE
  5
4F9
330
17
100
AcDbEntity
  8
TRUSS
100
AcDbPolyline
 90
4
 70
1
 10
59.81
 20
-59.95
 10
60.1
 20
-59.95
 10
60.1
 20
-59.79
 10
59.81
 20
-59.79
  0
LINE
  5
4FA
330
17
100
AcDbEntity
  8
TRUSS
100
AcDbLine
 10
59.81
 20
-59.79
 30
0.0
 11
59.81
 21
-53.29
 31
0.0
  0
LINE
  5
4FB
330
17
100
AcDbEntity
  8
TRUSS
100
AcDbLine
 10
60.1
 20
-59.79
 30
0.0
 11
60.1
 21
-53.29
 31
0.0
  0
LINE
  5
4FC
330
17
100
AcDbEntity
  8
TRUSS
100
AcDbLine
 10
59.81
 20
-59.79
 30
0.0
 11
60.1
 21
-59.29
 31
0.0
  0
LINE
  5
4FD
330
17
100
AcDbEntity
  8
TRUSS
100
AcDbLine
 10
60.1
 20
-59.29
 30
0.0
 11
59.81
 21
-58.79
 31
0.0
  0
LINE
  5
4FE
330
17
100
AcDbEntity
  8
TRUSS
100
AcDbLine
 10
59.81
 20
-58.79
 30
0.0
 11
60.1
 21
-58.29
 31
0.0
  0
LINE
  5
4FF
330
17
100
AcDbEntity
  8
TRUSS
100
AcDbLine
 10
60.1
 20
-58.29
 30
0.0
 11
59.81
 21
-57.79
 31
0.0
  0
LINE
  5
500
330
17
100
AcDbEntity
  8
TRUSS
100
AcDbLine
 10
59.81
 20
-57.79
 30
0.0
 11
60.1
 21
-57.29
 31
0.0
  0
LINE
  5
501
330
17
100
AcDbEntity
  8
TRUSS
100
AcDbLine
 10
60.1
 20
-57.29
 30
0.0
 11
59.81
 21
-56.79
 31
0.0
  0
LINE
  5
502
330
17
100
AcDbEntity
  8
TRUSS
100
AcDbLine
 10
59.81
 20
-56.79
 30
0.0
 11
60.1
 21
-56.29
 31
0.0
  0
LINE
  5
503
330
17
100
AcDbEntity
  8
TRUSS
100
AcDbLine
 10
60.1
 20
-56.29
 30
0.0
 11
59.81
 21
-55.79
 31
0.0
  0
LINE
  5
504
330
17
100
AcDbEntity
  8
TRUSS
100
AcDbLine
 10
59.81
 20
-55.79
 30
0.0
 11
60.1
 21
-55.29
 31
0.0
  0
LINE
  5
505
330
17
100
AcDbEntity
  8
TRUSS
100
AcDbLine
 10
60.1
 20
-55.29
 30
0.0
 11
59.81
 21
-54.79
 31
0.0
  0
LINE
  5
506
330
17
100
AcDbEntity
  8
TRUSS
100
AcDbLine
 10
59.81
 20
-54.79
 30
0.0
 11
60.1
 21
-54.29
 31
0.0
  0
LINE
  5
507
330
17
100
AcDbEntity
  8
TRUSS
100
AcDbLine
 10
60.1
 20
-54.29
 30
0.0
 11
59.81
 21
-53.79
 31
0.0
  0
LINE
  5
508
330
17
100
AcDbEntity
  8
TRUSS
100
AcDbLine
 10
59.81
 20
-53.79
 30
0.0
 11
60.1
 21
-53.29
 31
0.0
  0
LINE
  5
509
330
17
100
AcDbEntity
  8
TRUSS
100
AcDbLine
 10
59.76
 20
-56.79
 30
0.0
 11
60.15
 21
-56.79
 31
0.0
  0
LINE
  5
50A
330
17
100
AcDbEntity
  8
TRUSS
100
AcDbLine
 10
59.76
 20
-54.79
 30
0.0
 11
60.15
 21
-54.79
 31
0.0
  0
LINE
  5
50B
330
17
100
AcDbEntity
  8
TRUSS
100
AcDbLine
 10
59.76
 20
-53.79
 30
0.0
 11
60.15
 21
-53.79
 31
0.0
  0
LWPOLYLINE
  5
50C
330
17
100
AcDbEntity
  8
TRUSS
100
AcDbPolyline
 90
4
 70
1
 10
59.81
 20
-53.29
 10
60.1
 20
-53.29
 10
60.1
 20
-53.0
 10
59.81
 20
-53.0
  0
TEXT
  5
50D
330
17
100
AcDbEntity
  8
DIM
100
AcDbText
 10
60.505
 20
-58.29
 30
0.0
 40
0.2475
  1
3.0
 11
60.505
 21
-58.29
 31
0.0
100
AcDbText
  0
TEXT
  5
50E
330
17
100
AcDbEntity
  8
DIM
100
AcDbText
 10
60.505
 20
-55.79
 30
0.0
 40
0.2475
  1
2.0
 11
60.505
 21
-55.79
 31
0.0
100
AcDbText
  0
TEXT
  5
50F
330
17
100
AcDbEntity
  8
DIM
100
AcDbText
 10
60.505
 20
-54.29
 30
0.0
 40
0.2475
  1
1.0
 11
60.505
 21
-54.29
 31
0.0
100
AcDbText
  0
TEXT
  5
510
330
17
100
AcDbEntity
  8
DIM
100
AcDbText
 10
60.505
 20
-53.54
 30
0.0
 40
0.2475
  1
0.5
 11
60.505
 21
-53.54
 31
0.0
100
AcDbText
  0
LINE
  5
511
330
17
100
AcDbEntity
  8
TRUSS
100
AcDbLine
 10
57.31
 20
-53.29
 30
0.0
 11
59.81
 21
-53.29
 31
0.0
  0
LINE
  5
512
330
17
100
AcDbEntity
  8
TRUSS
100
AcDbLine
 10
57.31
 20
-53.0
 30
0.0
 11
59.81
 21
-53.0
 31
0.0
  0
LINE
  5
513
330
17
100
AcDbEntity
  8
TRUSS
100
AcDbLine
 10
57.31
 20
-53.29
 30
0.0
 11
57.81
 21
-53.0
 31
0.0
  0
LINE
  5
514
330
17
100
AcDbEntity
  8
TRUSS
100
AcDbLine
 10
57.81
 20
-53.0
 30
0.0
 11
58.31
 21
-53.29
 31
0.0
  0
LINE
  5
515
330
17
100
AcDbEntity
  8
TRUSS
100
AcDbLine
 10
58.31
 20
-53.29
 30
0.0
 11
58.81
 21
-53.0
 31
0.0
  0
LINE
  5
516
330
17
100
AcDbEntity
  8
TRUSS
100
AcDbLine
 10
58.81
 20
-53.0
 30
0.0
 11
59.31
 21
-53.29
 31
0.0
  0
LINE
  5
517
330
17
100
AcDbEntity
  8
TRUSS
100
AcDbLine
 10
59.31
 20
-53.29
 30
0.0
 11
59.81
 21
-53.0
 31
0.0
  0
LINE
  5
518
330
17
100
AcDbEntity
  8
PIPE
100
AcDbLine
 10
57.31
 20
-57.0
 30
0.0
 11
59.81
 21
-57.0
 31
0.0
  0
LINE
  5
519
330
17
100
AcDbEntity
  8
PIPE
100
AcDbLine
 10
57.31
 20
-55.0
 30
0.0
 11
59.81
 21
-55.0
 31
0.0
  0
TEXT
  5
51A
330
17
100
AcDbEntity
  8
TXT
100
AcDbText
 10
58.56
 20
-52.55
 30
0.0
 40
0.36
  1
F6
 11
58.56
 21
-52.55
 31
0.0
100
AcDbText
  0
LWPOLYLINE
  5
51B
330
17
100
AcDbEntity
  8
TRUSS
100
AcDbPolyline
 90
4
 70
1
 10
61.045
 20
-60.0
 10
61.845
 20
-60.0
 10
61.845
 20
-59.95
 10
61.045
 20
-59.95
  0
LWPOLYLINE
  5
51C
330
17
100
AcDbEntity
  8
TRUSS
100
AcDbPolyline
 90
4
 70
1
 10
61.3
 20
-59.95
 10
61.59
 20
-59.95
 10
61.59
 20
-59.79
 10
61.3
 20
-59.79
  0
LINE
  5
51D
330
17
100
AcDbEntity
  8
TRUSS
100
AcDbLine
 10
61.3
 20
-59.79
 30
0.0
 11
61.3
 21
-54.79
 31
0.0
  0
LINE
  5
51E
330
17
100
AcDbEntity
  8
TRUSS
100
AcDbLine
 10
61.59
 20
-59.79
 30
0.0
 11
61.59
 21
-54.79
 31
0.0
  0
LINE
  5
51F
330
17
100
AcDbEntity
  8
TRUSS
100
AcDbLine
 10
61.3
 20
-59.79
 30
0.0
 11
61.59
 21
-59.29
 31
0.0
  0
LINE
  5
520
330
17
100
AcDbEntity
  8
TRUSS
100
AcDbLine
 10
61.59
 20
-59.29
 30
0.0
 11
61.3
 21
-58.79
 31
0.0
  0
LINE
  5
521
330
17
100
AcDbEntity
  8
TRUSS
100
AcDbLine
 10
61.3
 20
-58.79
 30
0.0
 11
61.59
 21
-58.29
 31
0.0
  0
LINE
  5
522
330
17
100
AcDbEntity
  8
TRUSS
100
AcDbLine
 10
61.59
 20
-58.29
 30
0.0
 11
61.3
 21
-57.79
 31
0.0
  0
LINE
  5
523
330
17
100
AcDbEntity
  8
TRUSS
100
AcDbLine
 10
61.3
 20
-57.79
 30
0.0
 11
61.59
 21
-57.29
 31
0.0
  0
LINE
  5
524
330
17
100
AcDbEntity
  8
TRUSS
100
AcDbLine
 10
61.59
 20
-57.29
 30
0.0
 11
61.3
 21
-56.79
 31
0.0
  0
LINE
  5
525
330
17
100
AcDbEntity
  8
TRUSS
100
AcDbLine
 10
61.3
 20
-56.79
 30
0.0
 11
61.59
 21
-56.29
 31
0.0
  0
LINE
  5
526
330
17
100
AcDbEntity
  8
TRUSS
100
AcDbLine
 10
61.59
 20
-56.29
 30
0.0
 11
61.3
 21
-55.79
 31
0.0
  0
LINE
  5
527
330
17
100
AcDbEntity
  8
TRUSS
100
AcDbLine
 10
61.3
 20
-55.79
 30
0.0
 11
61.59
 21
-55.29
 31
0.0
  0
LINE
  5
528
330
17
100
AcDbEntity
  8
TRUSS
100
AcDbLine
 10
61.59
 20
-55.29
 30
0.0
 11
61.3
 21
-54.79
 31
0.0
  0
LINE
  5
529
330
17
100
AcDbEntity
  8
TRUSS
100
AcDbLine
 10
61.25
 20
-56.79
 30
0.0
 11
61.64
 21
-56.79
 31
0.0
  0
LWPOLYLINE
  5
52A
330
17
100
AcDbEntity
  8
TRUSS
100
AcDbPolyline
 90
4
 70
1
 10
61.3
 20
-54.79
 10
61.59
 20
-54.79
 10
61.59
 20
-54.5
 10
61.3
 20
-54.5
  0
TEXT
  5
52B
330
17
100
AcDbEntity
  8
DIM
100
AcDbText
 10
60.894999999999996
 20
-58.29
 30
0.0
 40
0.2475
  1
3.0
 11
60.894999999999996
 21
-58.29
 31
0.0
100
AcDbText
  0
TEXT
  5
52C
330
17
100
AcDbEntity
  8
DIM
100
AcDbText
 10
60.894999999999996
 20
-55.79
 30
0.0
 40
0.2475
  1
2.0
 11
60.894999999999996
 21
-55.79
 31
0.0
100
AcDbText
  0
LWPOLYLINE
  5
52D
330
17
100
AcDbEntity
  8
TRUSS
100
AcDbPolyline
 90
4
 70
1
 10
63.835
 20
-60.0
 10
64.635
 20
-60.0
 10
64.635
 20
-59.95
 10
63.835
 20
-59.95
  0
LWPOLYLINE
  5
52E
330
17
100
AcDbEntity
  8
TRUSS
100
AcDbPolyline
 90
4
 70
1
 10
64.09
 20
-59.95
 10
64.38
 20
-59.95
 10
64.38
 20
-59.79
 10
64.09
 20
-59.79
  0
LINE
  5
52F
330
17
100
AcDbEntity
  8
TRUSS
100
AcDbLine
 10
64.09
 20
-59.79
 30
0.0
 11
64.09
 21
-54.79
 31
0.0
  0
LINE
  5
530
330
17
100
AcDbEntity
  8
TRUSS
100
AcDbLine
 10
64.38
 20
-59.79
 30
0.0
 11
64.38
 21
-54.79
 31
0.0
  0
LINE
  5
531
330
17
100
AcDbEntity
  8
TRUSS
100
AcDbLine
 10
64.09
 20
-59.79
 30
0.0
 11
64.38
 21
-59.29
 31
0.0
  0
LINE
  5
532
330
17
100
AcDbEntity
  8
TRUSS
100
AcDbLine
 10
64.38
 20
-59.29
 30
0.0
 11
64.09
 21
-58.79
 31
0.0
  0
LINE
  5
533
330
17
100
AcDbEntity
  8
TRUSS
100
AcDbLine
 10
64.09
 20
-58.79
 30
0.0
 11
64.38
 21
-58.29
 31
0.0
  0
LINE
  5
534
330
17
100
AcDbEntity
  8
TRUSS
100
AcDbLine
 10
64.38
 20
-58.29
 30
0.0
 11
64.09
 21
-57.79
 31
0.0
  0
LINE
  5
535
330
17
100
AcDbEntity
  8
TRUSS
100
AcDbLine
 10
64.09
 20
-57.79
 30
0.0
 11
64.38
 21
-57.29
 31
0.0
  0
LINE
  5
536
330
17
100
AcDbEntity
  8
TRUSS
100
AcDbLine
 10
64.38
 20
-57.29
 30
0.0
 11
64.09
 21
-56.79
 31
0.0
  0
LINE
  5
537
330
17
100
AcDbEntity
  8
TRUSS
100
AcDbLine
 10
64.09
 20
-56.79
 30
0.0
 11
64.38
 21
-56.29
 31
0.0
  0
LINE
  5
538
330
17
100
AcDbEntity
  8
TRUSS
100
AcDbLine
 10
64.38
 20
-56.29
 30
0.0
 11
64.09
 21
-55.79
 31
0.0
  0
LINE
  5
539
330
17
100
AcDbEntity
  8
TRUSS
100
AcDbLine
 10
64.09
 20
-55.79
 30
0.0
 11
64.38
 21
-55.29
 31
0.0
  0
LINE
  5
53A
330
17
100
AcDbEntity
  8
TRUSS
100
AcDbLine
 10
64.38
 20
-55.29
 30
0.0
 11
64.09
 21
-54.79
 31
0.0
  0
LINE
  5
53B
330
17
100
AcDbEntity
  8
TRUSS
100
AcDbLine
 10
64.03999999999999
 20
-56.79
 30
0.0
 11
64.43
 21
-56.79
 31
0.0
  0
LWPOLYLINE
  5
53C
330
17
100
AcDbEntity
  8
TRUSS
100
AcDbPolyline
 90
4
 70
1
 10
64.09
 20
-54.79
 10
64.38
 20
-54.79
 10
64.38
 20
-54.5
 10
64.09
 20
-54.5
  0
TEXT
  5
53D
330
17
100
AcDbEntity
  8
DIM
100
AcDbText
 10
64.785
 20
-58.29
 30
0.0
 40
0.2475
  1
3.0
 11
64.785
 21
-58.29
 31
0.0
100
AcDbText
  0
TEXT
  5
53E
330
17
100
AcDbEntity
  8
DIM
100
AcDbText
 10
64.785
 20
-55.79
 30
0.0
 40
0.2475
  1
2.0
 11
64.785
 21
-55.79
 31
0.0
100
AcDbText
  0
LINE
  5
53F
330
17
100
AcDbEntity
  8
TRUSS
100
AcDbLine
 10
61.59
 20
-54.79
 30
0.0
 11
64.09
 21
-54.79
 31
0.0
  0
LINE
  5
540
330
17
100
AcDbEntity
  8
TRUSS
100
AcDbLine
 10
61.59
 20
-54.5
 30
0.0
 11
64.09
 21
-54.5
 31
0.0
  0
LINE
  5
541
330
17
100
AcDbEntity
  8
TRUSS
100
AcDbLine
 10
61.59
 20
-54.79
 30
0.0
 11
62.09
 21
-54.5
 31
0.0
  0
LINE
  5
542
330
17
100
AcDbEntity
  8
TRUSS
100
AcDbLine
 10
62.09
 20
-54.5
 30
0.0
 11
62.59
 21
-54.79
 31
0.0
  0
LINE
  5
543
330
17
100
AcDbEntity
  8
TRUSS
100
AcDbLine
 10
62.59
 20
-54.79
 30
0.0
 11
63.09
 21
-54.5
 31
0.0
  0
LINE
  5
544
330
17
100
AcDbEntity
  8
TRUSS
100
AcDbLine
 10
63.09
 20
-54.5
 30
0.0
 11
63.59
 21
-54.79
 31
0.0
  0
LINE
  5
545
330
17
100
AcDbEntity
  8
TRUSS
100
AcDbLine
 10
63.59
 20
-54.79
 30
0.0
 11
64.09
 21
-54.5
 31
0.0
  0
LINE
  5
546
330
17
100
AcDbEntity
  8
PIPE
100
AcDbLine
 10
61.59
 20
-56.8
 30
0.0
 11
64.09
 21
-56.8
 31
0.0
  0
TEXT
  5
547
330
17
100
AcDbEntity
  8
TXT
100
AcDbText
 10
62.84
 20
-54.05
 30
0.0
 40
0.36
  1
F7
 11
62.84
 21
-54.05
 31
0.0
100
AcDbText
  0
LWPOLYLINE
  5
548
330
17
100
AcDbEntity
  8
STAGE
100
AcDbPolyline
 90
4
 70
1
 10
44.0
 20
-60.0
 10
56.0
 20
-60.0
 10
56.0
 20
-59.0
 10
44.0
 20
-59.0
  0
LWPOLYLINE
  5
549
330
17
100
AcDbEntity
  8
STAGE
100
AcDbPolyline
 90
4
 70
1
 10
48.5
 20
-59.0
 10
51.5
 20
-59.0
 10
51.5
 20
-58.6
 10
48.5
 20
-58.6
  0
LWPOLYLINE
  5
54A
330
17
100
AcDbEntity
  8
STAGE
100
AcDbPolyline
 90
4
 70
1
 10
48.8
 20
-58.6
 10
51.2
 20
-58.6
 10
51.2
 20
-58.1
 10
48.8
 20
-58.1
  0
LWPOLYLINE
  5
54B
330
17
100
AcDbEntity
  8
PA
100
AcDbPolyline
 90
4
 70
1
 10
45.575
 20
-60.0
 10
46.925
 20
-60.0
 10
46.925
 20
-59.25
 10
45.575
 20
-59.25
  0
LWPOLYLINE
  5
54C
330
17
100
AcDbEntity
  8
PA
100
AcDbPolyline
 90
4
 70
1
 10
47.075
 20
-60.0
 10
48.425
 20
-60.0
 10
48.425
 20
-59.25
 10
47.075
 20
-59.25
  0
LWPOLYLINE
  5
54D
330
17
100
AcDbEntity
  8
PA
100
AcDbPolyline
 90
4
 70
1
 10
48.575
 20
-60.0
 10
49.925
 20
-60.0
 10
49.925
 20
-59.25
 10
48.575
 20
-59.25
  0
LWPOLYLINE
  5
54E
330
17
100
AcDbEntity
  8
PA
100
AcDbPolyline
 90
4
 70
1
 10
50.075
 20
-60.0
 10
51.425
 20
-60.0
 10
51.425
 20
-59.25
 10
50.075
 20
-59.25
  0
LWPOLYLINE
  5
54F
330
17
100
AcDbEntity
  8
PA
100
AcDbPolyline
 90
4
 70
1
 10
51.575
 20
-60.0
 10
52.925
 20
-60.0
 10
52.925
 20
-59.25
 10
51.575
 20
-59.25
  0
LWPOLYLINE
  5
550
330
17
100
AcDbEntity
  8
PA
100
AcDbPolyline
 90
4
 70
1
 10
53.075
 20
-60.0
 10
54.425
 20
-60.0
 10
54.425
 20
-59.25
 10
53.075
 20
-59.25
  0
LINE
  5
551
330
17
100
AcDbEntity
  8
DIM
100
AcDbLine
 10
35.620000000000005
 20
-60.0
 30
0.0
 11
35.620000000000005
 21
-61.9
 31
0.0
  0
LINE
  5
552
330
17
100
AcDbEntity
  8
DIM
100
AcDbLine
 10
64.38
 20
-60.0
 30
0.0
 11
64.38
 21
-61.9
 31
0.0
  0
LINE
  5
553
330
17
100
AcDbEntity
  8
DIM
100
AcDbLine
 10
35.620000000000005
 20
-61.8
 30
0.0
 11
64.38
 21
-61.8
 31
0.0
  0
TEXT
  5
554
330
17
100
AcDbEntity
  8
DIM
100
AcDbText
 10
50.0
 20
-62.25
 30
0.0
 40
0.2925
  1
28.76
 11
50.0
 21
-62.25
 31
0.0
100
AcDbText
  0
LINE
  5
555
330
17
100
AcDbEntity
  8
DIM
100
AcDbLine
 10
39.25
 20
-60.0
 30
0.0
 11
39.4
 21
-60.0
 31
0.0
  0
LINE
  5
556
330
17
100
AcDbEntity
  8
DIM
100
AcDbLine
 10
39.25
 20
-54.5
 30
0.0
 11
39.4
 21
-54.5
 31
0.0
  0
LINE
  5
557
330
17
100
AcDbEntity
  8
DIM
100
AcDbLine
 10
39.3
 20
-60.0
 30
0.0
 11
39.3
 21
-54.5
 31
0.0
  0
TEXT
  5
558
330
17
100
AcDbEntity
  8
DIM
100
AcDbText
 10
39.65
 20
-57.25
 30
0.0
 40
0.2925
  1
5.50
 11
39.65
 21
-57.25
 31
0.0
100
AcDbText
  0
LINE
  5
559
330
17
100
AcDbEntity
  8
DIM
100
AcDbLine
 10
43.53
 20
-60.0
 30
0.0
 11
43.68
 21
-60.0
 31
0.0
  0
LINE
  5
55A
330
17
100
AcDbEntity
  8
DIM
100
AcDbLine
 10
43.53
 20
-53.0
 30
0.0
 11
43.68
 21
-53.0
 31
0.0
  0
LINE
  5
55B
330
17
100
AcDbEntity
  8
DIM
100
AcDbLine
 10
43.58
 20
-60.0
 30
0.0
 11
43.58
 21
-53.0
 31
0.0
  0
TEXT
  5
55C
330
17
100
AcDbEntity
  8
DIM
100
AcDbText
 10
43.93
 20
-56.5
 30
0.0
 40
0.2925
  1
7.00
 11
43.93
 21
-56.5
 31
0.0
100
AcDbText
  0
LINE
  5
55D
330
17
100
AcDbEntity
  8
DIM
100
AcDbLine
 10
47.81
 20
-60.0
 30
0.0
 11
47.96
 21
-60.0
 31
0.0
  0
LINE
  5
55E
330
17
100
AcDbEntity
  8
DIM
100
AcDbLine
 10
47.81
 20
-51.5
 30
0.0
 11
47.96
 21
-51.5
 31
0.0
  0
LINE
  5
55F
330
17
100
AcDbEntity
  8
DIM
100
AcDbLine
 10
47.86
 20
-60.0
 30
0.0
 11
47.86
 21
-51.5
 31
0.0
  0
TEXT
  5
560
330
17
100
AcDbEntity
  8
DIM
100
AcDbText
 10
48.21
 20
-55.75
 30
0.0
 40
0.2925
  1
8.50
 11
48.21
 21
-55.75
 31
0.0
100
AcDbText
  0
LINE
  5
561
330
17
100
AcDbEntity
  8
DIM
100
AcDbLine
 10
52.09
 20
-60.0
 30
0.0
 11
52.24
 21
-60.0
 31
0.0
  0
LINE
  5
562
330
17
100
AcDbEntity
  8
DIM
100
AcDbLine
 10
52.09
 20
-50.0
 30
0.0
 11
52.24
 21
-50.0
 31
0.0
  0
LINE
  5
563
330
17
100
AcDbEntity
  8
DIM
100
AcDbLine
 10
52.14
 20
-60.0
 30
0.0
 11
52.14
 21
-50.0
 31
0.0
  0
TEXT
  5
564
330
17
100
AcDbEntity
  8
DIM
100
AcDbText
 10
52.49
 20
-55.0
 30
0.0
 40
0.2925
  1
10.00
 11
52.49
 21
-55.0
 31
0.0
100
AcDbText
  0
LINE
  5
565
330
17
100
AcDbEntity
  8
DIM
100
AcDbLine
 10
51.54
 20
-51.0
 30
0.0
 11
51.54
 21
-50.8
 31
0.0
  0
LINE
  5
566
330
17
100
AcDbEntity
  8
DIM
100
AcDbLine
 10
52.74
 20
-51.0
 30
0.0
 11
52.74
 21
-50.8
 31
0.0
  0
LINE
  5
567
330
17
100
AcDbEntity
  8
DIM
100
AcDbLine
 10
51.54
 20
-50.7
 30
0.0
 11
52.74
 21
-50.7
 31
0.0
  0
TEXT
  5
568
330
17
100
AcDbEntity
  8
DIM
100
AcDbText
 10
52.14
 20
-51.15
 30
0.0
 40
0.2925
  1
1.20
 11
52.14
 21
-51.15
 31
0.0
100
AcDbText
  0
TEXT
  5
569
330
17
100
AcDbEntity
  8
VIEWLABEL
100
AcDbText
 10
100.0
 20
-62.2
 30
0.0
 40
0.8
  1
STAGE - TOP
 11
100.0
 21
-62.2
 31
0.0
100
AcDbText
  0
LWPOLYLINE
  5
56A
330
17
100
AcDbEntity
  8
TRUSS
100
AcDbPolyline
 90
4
 70
1
 10
85.62
 20
-60.145
 10
88.7
 20
-60.145
 10
88.7
 20
-59.855
 10
85.62
 20
-59.855
  0
LWPOLYLINE
  5
56B
330
17
100
AcDbEntity
  8
TRUSS
100
AcDbPolyline
 90
4
 70
1
 10
85.62
 20
-60.145
 10
85.91
 20
-60.145
 10
85.91
 20
-59.855
 10
85.62
 20
-59.855
  0
LWPOLYLINE
  5
56C
330
17
100
AcDbEntity
  8
TRUSS
100
AcDbPolyline
 90
4
 70
1
 10
88.41
 20
-60.145
 10
88.7
 20
-60.145
 10
88.7
 20
-59.855
 10
88.41
 20
-59.855
  0
TEXT
  5
56D
330
17
100
AcDbEntity
  8
TXT
100
AcDbText
 10
87.16
 20
-60.95
 30
0.0
 40
0.33749999999999997
  1
F1
 11
87.16
 21
-60.95
 31
0.0
100
AcDbText
  0
LWPOLYLINE
  5
56E
330
17
100
AcDbEntity
  8
TRUSS
100
AcDbPolyline
 90
4
 70
1
 10
89.9
 20
-60.145
 10
92.98
 20
-60.145
 10
92.98
 20
-59.855
 10
89.9
 20
-59.855
  0
LWPOLYLINE
  5
56F
330
17
100
AcDbEntity
  8
TRUSS
100
AcDbPolyline
 90
4
 70
1
 10
89.9
 20
-60.145
 10
90.19
 20
-60.145
 10
90.19
 20
-59.855
 10
89.9
 20
-59.855
  0
LWPOLYLINE
  5
570
330
17
100
AcDbEntity
  8
TRUSS
100
AcDbPolyline
 90
4
 70
1
 10
92.69
 20
-60.145
 10
92.98
 20
-60.145
 10
92.98
 20
-59.855
 10
92.69
 20
-59.855
  0
TEXT
  5
571
330
17
100
AcDbEntity
  8
TXT
100
AcDbText
 10
91.44
 20
-60.95
 30
0.0
 40
0.33749999999999997
  1
F2
 11
91.44
 21
-60.95
 31
0.0
100
AcDbText
  0
LWPOLYLINE
  5
572
330
17
100
AcDbEntity
  8
TRUSS
100
AcDbPolyline
 90
4
 70
1
 10
94.18
 20
-60.145
 10
97.26
 20
-60.145
 10
97.26
 20
-59.855
 10
94.18
 20
-59.855
  0
LWPOLYLINE
  5
573
330
17
100
AcDbEntity
  8
TRUSS
100
AcDbPolyline
 90
4
 70
1
 10
94.18
 20
-60.145
 10
94.47
 20
-60.145
 10
94.47
 20
-59.855
 10
94.18
 20
-59.855
  0
LWPOLYLINE
  5
574
330
17
100
AcDbEntity
  8
TRUSS
100
AcDbPolyline
 90
4
 70
1
 10
96.97
 20
-60.145
 10
97.26
 20
-60.145
 10
97.26
 20
-59.855
 10
96.97
 20
-59.855
  0
TEXT
  5
575
330
17
100
AcDbEntity
  8
TXT
100
AcDbText
 10
95.72
 20
-60.95
 30
0.0
 40
0.33749999999999997
  1
F3
 11
95.72
 21
-60.95
 31
0.0
100
AcDbText
  0
LWPOLYLINE
  5
576
330
17
100
AcDbEntity
  8
TRUSS
100
AcDbPolyline
 90
4
 70
1
 10
98.46
 20
-60.145
 10
101.54
 20
-60.145
 10
101.54
 20
-59.855
 10
98.46
 20
-59.855
  0
LWPOLYLINE
  5
577
330
17
100
AcDbEntity
  8
TRUSS
100
AcDbPolyline
 90
4
 70
1
 10
98.46
 20
-60.145
 10
98.75
 20
-60.145
 10
98.75
 20
-59.855
 10
98.46
 20
-59.855
  0
LWPOLYLINE
  5
578
330
17
100
AcDbEntity
  8
TRUSS
100
AcDbPolyline
 90
4
 70
1
 10
101.25
 20
-60.145
 10
101.54
 20
-60.145
 10
101.54
 20
-59.855
 10
101.25
 20
-59.855
  0
TEXT
  5
579
330
17
100
AcDbEntity
  8
TXT
100
AcDbText
 10
100.0
 20
-60.95
 30
0.0
 40
0.33749999999999997
  1
F4
 11
100.0
 21
-60.95
 31
0.0
100
AcDbText
  0
LWPOLYLINE
  5
57A
330
17
100
AcDbEntity
  8
TRUSS
100
AcDbPolyline
 90
4
 70
1
 10
102.74
 20
-60.145
 10
105.82
 20
-60.145
 10
105.82
 20
-59.855
 10
102.74
 20
-59.855
  0
LWPOLYLINE
  5
57B
330
17
100
AcDbEntity
  8
TRUSS
100
AcDbPolyline
 90
4
 70
1
 10
102.74
 20
-60.145
 10
103.03
 20
-60.145
 10
103.03
 20
-59.855
 10
102.74
 20
-59.855
  0
LWPOLYLINE
  5
57C
330
17
100
AcDbEntity
  8
TRUSS
100
AcDbPolyline
 90
4
 70
1
 10
105.53
 20
-60.145
 10
105.82000000000001
 20
-60.145
 10
105.82000000000001
 20
-59.855
 10
105.53
 20
-59.855
  0
TEXT
  5
57D
330
17
100
AcDbEntity
  8
TXT
100
AcDbText
 10
104.28
 20
-60.95
 30
0.0
 40
0.33749999999999997
  1
F5
 11
104.28
 21
-60.95
 31
0.0
100
AcDbText
  0
LWPOLYLINE
  5
57E
330
17
100
AcDbEntity
  8
TRUSS
100
AcDbPolyline
 90
4
 70
1
 10
107.02
 20
-60.145
 10
110.1
 20
-60.145
 10
110.1
 20
-59.855
 10
107.02
 20
-59.855
  0
LWPOLYLINE
  5
57F
330
17
100
AcDbEntity
  8
TRUSS
100
AcDbPolyline
 90
4
 70
1
 10
107.02
 20
-60.145
 10
107.31
 20
-60.145
 10
107.31
 20
-59.855
 10
107.02
 20
-59.855
  0
LWPOLYLINE
  5
580
330
17
100
AcDbEntity
  8
TRUSS
100
AcDbPolyline
 90
4
 70
1
 10
109.81
 20
-60.145
 10
110.1
 20
-60.145
 10
110.1
 20
-59.855
 10
109.81
 20
-59.855
  0
TEXT
  5
581
330
17
100
AcDbEntity
  8
TXT
100
AcDbText
 10
108.56
 20
-60.95
 30
0.0
 40
0.33749999999999997
  1
F6
 11
108.56
 21
-60.95
 31
0.0
100
AcDbText
  0
LWPOLYLINE
  5
582
330
17
100
AcDbEntity
  8
TRUSS
100
AcDbPolyline
 90
4
 70
1
 10
111.3
 20
-60.145
 10
114.38
 20
-60.145
 10
114.38
 20
-59.855
 10
111.3
 20
-59.855
  0
LWPOLYLINE
  5
583
330
17
100
AcDbEntity
  8
TRUSS
100
AcDbPolyline
 90
4
 70
1
 10
111.3
 20
-60.145
 10
111.59
 20
-60.145
 10
111.59
 20
-59.855
 10
111.3
 20
-59.855
  0
LWPOLYLINE
  5
584
330
17
100
AcDbEntity
  8
TRUSS
100
AcDbPolyline
 90
4
 70
1
 10
114.09
 20
-60.145
 10
114.38
 20
-60.145
 10
114.38
 20
-59.855
 10
114.09
 20
-59.855
  0
TEXT
  5
585
330
17
100
AcDbEntity
  8
TXT
100
AcDbText
 10
112.84
 20
-60.95
 30
0.0
 40
0.33749999999999997
  1
F7
 11
112.84
 21
-60.95
 31
0.0
100
AcDbText
  0
LWPOLYLINE
  5
586
330
17
100
AcDbEntity
  8
STAGE
100
AcDbPolyline
 90
4
 70
1
 10
94.0
 20
-58.0
 10
106.0
 20
-58.0
 10
106.0
 20
-50.0
 10
94.0
 20
-50.0
  0
LINE
  5
587
330
17
100
AcDbEntity
  8
STAGE
100
AcDbLine
 10
94.0
 20
-58.0
 30
0.0
 11
94.0
 21
-50.0
 31
0.0
  0
LINE
  5
588
330
17
100
AcDbEntity
  8
STAGE
100
AcDbLine
 10
96.0
 20
-58.0
 30
0.0
 11
96.0
 21
-50.0
 31
0.0
  0
LINE
  5
589
330
17
100
AcDbEntity
  8
STAGE
100
AcDbLine
 10
98.0
 20
-58.0
 30
0.0
 11
98.0
 21
-50.0
 31
0.0
  0
LINE
  5
58A
330
17
100
AcDbEntity
  8
STAGE
100
AcDbLine
 10
100.0
 20
-58.0
 30
0.0
 11
100.0
 21
-50.0
 31
0.0
  0
LINE
  5
58B
330
17
100
AcDbEntity
  8
STAGE
100
AcDbLine
 10
102.0
 20
-58.0
 30
0.0
 11
102.0
 21
-50.0
 31
0.0
  0
LINE
  5
58C
330
17
100
AcDbEntity
  8
STAGE
100
AcDbLine
 10
104.0
 20
-58.0
 30
0.0
 11
104.0
 21
-50.0
 31
0.0
  0
LINE
  5
58D
330
17
100
AcDbEntity
  8
STAGE
100
AcDbLine
 10
106.0
 20
-58.0
 30
0.0
 11
106.0
 21
-50.0
 31
0.0
  0
LINE
  5
58E
330
17
100
AcDbEntity
  8
STAGE
100
AcDbLine
 10
94.0
 20
-57.0
 30
0.0
 11
106.0
 21
-57.0
 31
0.0
  0
LINE
  5
58F
330
17
100
AcDbEntity
  8
STAGE
100
AcDbLine
 10
94.0
 20
-56.0
 30
0.0
 11
106.0
 21
-56.0
 31
0.0
  0
LINE
  5
590
330
17
100
AcDbEntity
  8
STAGE
100
AcDbLine
 10
94.0
 20
-55.0
 30
0.0
 11
106.0
 21
-55.0
 31
0.0
  0
LINE
  5
591
330
17
100
AcDbEntity
  8
STAGE
100
AcDbLine
 10
94.0
 20
-54.0
 30
0.0
 11
106.0
 21
-54.0
 31
0.0
  0
LINE
  5
592
330
17
100
AcDbEntity
  8
STAGE
100
AcDbLine
 10
94.0
 20
-53.0
 30
0.0
 11
106.0
 21
-53.0
 31
0.0
  0
LINE
  5
593
330
17
100
AcDbEntity
  8
STAGE
100
AcDbLine
 10
94.0
 20
-52.0
 30
0.0
 11
106.0
 21
-52.0
 31
0.0
  0
LINE
  5
594
330
17
100
AcDbEntity
  8
STAGE
100
AcDbLine
 10
94.0
 20
-51.0
 30
0.0
 11
106.0
 21
-51.0
 31
0.0
  0
LWPOLYLINE
  5
595
330
17
100
AcDbEntity
  8
STAGE
100
AcDbPolyline
 90
4
 70
1
 10
98.5
 20
-57.5
 10
101.5
 20
-57.5
 10
101.5
 20
-55.5
 10
98.5
 20
-55.5
  0
TEXT
  5
596
330
17
100
AcDbEntity
  8
TXT
100
AcDbText
 10
100.0
 20
-54.9
 30
0.0
 40
0.2925
  1
DJ RISER 3.0 x 2.0  +0.40
 11
100.0
 21
-54.9
 31
0.0
100
AcDbText
  0
LWPOLYLINE
  5
597
330
17
100
AcDbEntity
  8
STAGE
100
AcDbPolyline
 90
4
 70
1
 10
98.8
 20
-56.4
 10
101.2
 20
-56.4
 10
101.2
 20
-55.8
 10
98.8
 20
-55.8
  0
LWPOLYLINE
  5
598
330
17
100
AcDbEntity
  8
STAGE
100
AcDbPolyline
 90
4
 70
1
 10
94.0
 20
-59.2
 10
95.75
 20
-59.2
 10
95.75
 20
-58.0
 10
94.0
 20
-58.0
  0
TEXT
  5
599
330
17
100
AcDbEntity
  8
TXT
100
AcDbText
 10
94.9
 20
-58.6
 30
0.0
 40
0.2475
  1
STAIRS
 11
94.9
 21
-58.6
 31
0.0
100
AcDbText
  0
LWPOLYLINE
  5
59A
330
17
100
AcDbEntity
  8
STAGE
100
AcDbPolyline
 90
4
 70
1
 10
102.8
 20
-59.2
 10
106.0
 20
-59.2
 10
106.0
 20
-58.0
 10
102.8
 20
-58.0
  0
TEXT
  5
59B
330
17
100
AcDbEntity
  8
TXT
100
AcDbText
 10
104.4
 20
-58.6
 30
0.0
 40
0.2475
  1
RAMP 1:8
 11
104.4
 21
-58.6
 31
0.0
100
AcDbText
  0
LWPOLYLINE
  5
59C
330
17
100
AcDbEntity
  8
STAGE
100
AcDbPolyline
 90
4
 70
1
 10
106.6
 20
-52.0
 10
107.9
 20
-52.0
 10
107.9
 20
-50.0
 10
106.6
 20
-50.0
  0
TEXT
  5
59D
330
17
100
AcDbEntity
  8
TXT
100
AcDbText
 10
107.25
 20
-51.0
 30
0.0
 40
0.2475
  1
AMPS
 11
107.25
 21
-51.0
 31
0.0
100
AcDbText
  0
LWPOLYLINE
  5
59E
330
17
100
AcDbEntity
  8
STAGE
100
AcDbPolyline
 90
3
 70
1
 10
97.5
 20
-55.1
 10
98.1
 20
-55.1
 10
97.8
 20
-54.65
  0
LWPOLYLINE
  5
59F
330
17
100
AcDbEntity
  8
STAGE
100
AcDbPolyline
 90
3
 70
1
 10
101.9
 20
-55.1
 10
102.5
 20
-55.1
 10
102.2
 20
-54.65
  0
LWPOLYLINE
  5
5A0
330
17
100
AcDbEntity
  8
PA
100
AcDbPolyline
 90
4
 70
1
 10
95.575
 20
-49.6
 10
96.925
 20
-49.6
 10
96.925
 20
-48.85
 10
95.575
 20
-48.85
  0
LWPOLYLINE
  5
5A1
330
17
100
AcDbEntity
  8
PA
100
AcDbPolyline
 90
4
 70
1
 10
97.075
 20
-49.6
 10
98.425
 20
-49.6
 10
98.425
 20
-48.85
 10
97.075
 20
-48.85
  0
LWPOLYLINE
  5
5A2
330
17
100
AcDbEntity
  8
PA
100
AcDbPolyline
 90
4
 70
1
 10
98.575
 20
-49.6
 10
99.925
 20
-49.6
 10
99.925
 20
-48.85
 10
98.575
 20
-48.85
  0
LWPOLYLINE
  5
5A3
330
17
100
AcDbEntity
  8
PA
100
AcDbPolyline
 90
4
 70
1
 10
100.075
 20
-49.6
 10
101.425
 20
-49.6
 10
101.425
 20
-48.85
 10
100.075
 20
-48.85
  0
LWPOLYLINE
  5
5A4
330
17
100
AcDbEntity
  8
PA
100
AcDbPolyline
 90
4
 70
1
 10
101.575
 20
-49.6
 10
102.925
 20
-49.6
 10
102.925
 20
-48.85
 10
101.575
 20
-48.85
  0
LWPOLYLINE
  5
5A5
330
17
100
AcDbEntity
  8
PA
100
AcDbPolyline
 90
4
 70
1
 10
103.075
 20
-49.6
 10
104.425
 20
-49.6
 10
104.425
 20
-48.85
 10
103.075
 20
-48.85
  0
TEXT
  5
5A6
330
17
100
AcDbEntity
  8
TXT
100
AcDbText
 10
100.0
 20
-48.25
 30
0.0
 40
0.27
  1
6 x DUAL-18" SUB — CARDIOID (4+2), 1.5 m c-c
 11
100.0
 21
-48.25
 31
0.0
100
AcDbText
  0
LINE
  5
5A7
330
17
100
AcDbEntity
  8
DIM
100
AcDbLine
 10
94.0
 20
-50.0
 30
0.0
 11
94.0
 21
-47.2
 31
0.0
  0
LINE
  5
5A8
330
17
100
AcDbEntity
  8
DIM
100
AcDbLine
 10
106.0
 20
-50.0
 30
0.0
 11
106.0
 21
-47.2
 31
0.0
  0
LINE
  5
5A9
330
17
100
AcDbEntity
  8
DIM
100
AcDbLine
 10
94.0
 20
-47.1
 30
0.0
 11
106.0
 21
-47.1
 31
0.0
  0
TEXT
  5
5AA
330
17
100
AcDbEntity
  8
DIM
100
AcDbText
 10
100.0
 20
-47.55
 30
0.0
 40
0.2925
  1
12.00
 11
100.0
 21
-47.55
 31
0.0
100
AcDbText
  0
LINE
  5
5AB
330
17
100
AcDbEntity
  8
DIM
100
AcDbLine
 10
106.4
 20
-58.0
 30
0.0
 11
108.2
 21
-58.0
 31
0.0
  0
LINE
  5
5AC
330
17
100
AcDbEntity
  8
DIM
100
AcDbLine
 10
106.4
 20
-50.0
 30
0.0
 11
108.2
 21
-50.0
 31
0.0
  0
LINE
  5
5AD
330
17
100
AcDbEntity
  8
DIM
100
AcDbLine
 10
108.1
 20
-58.0
 30
0.0
 11
108.1
 21
-50.0
 31
0.0
  0
TEXT
  5
5AE
330
17
100
AcDbEntity
  8
DIM
100
AcDbText
 10
108.45
 20
-54.0
 30
0.0
 40
0.2925
  1
8.00
 11
108.45
 21
-54.0
 31
0.0
100
AcDbText
  0
TEXT
  5
5AF
330
17
100
AcDbEntity
  8
VIEWLABEL
100
AcDbText
 10
150.0
 20
-2.2
 30
0.0
 40
0.8
  1
ISO (ISOMETRIC PROJECTION)
 11
150.0
 21
-2.2
 31
0.0
100
AcDbText
  0
LINE
  5
5B0
330
17
100
AcDbEntity
  8
TRUSS
100
AcDbLine
 10
137.67249
 20
-7.262499999999999
 30
0.0
 11
137.92363
 21
-7.1175
 31
0.0
  0
LINE
  5
5B1
330
17
100
AcDbEntity
  8
TRUSS
100
AcDbLine
 10
137.92363
 20
-7.1175
 30
0.0
 11
137.67249
 21
-6.9725
 31
0.0
  0
LINE
  5
5B2
330
17
100
AcDbEntity
  8
TRUSS
100
AcDbLine
 10
137.67249
 20
-6.9725
 30
0.0
 11
137.42135
 21
-7.1175
 31
0.0
  0
LINE
  5
5B3
330
17
100
AcDbEntity
  8
TRUSS
100
AcDbLine
 10
137.42135
 20
-7.1175
 30
0.0
 11
137.67249
 21
-7.262499999999999
 31
0.0
  0
LINE
  5
5B4
330
17
100
AcDbEntity
  8
TRUSS
100
AcDbLine
 10
137.67249
 20
-2.0524999999999993
 30
0.0
 11
137.92363
 21
-1.9074999999999998
 31
0.0
  0
LINE
  5
5B5
330
17
100
AcDbEntity
  8
TRUSS
100
AcDbLine
 10
137.92363
 20
-1.9074999999999998
 30
0.0
 11
137.67249
 21
-1.7625000000000002
 31
0.0
  0
LINE
  5
5B6
330
17
100
AcDbEntity
  8
TRUSS
100
AcDbLine
 10
137.67249
 20
-1.7625000000000002
 30
0.0
 11
137.42135
 21
-1.9074999999999998
 31
0.0
  0
LINE
  5
5B7
330
17
100
AcDbEntity
  8
TRUSS
100
AcDbLine
 10
137.42135
 20
-1.9074999999999998
 30
0.0
 11
137.67249
 21
-2.0524999999999993
 31
0.0
  0
LINE
  5
5B8
330
17
100
AcDbEntity
  8
TRUSS
100
AcDbLine
 10
137.67249
 20
-7.262499999999999
 30
0.0
 11
137.67249
 21
-2.0524999999999993
 31
0.0
  0
LINE
  5
5B9
330
17
100
AcDbEntity
  8
TRUSS
100
AcDbLine
 10
137.92363
 20
-7.1175
 30
0.0
 11
137.92363
 21
-1.9074999999999998
 31
0.0
  0
LINE
  5
5BA
330
17
100
AcDbEntity
  8
TRUSS
100
AcDbLine
 10
137.67249
 20
-6.9725
 30
0.0
 11
137.67249
 21
-1.7625000000000002
 31
0.0
  0
LINE
  5
5BB
330
17
100
AcDbEntity
  8
TRUSS
100
AcDbLine
 10
137.42135
 20
-7.1175
 30
0.0
 11
137.42135
 21
-1.9074999999999998
 31
0.0
  0
LINE
  5
5BC
330
17
100
AcDbEntity
  8
TRUSS
100
AcDbLine
 10
140.08863
 20
-5.8675
 30
0.0
 11
140.33977
 21
-5.7225
 31
0.0
  0
LINE
  5
5BD
330
17
100
AcDbEntity
  8
TRUSS
100
AcDbLine
 10
140.33977
 20
-5.7225
 30
0.0
 11
140.08863
 21
-5.577500000000001
 31
0.0
  0
LINE
  5
5BE
330
17
100
AcDbEntity
  8
TRUSS
100
AcDbLine
 10
140.08863
 20
-5.577500000000001
 30
0.0
 11
139.83749
 21
-5.7225
 31
0.0
  0
LINE
  5
5BF
330
17
100
AcDbEntity
  8
TRUSS
100
AcDbLine
 10
139.83749
 20
-5.7225
 30
0.0
 11
140.08863
 21
-5.8675
 31
0.0
  0
LINE
  5
5C0
330
17
100
AcDbEntity
  8
TRUSS
100
AcDbLine
 10
140.08863
 20
-0.6574999999999998
 30
0.0
 11
140.33977
 21
-0.5125000000000002
 31
0.0
  0
LINE
  5
5C1
330
17
100
AcDbEntity
  8
TRUSS
100
AcDbLine
 10
140.33977
 20
-0.5125000000000002
 30
0.0
 11
140.08863
 21
-0.3675000000000006
 31
0.0
  0
LINE
  5
5C2
330
17
100
AcDbEntity
  8
TRUSS
100
AcDbLine
 10
140.08863
 20
-0.3675000000000006
 30
0.0
 11
139.83749
 21
-0.5125000000000002
 31
0.0
  0
LINE
  5
5C3
330
17
100
AcDbEntity
  8
TRUSS
100
AcDbLine
 10
139.83749
 20
-0.5125000000000002
 30
0.0
 11
140.08863
 21
-0.6574999999999998
 31
0.0
  0
LINE
  5
5C4
330
17
100
AcDbEntity
  8
TRUSS
100
AcDbLine
 10
140.08863
 20
-5.8675
 30
0.0
 11
140.08863
 21
-0.6574999999999998
 31
0.0
  0
LINE
  5
5C5
330
17
100
AcDbEntity
  8
TRUSS
100
AcDbLine
 10
140.33977
 20
-5.7225
 30
0.0
 11
140.33977
 21
-0.5125000000000002
 31
0.0
  0
LINE
  5
5C6
330
17
100
AcDbEntity
  8
TRUSS
100
AcDbLine
 10
140.08863
 20
-5.577500000000001
 30
0.0
 11
140.08863
 21
-0.3675000000000006
 31
0.0
  0
LINE
  5
5C7
330
17
100
AcDbEntity
  8
TRUSS
100
AcDbLine
 10
139.83749
 20
-5.7225
 30
0.0
 11
139.83749
 21
-0.5125000000000002
 31
0.0
  0
LINE
  5
5C8
330
17
100
AcDbEntity
  8
TRUSS
100
AcDbLine
 10
137.67249
 20
-2.0524999999999993
 30
0.0
 11
140.33977
 21
-0.5125000000000002
 31
0.0
  0
LINE
  5
5C9
330
17
100
AcDbEntity
  8
TRUSS
100
AcDbLine
 10
140.33977
 20
-0.5125000000000002
 30
0.0
 11
140.08863
 21
-0.3675000000000006
 31
0.0
  0
LINE
  5
5CA
330
17
100
AcDbEntity
  8
TRUSS
100
AcDbLine
 10
140.08863
 20
-0.3675000000000006
 30
0.0
 11
137.42135
 21
-1.9074999999999998
 31
0.0
  0
LINE
  5
5CB
330
17
100
AcDbEntity
  8
TRUSS
100
AcDbLine
 10
137.42135
 20
-1.9074999999999998
 30
0.0
 11
137.67249
 21
-2.0524999999999993
 31
0.0
  0
LINE
  5
5CC
330
17
100
AcDbEntity
  8
TRUSS
100
AcDbLine
 10
137.67249
 20
-1.7624999999999993
 30
0.0
 11
140.33977
 21
-0.22250000000000014
 31
0.0
  0
LINE
  5
5CD
330
17
100
AcDbEntity
  8
TRUSS
100
AcDbLine
 10
140.33977
 20
-0.22250000000000014
 30
0.0
 11
140.08863
 21
-0.07750000000000057
 31
0.0
  0
LINE
  5
5CE
330
17
100
AcDbEntity
  8
TRUSS
100
AcDbLine
 10
140.08863
 20
-0.07750000000000057
 30
0.0
 11
137.42135
 21
-1.6174999999999997
 31
0.0
  0
LINE
  5
5CF
330
17
100
AcDbEntity
  8
TRUSS
100
AcDbLine
 10
137.42135
 20
-1.6174999999999997
 30
0.0
 11
137.67249
 21
-1.7624999999999993
 31
0.0
  0
LINE
  5
5D0
330
17
100
AcDbEntity
  8
TRUSS
100
AcDbLine
 10
137.67249
 20
-2.0524999999999993
 30
0.0
 11
137.67249
 21
-1.7624999999999993
 31
0.0
  0
LINE
  5
5D1
330
17
100
AcDbEntity
  8
TRUSS
100
AcDbLine
 10
140.33977
 20
-0.5125000000000002
 30
0.0
 11
140.33977
 21
-0.22250000000000014
 31
0.0
  0
LINE
  5
5D2
330
17
100
AcDbEntity
  8
TRUSS
100
AcDbLine
 10
140.08863
 20
-0.3675000000000006
 30
0.0
 11
140.08863
 21
-0.07750000000000057
 31
0.0
  0
LINE
  5
5D3
330
17
100
AcDbEntity
  8
TRUSS
100
AcDbLine
 10
137.42135
 20
-1.9074999999999998
 30
0.0
 11
137.42135
 21
-1.6174999999999997
 31
0.0
  0
TEXT
  5
5D4
330
17
100
AcDbEntity
  8
TXT
100
AcDbText
 10
138.88056
 20
-0.5199999999999996
 30
0.0
 40
0.315
  1
F1
 11
138.88056
 21
-0.5199999999999996
 31
0.0
100
AcDbText
  0
LINE
  5
5D5
330
17
100
AcDbEntity
  8
PIPE
100
AcDbLine
 10
137.79806
 20
-3.8449999999999998
 30
0.0
 11
139.96306
 21
-2.5949999999999998
 31
0.0
  0
CIRCLE
  5
5D6
330
17
100
AcDbEntity
  8
MP
100
AcDbCircle
 10
137.30444
 20
-3.33
 30
0.0
 40
0.2
  0
LWPOLYLINE
  5
5D7
330
17
100
AcDbEntity
  8
MOLE
100
AcDbPolyline
 90
4
 70
1
 10
137.71569
 20
-4.847499999999999
 10
137.97569
 20
-4.847499999999999
 10
137.97569
 20
-4.5874999999999995
 10
137.71569
 20
-4.5874999999999995
  0
CIRCLE
  5
5D8
330
17
100
AcDbEntity
  8
TYP
100
AcDbCircle
 10
138.05786
 20
-6.7749999999999995
 30
0.0
 40
0.11
  0
CIRCLE
  5
5D9
330
17
100
AcDbEntity
  8
TYP
100
AcDbCircle
 10
137.49496
 20
-7.1
 30
0.0
 40
0.11
  0
CIRCLE
  5
5DA
330
17
100
AcDbEntity
  8
MP
100
AcDbCircle
 10
140.45668
 20
-1.5099999999999998
 30
0.0
 40
0.2
  0
LWPOLYLINE
  5
5DB
330
17
100
AcDbEntity
  8
MOLE
100
AcDbPolyline
 90
4
 70
1
 10
140.13183
 20
-3.4524999999999997
 10
140.39183
 20
-3.4524999999999997
 10
140.39183
 20
-3.1925
 10
140.13183
 20
-3.1925
  0
CIRCLE
  5
5DC
330
17
100
AcDbEntity
  8
TYP
100
AcDbCircle
 10
139.70326
 20
-5.825
 30
0.0
 40
0.11
  0
CIRCLE
  5
5DD
330
17
100
AcDbEntity
  8
TYP
100
AcDbCircle
 10
140.26616
 20
-5.5
 30
0.0
 40
0.11
  0
LWPOLYLINE
  5
5DE
330
17
100
AcDbEntity
  8
JDC
100
AcDbPolyline
 90
4
 70
1
 10
138.79046
 20
-1.1949999999999998
 10
139.23046
 20
-1.1949999999999998
 10
139.23046
 20
-0.9949999999999999
 10
138.79046
 20
-0.9949999999999999
  0
CIRCLE
  5
5DF
330
17
100
AcDbEntity
  8
LB
100
AcDbCircle
 10
138.18776
 20
-3.62
 30
0.0
 40
0.12
  0
CIRCLE
  5
5E0
330
17
100
AcDbEntity
  8
LB
100
AcDbCircle
 10
138.88056
 20
-3.2199999999999998
 30
0.0
 40
0.12
  0
CIRCLE
  5
5E1
330
17
100
AcDbEntity
  8
LB
100
AcDbCircle
 10
139.57336
 20
-2.8199999999999994
 30
0.0
 40
0.12
  0
LINE
  5
5E2
330
17
100
AcDbEntity
  8
TRUSS
100
AcDbLine
 10
141.37897
 20
-5.1225
 30
0.0
 11
141.63011
 21
-4.9775
 31
0.0
  0
LINE
  5
5E3
330
17
100
AcDbEntity
  8
TRUSS
100
AcDbLine
 10
141.63011
 20
-4.9775
 30
0.0
 11
141.37897
 21
-4.8325000000000005
 31
0.0
  0
LINE
  5
5E4
330
17
100
AcDbEntity
  8
TRUSS
100
AcDbLine
 10
141.37897
 20
-4.8325000000000005
 30
0.0
 11
141.12783
 21
-4.9775
 31
0.0
  0
LINE
  5
5E5
330
17
100
AcDbEntity
  8
TRUSS
100
AcDbLine
 10
141.12783
 20
-4.9775
 30
0.0
 11
141.37897
 21
-5.1225
 31
0.0
  0
LINE
  5
5E6
330
17
100
AcDbEntity
  8
TRUSS
100
AcDbLine
 10
141.37897
 20
1.5875000000000004
 30
0.0
 11
141.63011
 21
1.7325
 31
0.0
  0
LINE
  5
5E7
330
17
100
AcDbEntity
  8
TRUSS
100
AcDbLine
 10
141.63011
 20
1.7325
 30
0.0
 11
141.37897
 21
1.8774999999999995
 31
0.0
  0
LINE
  5
5E8
330
17
100
AcDbEntity
  8
TRUSS
100
AcDbLine
 10
141.37897
 20
1.8774999999999995
 30
0.0
 11
141.12783
 21
1.7325
 31
0.0
  0
LINE
  5
5E9
330
17
100
AcDbEntity
  8
TRUSS
100
AcDbLine
 10
141.12783
 20
1.7325
 30
0.0
 11
141.37897
 21
1.5875000000000004
 31
0.0
  0
LINE
  5
5EA
330
17
100
AcDbEntity
  8
TRUSS
100
AcDbLine
 10
141.37897
 20
-5.1225
 30
0.0
 11
141.37897
 21
1.5875000000000004
 31
0.0
  0
LINE
  5
5EB
330
17
100
AcDbEntity
  8
TRUSS
100
AcDbLine
 10
141.63011
 20
-4.9775
 30
0.0
 11
141.63011
 21
1.7325
 31
0.0
  0
LINE
  5
5EC
330
17
100
AcDbEntity
  8
TRUSS
100
AcDbLine
 10
141.37897
 20
-4.8325000000000005
 30
0.0
 11
141.37897
 21
1.8774999999999995
 31
0.0
  0
LINE
  5
5ED
330
17
100
AcDbEntity
  8
TRUSS
100
AcDbLine
 10
141.12783
 20
-4.9775
 30
0.0
 11
141.12783
 21
1.7325
 31
0.0
  0
LINE
  5
5EE
330
17
100
AcDbEntity
  8
TRUSS
100
AcDbLine
 10
143.79511
 20
-3.7275
 30
0.0
 11
144.04625
 21
-3.5825000000000005
 31
0.0
  0
LINE
  5
5EF
330
17
100
AcDbEntity
  8
TRUSS
100
AcDbLine
 10
144.04625
 20
-3.5825000000000005
 30
0.0
 11
143.79511
 21
-3.437500000000001
 31
0.0
  0
LINE
  5
5F0
330
17
100
AcDbEntity
  8
TRUSS
100
AcDbLine
 10
143.79511
 20
-3.437500000000001
 30
0.0
 11
143.54397
 21
-3.5825000000000005
 31
0.0
  0
LINE
  5
5F1
330
17
100
AcDbEntity
  8
TRUSS
100
AcDbLine
 10
143.54397
 20
-3.5825000000000005
 30
0.0
 11
143.79511
 21
-3.7275
 31
0.0
  0
LINE
  5
5F2
330
17
100
AcDbEntity
  8
TRUSS
100
AcDbLine
 10
143.79511
 20
2.9825
 30
0.0
 11
144.04625
 21
3.1274999999999995
 31
0.0
  0
LINE
  5
5F3
330
17
100
AcDbEntity
  8
TRUSS
100
AcDbLine
 10
144.04625
 20
3.1274999999999995
 30
0.0
 11
143.79511
 21
3.272499999999999
 31
0.0
  0
LINE
  5
5F4
330
17
100
AcDbEntity
  8
TRUSS
100
AcDbLine
 10
143.79511
 20
3.272499999999999
 30
0.0
 11
143.54397
 21
3.1274999999999995
 31
0.0
  0
LINE
  5
5F5
330
17
100
AcDbEntity
  8
TRUSS
100
AcDbLine
 10
143.54397
 20
3.1274999999999995
 30
0.0
 11
143.79511
 21
2.9825
 31
0.0
  0
LINE
  5
5F6
330
17
100
AcDbEntity
  8
TRUSS
100
AcDbLine
 10
143.79511
 20
-3.7275
 30
0.0
 11
143.79511
 21
2.9825
 31
0.0
  0
LINE
  5
5F7
330
17
100
AcDbEntity
  8
TRUSS
100
AcDbLine
 10
144.04625
 20
-3.5825000000000005
 30
0.0
 11
144.04625
 21
3.1274999999999995
 31
0.0
  0
LINE
  5
5F8
330
17
100
AcDbEntity
  8
TRUSS
100
AcDbLine
 10
143.79511
 20
-3.437500000000001
 30
0.0
 11
143.79511
 21
3.272499999999999
 31
0.0
  0
LINE
  5
5F9
330
17
100
AcDbEntity
  8
TRUSS
100
AcDbLine
 10
143.54397
 20
-3.5825000000000005
 30
0.0
 11
143.54397
 21
3.1274999999999995
 31
0.0
  0
LINE
  5
5FA
330
17
100
AcDbEntity
  8
TRUSS
100
AcDbLine
 10
141.37897
 20
1.5875000000000004
 30
0.0
 11
144.04625
 21
3.1275
 31
0.0
  0
LINE
  5
5FB
330
17
100
AcDbEntity
  8
TRUSS
100
AcDbLine
 10
144.04625
 20
3.1275
 30
0.0
 11
143.79511
 21
3.2724999999999995
 31
0.0
  0
LINE
  5
5FC
330
17
100
AcDbEntity
  8
TRUSS
100
AcDbLine
 10
143.79511
 20
3.2724999999999995
 30
0.0
 11
141.12783
 21
1.7325
 31
0.0
  0
LINE
  5
5FD
330
17
100
AcDbEntity
  8
TRUSS
100
AcDbLine
 10
141.12783
 20
1.7325
 30
0.0
 11
141.37897
 21
1.5875000000000004
 31
0.0
  0
LINE
  5
5FE
330
17
100
AcDbEntity
  8
TRUSS
100
AcDbLine
 10
141.37897
 20
1.8775000000000004
 30
0.0
 11
144.04625
 21
3.4175
 31
0.0
  0
LINE
  5
5FF
330
17
100
AcDbEntity
  8
TRUSS
100
AcDbLine
 10
144.04625
 20
3.4175
 30
0.0
 11
143.79511
 21
3.5624999999999996
 31
0.0
  0
LINE
  5
600
330
17
100
AcDbEntity
  8
TRUSS
100
AcDbLine
 10
143.79511
 20
3.5624999999999996
 30
0.0
 11
141.12783
 21
2.0225
 31
0.0
  0
LINE
  5
601
330
17
100
AcDbEntity
  8
TRUSS
100
AcDbLine
 10
141.12783
 20
2.0225
 30
0.0
 11
141.37897
 21
1.8775000000000004
 31
0.0
  0
LINE
  5
602
330
17
100
AcDbEntity
  8
TRUSS
100
AcDbLine
 10
141.37897
 20
1.5875000000000004
 30
0.0
 11
141.37897
 21
1.8775000000000004
 31
0.0
  0
LINE
  5
603
330
17
100
AcDbEntity
  8
TRUSS
100
AcDbLine
 10
144.04625
 20
3.1275
 30
0.0
 11
144.04625
 21
3.4175
 31
0.0
  0
LINE
  5
604
330
17
100
AcDbEntity
  8
TRUSS
100
AcDbLine
 10
143.79511
 20
3.2724999999999995
 30
0.0
 11
143.79511
 21
3.5624999999999996
 31
0.0
  0
LINE
  5
605
330
17
100
AcDbEntity
  8
TRUSS
100
AcDbLine
 10
141.12783
 20
1.7325
 30
0.0
 11
141.12783
 21
2.0225
 31
0.0
  0
TEXT
  5
606
330
17
100
AcDbEntity
  8
TXT
100
AcDbText
 10
142.58704
 20
3.12
 30
0.0
 40
0.315
  1
F2
 11
142.58704
 21
3.12
 31
0.0
100
AcDbText
  0
LINE
  5
607
330
17
100
AcDbEntity
  8
PIPE
100
AcDbLine
 10
141.50454
 20
-1.9050000000000002
 30
0.0
 11
143.66954
 21
-0.6550000000000002
 31
0.0
  0
LINE
  5
608
330
17
100
AcDbEntity
  8
PIPE
100
AcDbLine
 10
141.50454
 20
0.09499999999999975
 30
0.0
 11
143.66954
 21
1.3449999999999998
 31
0.0
  0
CIRCLE
  5
609
330
17
100
AcDbEntity
  8
MP
100
AcDbCircle
 10
141.01092
 20
0.3099999999999996
 30
0.0
 40
0.2
  0
LWPOLYLINE
  5
60A
330
17
100
AcDbEntity
  8
MOLE
100
AcDbPolyline
 90
4
 70
1
 10
141.42217
 20
-2.7074999999999996
 10
141.68216999999999
 20
-2.7074999999999996
 10
141.68216999999999
 20
-2.4475
 10
141.42217
 20
-2.4475
  0
CIRCLE
  5
60B
330
17
100
AcDbEntity
  8
TYP
100
AcDbCircle
 10
141.76434
 20
-4.635
 30
0.0
 40
0.11
  0
CIRCLE
  5
60C
330
17
100
AcDbEntity
  8
TYP
100
AcDbCircle
 10
141.20144
 20
-4.96
 30
0.0
 40
0.11
  0
CIRCLE
  5
60D
330
17
100
AcDbEntity
  8
MP
100
AcDbCircle
 10
144.16316
 20
2.13
 30
0.0
 40
0.2
  0
LWPOLYLINE
  5
60E
330
17
100
AcDbEntity
  8
MOLE
100
AcDbPolyline
 90
4
 70
1
 10
143.83831
 20
-1.3125000000000004
 10
144.09831
 20
-1.3125000000000004
 10
144.09831
 20
-1.0525000000000004
 10
143.83831
 20
-1.0525000000000004
  0
CIRCLE
  5
60F
330
17
100
AcDbEntity
  8
TYP
100
AcDbCircle
 10
143.40974
 20
-3.685
 30
0.0
 40
0.11
  0
CIRCLE
  5
610
330
17
100
AcDbEntity
  8
TYP
100
AcDbCircle
 10
143.97264
 20
-3.3600000000000003
 30
0.0
 40
0.11
  0
LWPOLYLINE
  5
611
330
17
100
AcDbEntity
  8
JDC
100
AcDbPolyline
 90
4
 70
1
 10
142.49694
 20
2.445
 10
142.93694
 20
2.445
 10
142.93694
 20
2.645
 10
142.49694
 20
2.645
  0
CIRCLE
  5
612
330
17
100
AcDbEntity
  8
LB
100
AcDbCircle
 10
141.89424
 20
-1.6800000000000006
 30
0.0
 40
0.12
  0
CIRCLE
  5
613
330
17
100
AcDbEntity
  8
LB
100
AcDbCircle
 10
142.58704
 20
-1.2800000000000002
 30
0.0
 40
0.12
  0
CIRCLE
  5
614
330
17
100
AcDbEntity
  8
LB
100
AcDbCircle
 10
143.27984
 20
-0.8800000000000003
 30
0.0
 40
0.12
  0
CIRCLE
  5
615
330
17
100
AcDbEntity
  8
LB
100
AcDbCircle
 10
142.15404
 20
0.46999999999999975
 30
0.0
 40
0.12
  0
CIRCLE
  5
616
330
17
100
AcDbEntity
  8
LB
100
AcDbCircle
 10
143.02004
 20
0.9699999999999998
 30
0.0
 40
0.12
  0
LINE
  5
617
330
17
100
AcDbEntity
  8
TRUSS
100
AcDbLine
 10
145.08545
 20
-2.9825
 30
0.0
 11
145.33659
 21
-2.8375000000000004
 31
0.0
  0
LINE
  5
618
330
17
100
AcDbEntity
  8
TRUSS
100
AcDbLine
 10
145.33659
 20
-2.8375000000000004
 30
0.0
 11
145.08545
 21
-2.692500000000001
 31
0.0
  0
LINE
  5
619
330
17
100
AcDbEntity
  8
TRUSS
100
AcDbLine
 10
145.08545
 20
-2.692500000000001
 30
0.0
 11
144.83431
 21
-2.8375000000000004
 31
0.0
  0
LINE
  5
61A
330
17
100
AcDbEntity
  8
TRUSS
100
AcDbLine
 10
144.83431
 20
-2.8375000000000004
 30
0.0
 11
145.08545
 21
-2.9825
 31
0.0
  0
LINE
  5
61B
330
17
100
AcDbEntity
  8
TRUSS
100
AcDbLine
 10
145.08545
 20
5.227500000000001
 30
0.0
 11
145.33659
 21
5.3725000000000005
 31
0.0
  0
LINE
  5
61C
330
17
100
AcDbEntity
  8
TRUSS
100
AcDbLine
 10
145.33659
 20
5.3725000000000005
 30
0.0
 11
145.08545
 21
5.5175
 31
0.0
  0
LINE
  5
61D
330
17
100
AcDbEntity
  8
TRUSS
100
AcDbLine
 10
145.08545
 20
5.5175
 30
0.0
 11
144.83431
 21
5.3725000000000005
 31
0.0
  0
LINE
  5
61E
330
17
100
AcDbEntity
  8
TRUSS
100
AcDbLine
 10
144.83431
 20
5.3725000000000005
 30
0.0
 11
145.08545
 21
5.227500000000001
 31
0.0
  0
LINE
  5
61F
330
17
100
AcDbEntity
  8
TRUSS
100
AcDbLine
 10
145.08545
 20
-2.9825
 30
0.0
 11
145.08545
 21
5.227500000000001
 31
0.0
  0
LINE
  5
620
330
17
100
AcDbEntity
  8
TRUSS
100
AcDbLine
 10
145.33659
 20
-2.8375000000000004
 30
0.0
 11
145.33659
 21
5.3725000000000005
 31
0.0
  0
LINE
  5
621
330
17
100
AcDbEntity
  8
TRUSS
100
AcDbLine
 10
145.08545
 20
-2.692500000000001
 30
0.0
 11
145.08545
 21
5.5175
 31
0.0
  0
LINE
  5
622
330
17
100
AcDbEntity
  8
TRUSS
100
AcDbLine
 10
144.83431
 20
-2.8375000000000004
 30
0.0
 11
144.83431
 21
5.3725000000000005
 31
0.0
  0
LINE
  5
623
330
17
100
AcDbEntity
  8
TRUSS
100
AcDbLine
 10
147.50159
 20
-1.5875000000000001
 30
0.0
 11
147.75272999999999
 21
-1.4425000000000001
 31
0.0
  0
LINE
  5
624
330
17
100
AcDbEntity
  8
TRUSS
100
AcDbLine
 10
147.75272999999999
 20
-1.4425000000000001
 30
0.0
 11
147.50159
 21
-1.2975
 31
0.0
  0
LINE
  5
625
330
17
100
AcDbEntity
  8
TRUSS
100
AcDbLine
 10
147.50159
 20
-1.2975
 30
0.0
 11
147.25045
 21
-1.4425000000000001
 31
0.0
  0
LINE
  5
626
330
17
100
AcDbEntity
  8
TRUSS
100
AcDbLine
 10
147.25045
 20
-1.4425000000000001
 30
0.0
 11
147.50159
 21
-1.5875000000000001
 31
0.0
  0
LINE
  5
627
330
17
100
AcDbEntity
  8
TRUSS
100
AcDbLine
 10
147.50159
 20
6.6225000000000005
 30
0.0
 11
147.75272999999999
 21
6.767500000000001
 31
0.0
  0
LINE
  5
628
330
17
100
AcDbEntity
  8
TRUSS
100
AcDbLine
 10
147.75272999999999
 20
6.767500000000001
 30
0.0
 11
147.50159
 21
6.9125000000000005
 31
0.0
  0
LINE
  5
629
330
17
100
AcDbEntity
  8
TRUSS
100
AcDbLine
 10
147.50159
 20
6.9125000000000005
 30
0.0
 11
147.25045
 21
6.767500000000001
 31
0.0
  0
LINE
  5
62A
330
17
100
AcDbEntity
  8
TRUSS
100
AcDbLine
 10
147.25045
 20
6.767500000000001
 30
0.0
 11
147.50159
 21
6.6225000000000005
 31
0.0
  0
LINE
  5
62B
330
17
100
AcDbEntity
  8
TRUSS
100
AcDbLine
 10
147.50159
 20
-1.5875000000000001
 30
0.0
 11
147.50159
 21
6.6225000000000005
 31
0.0
  0
LINE
  5
62C
330
17
100
AcDbEntity
  8
TRUSS
100
AcDbLine
 10
147.75272999999999
 20
-1.4425000000000001
 30
0.0
 11
147.75272999999999
 21
6.767500000000001
 31
0.0
  0
LINE
  5
62D
330
17
100
AcDbEntity
  8
TRUSS
100
AcDbLine
 10
147.50159
 20
-1.2975
 30
0.0
 11
147.50159
 21
6.9125000000000005
 31
0.0
  0
LINE
  5
62E
330
17
100
AcDbEntity
  8
TRUSS
100
AcDbLine
 10
147.25045
 20
-1.4425000000000001
 30
0.0
 11
147.25045
 21
6.767500000000001
 31
0.0
  0
LINE
  5
62F
330
17
100
AcDbEntity
  8
TRUSS
100
AcDbLine
 10
145.08545
 20
5.227500000000001
 30
0.0
 11
147.75272999999999
 21
6.767500000000001
 31
0.0
  0
LINE
  5
630
330
17
100
AcDbEntity
  8
TRUSS
100
AcDbLine
 10
147.75272999999999
 20
6.767500000000001
 30
0.0
 11
147.50159
 21
6.9125000000000005
 31
0.0
  0
LINE
  5
631
330
17
100
AcDbEntity
  8
TRUSS
100
AcDbLine
 10
147.50159
 20
6.9125000000000005
 30
0.0
 11
144.83431
 21
5.3725000000000005
 31
0.0
  0
LINE
  5
632
330
17
100
AcDbEntity
  8
TRUSS
100
AcDbLine
 10
144.83431
 20
5.3725000000000005
 30
0.0
 11
145.08545
 21
5.227500000000001
 31
0.0
  0
LINE
  5
633
330
17
100
AcDbEntity
  8
TRUSS
100
AcDbLine
 10
145.08545
 20
5.5175
 30
0.0
 11
147.75272999999999
 21
7.0575
 31
0.0
  0
LINE
  5
634
330
17
100
AcDbEntity
  8
TRUSS
100
AcDbLine
 10
147.75272999999999
 20
7.0575
 30
0.0
 11
147.50159
 21
7.2025
 31
0.0
  0
LINE
  5
635
330
17
100
AcDbEntity
  8
TRUSS
100
AcDbLine
 10
147.50159
 20
7.2025
 30
0.0
 11
144.83431
 21
5.6625
 31
0.0
  0
LINE
  5
636
330
17
100
AcDbEntity
  8
TRUSS
100
AcDbLine
 10
144.83431
 20
5.6625
 30
0.0
 11
145.08545
 21
5.5175
 31
0.0
  0
LINE
  5
637
330
17
100
AcDbEntity
  8
TRUSS
100
AcDbLine
 10
145.08545
 20
5.227500000000001
 30
0.0
 11
145.08545
 21
5.5175
 31
0.0
  0
LINE
  5
638
330
17
100
AcDbEntity
  8
TRUSS
100
AcDbLine
 10
147.75272999999999
 20
6.767500000000001
 30
0.0
 11
147.75272999999999
 21
7.0575
 31
0.0
  0
LINE
  5
639
330
17
100
AcDbEntity
  8
TRUSS
100
AcDbLine
 10
147.50159
 20
6.9125000000000005
 30
0.0
 11
147.50159
 21
7.2025
 31
0.0
  0
LINE
  5
63A
330
17
100
AcDbEntity
  8
TRUSS
100
AcDbLine
 10
144.83431
 20
5.3725000000000005
 30
0.0
 11
144.83431
 21
5.6625
 31
0.0
  0
TEXT
  5
63B
330
17
100
AcDbEntity
  8
TXT
100
AcDbText
 10
146.29352
 20
6.76
 30
0.0
 40
0.315
  1
F3
 11
146.29352
 21
6.76
 31
0.0
100
AcDbText
  0
LINE
  5
63C
330
17
100
AcDbEntity
  8
PIPE
100
AcDbLine
 10
145.21102
 20
0.7349999999999999
 30
0.0
 11
147.37602
 21
1.9849999999999999
 31
0.0
  0
LINE
  5
63D
330
17
100
AcDbEntity
  8
PIPE
100
AcDbLine
 10
145.21102
 20
3.235
 30
0.0
 11
147.37602
 21
4.484999999999999
 31
0.0
  0
LINE
  5
63E
330
17
100
AcDbEntity
  8
PA
100
AcDbLine
 10
145.68732
 20
3.0600000000000005
 30
0.0
 11
146.63992
 21
3.6100000000000003
 31
0.0
  0
LINE
  5
63F
330
17
100
AcDbEntity
  8
PA
100
AcDbLine
 10
146.63992
 20
3.6100000000000003
 30
0.0
 11
146.33682
 21
3.785
 31
0.0
  0
LINE
  5
640
330
17
100
AcDbEntity
  8
PA
100
AcDbLine
 10
146.33682
 20
3.785
 30
0.0
 11
145.38422
 21
3.2350000000000003
 31
0.0
  0
LINE
  5
641
330
17
100
AcDbEntity
  8
PA
100
AcDbLine
 10
145.38422
 20
3.2350000000000003
 30
0.0
 11
145.68732
 21
3.0600000000000005
 31
0.0
  0
LINE
  5
642
330
17
100
AcDbEntity
  8
PA
100
AcDbLine
 10
145.68732
 20
5.16
 30
0.0
 11
146.63992
 21
5.71
 31
0.0
  0
LINE
  5
643
330
17
100
AcDbEntity
  8
PA
100
AcDbLine
 10
146.63992
 20
5.71
 30
0.0
 11
146.33682
 21
5.885
 31
0.0
  0
LINE
  5
644
330
17
100
AcDbEntity
  8
PA
100
AcDbLine
 10
146.33682
 20
5.885
 30
0.0
 11
145.38422
 21
5.335
 31
0.0
  0
LINE
  5
645
330
17
100
AcDbEntity
  8
PA
100
AcDbLine
 10
145.38422
 20
5.335
 30
0.0
 11
145.68732
 21
5.16
 31
0.0
  0
LINE
  5
646
330
17
100
AcDbEntity
  8
PA
100
AcDbLine
 10
145.68732
 20
3.0600000000000005
 30
0.0
 11
145.68732
 21
5.16
 31
0.0
  0
LINE
  5
647
330
17
100
AcDbEntity
  8
PA
100
AcDbLine
 10
146.63992
 20
3.6100000000000003
 30
0.0
 11
146.63992
 21
5.71
 31
0.0
  0
LINE
  5
648
330
17
100
AcDbEntity
  8
PA
100
AcDbLine
 10
146.33682
 20
3.785
 30
0.0
 11
146.33682
 21
5.885
 31
0.0
  0
LINE
  5
649
330
17
100
AcDbEntity
  8
PA
100
AcDbLine
 10
145.38422
 20
3.2350000000000003
 30
0.0
 11
145.38422
 21
5.335
 31
0.0
  0
CIRCLE
  5
64A
330
17
100
AcDbEntity
  8
MP
100
AcDbCircle
 10
144.7174
 20
3.4499999999999997
 30
0.0
 40
0.2
  0
LWPOLYLINE
  5
64B
330
17
100
AcDbEntity
  8
MOLE
100
AcDbPolyline
 90
4
 70
1
 10
145.12865
 20
-0.5675000000000004
 10
145.38865
 20
-0.5675000000000004
 10
145.38865
 20
-0.30750000000000044
 10
145.12865
 20
-0.30750000000000044
  0
CIRCLE
  5
64C
330
17
100
AcDbEntity
  8
TYP
100
AcDbCircle
 10
145.47082
 20
-2.495
 30
0.0
 40
0.11
  0
CIRCLE
  5
64D
330
17
100
AcDbEntity
  8
TYP
100
AcDbCircle
 10
144.90792
 20
-2.8200000000000003
 30
0.0
 40
0.11
  0
CIRCLE
  5
64E
330
17
100
AcDbEntity
  8
MP
100
AcDbCircle
 10
147.86964
 20
5.27
 30
0.0
 40
0.2
  0
LWPOLYLINE
  5
64F
330
17
100
AcDbEntity
  8
MOLE
100
AcDbPolyline
 90
4
 70
1
 10
147.54479
 20
0.8274999999999998
 10
147.80479
 20
0.8274999999999998
 10
147.80479
 20
1.0875
 10
147.54479
 20
1.0875
  0
CIRCLE
  5
650
330
17
100
AcDbEntity
  8
TYP
100
AcDbCircle
 10
147.11622
 20
-1.545
 30
0.0
 40
0.11
  0
CIRCLE
  5
651
330
17
100
AcDbEntity
  8
TYP
100
AcDbCircle
 10
147.67912
 20
-1.2200000000000002
 30
0.0
 40
0.11
  0
LWPOLYLINE
  5
652
330
17
100
AcDbEntity
  8
JDC
100
AcDbPolyline
 90
4
 70
1
 10
146.20342
 20
6.085000000000001
 10
146.64342
 20
6.085000000000001
 10
146.64342
 20
6.285000000000001
 10
146.20342
 20
6.285000000000001
  0
CIRCLE
  5
653
330
17
100
AcDbEntity
  8
LB
100
AcDbCircle
 10
145.60072
 20
0.96
 30
0.0
 40
0.12
  0
CIRCLE
  5
654
330
17
100
AcDbEntity
  8
LB
100
AcDbCircle
 10
146.29352
 20
1.3599999999999999
 30
0.0
 40
0.12
  0
CIRCLE
  5
655
330
17
100
AcDbEntity
  8
LB
100
AcDbCircle
 10
146.98632
 20
1.7599999999999998
 30
0.0
 40
0.12
  0
CIRCLE
  5
656
330
17
100
AcDbEntity
  8
LB
100
AcDbCircle
 10
145.86052
 20
3.61
 30
0.0
 40
0.12
  0
CIRCLE
  5
657
330
17
100
AcDbEntity
  8
LB
100
AcDbCircle
 10
146.72652
 20
4.109999999999999
 30
0.0
 40
0.12
  0
LINE
  5
658
330
17
100
AcDbEntity
  8
TRUSS
100
AcDbLine
 10
148.79193
 20
-0.8425
 30
0.0
 11
149.04307
 21
-0.6975
 31
0.0
  0
LINE
  5
659
330
17
100
AcDbEntity
  8
TRUSS
100
AcDbLine
 10
149.04307
 20
-0.6975
 30
0.0
 11
148.79193
 21
-0.5525
 31
0.0
  0
LINE
  5
65A
330
17
100
AcDbEntity
  8
TRUSS
100
AcDbLine
 10
148.79193
 20
-0.5525
 30
0.0
 11
148.54079
 21
-0.6975
 31
0.0
  0
LINE
  5
65B
330
17
100
AcDbEntity
  8
TRUSS
100
AcDbLine
 10
148.54079
 20
-0.6975
 30
0.0
 11
148.79193
 21
-0.8425
 31
0.0
  0
LINE
  5
65C
330
17
100
AcDbEntity
  8
TRUSS
100
AcDbLine
 10
148.79193
 20
8.867500000000001
 30
0.0
 11
149.04307
 21
9.012500000000001
 31
0.0
  0
LINE
  5
65D
330
17
100
AcDbEntity
  8
TRUSS
100
AcDbLine
 10
149.04307
 20
9.012500000000001
 30
0.0
 11
148.79193
 21
9.1575
 31
0.0
  0
LINE
  5
65E
330
17
100
AcDbEntity
  8
TRUSS
100
AcDbLine
 10
148.79193
 20
9.1575
 30
0.0
 11
148.54079
 21
9.012500000000001
 31
0.0
  0
LINE
  5
65F
330
17
100
AcDbEntity
  8
TRUSS
100
AcDbLine
 10
148.54079
 20
9.012500000000001
 30
0.0
 11
148.79193
 21
8.867500000000001
 31
0.0
  0
LINE
  5
660
330
17
100
AcDbEntity
  8
TRUSS
100
AcDbLine
 10
148.79193
 20
-0.8425
 30
0.0
 11
148.79193
 21
8.867500000000001
 31
0.0
  0
LINE
  5
661
330
17
100
AcDbEntity
  8
TRUSS
100
AcDbLine
 10
149.04307
 20
-0.6975
 30
0.0
 11
149.04307
 21
9.012500000000001
 31
0.0
  0
LINE
  5
662
330
17
100
AcDbEntity
  8
TRUSS
100
AcDbLine
 10
148.79193
 20
-0.5525
 30
0.0
 11
148.79193
 21
9.1575
 31
0.0
  0
LINE
  5
663
330
17
100
AcDbEntity
  8
TRUSS
100
AcDbLine
 10
148.54079
 20
-0.6975
 30
0.0
 11
148.54079
 21
9.012500000000001
 31
0.0
  0
LINE
  5
664
330
17
100
AcDbEntity
  8
TRUSS
100
AcDbLine
 10
151.20807
 20
0.5525
 30
0.0
 11
151.45921
 21
0.6975
 31
0.0
  0
LINE
  5
665
330
17
100
AcDbEntity
  8
TRUSS
100
AcDbLine
 10
151.45921
 20
0.6975
 30
0.0
 11
151.20807
 21
0.8425
 31
0.0
  0
LINE
  5
666
330
17
100
AcDbEntity
  8
TRUSS
100
AcDbLine
 10
151.20807
 20
0.8425
 30
0.0
 11
150.95693
 21
0.6975
 31
0.0
  0
LINE
  5
667
330
17
100
AcDbEntity
  8
TRUSS
100
AcDbLine
 10
150.95693
 20
0.6975
 30
0.0
 11
151.20807
 21
0.5525
 31
0.0
  0
LINE
  5
668
330
17
100
AcDbEntity
  8
TRUSS
100
AcDbLine
 10
151.20807
 20
10.262500000000001
 30
0.0
 11
151.45921
 21
10.4075
 31
0.0
  0
LINE
  5
669
330
17
100
AcDbEntity
  8
TRUSS
100
AcDbLine
 10
151.45921
 20
10.4075
 30
0.0
 11
151.20807
 21
10.5525
 31
0.0
  0
LINE
  5
66A
330
17
100
AcDbEntity
  8
TRUSS
100
AcDbLine
 10
151.20807
 20
10.5525
 30
0.0
 11
150.95693
 21
10.4075
 31
0.0
  0
LINE
  5
66B
330
17
100
AcDbEntity
  8
TRUSS
100
AcDbLine
 10
150.95693
 20
10.4075
 30
0.0
 11
151.20807
 21
10.262500000000001
 31
0.0
  0
LINE
  5
66C
330
17
100
AcDbEntity
  8
TRUSS
100
AcDbLine
 10
151.20807
 20
0.5525
 30
0.0
 11
151.20807
 21
10.262500000000001
 31
0.0
  0
LINE
  5
66D
330
17
100
AcDbEntity
  8
TRUSS
100
AcDbLine
 10
151.45921
 20
0.6975
 30
0.0
 11
151.45921
 21
10.4075
 31
0.0
  0
LINE
  5
66E
330
17
100
AcDbEntity
  8
TRUSS
100
AcDbLine
 10
151.20807
 20
0.8425
 30
0.0
 11
151.20807
 21
10.5525
 31
0.0
  0
LINE
  5
66F
330
17
100
AcDbEntity
  8
TRUSS
100
AcDbLine
 10
150.95693
 20
0.6975
 30
0.0
 11
150.95693
 21
10.4075
 31
0.0
  0
LINE
  5
670
330
17
100
AcDbEntity
  8
TRUSS
100
AcDbLine
 10
148.79193
 20
8.867500000000001
 30
0.0
 11
151.45921
 21
10.4075
 31
0.0
  0
LINE
  5
671
330
17
100
AcDbEntity
  8
TRUSS
100
AcDbLine
 10
151.45921
 20
10.4075
 30
0.0
 11
151.20807
 21
10.5525
 31
0.0
  0
LINE
  5
672
330
17
100
AcDbEntity
  8
TRUSS
100
AcDbLine
 10
151.20807
 20
10.5525
 30
0.0
 11
148.54079
 21
9.012500000000001
 31
0.0
  0
LINE
  5
673
330
17
100
AcDbEntity
  8
TRUSS
100
AcDbLine
 10
148.54079
 20
9.012500000000001
 30
0.0
 11
148.79193
 21
8.867500000000001
 31
0.0
  0
LINE
  5
674
330
17
100
AcDbEntity
  8
TRUSS
100
AcDbLine
 10
148.79193
 20
9.1575
 30
0.0
 11
151.45921
 21
10.6975
 31
0.0
  0
LINE
  5
675
330
17
100
AcDbEntity
  8
TRUSS
100
AcDbLine
 10
151.45921
 20
10.6975
 30
0.0
 11
151.20807
 21
10.8425
 31
0.0
  0
LINE
  5
676
330
17
100
AcDbEntity
  8
TRUSS
100
AcDbLine
 10
151.20807
 20
10.8425
 30
0.0
 11
148.54079
 21
9.3025
 31
0.0
  0
LINE
  5
677
330
17
100
AcDbEntity
  8
TRUSS
100
AcDbLine
 10
148.54079
 20
9.3025
 30
0.0
 11
148.79193
 21
9.1575
 31
0.0
  0
LINE
  5
678
330
17
100
AcDbEntity
  8
TRUSS
100
AcDbLine
 10
148.79193
 20
8.867500000000001
 30
0.0
 11
148.79193
 21
9.1575
 31
0.0
  0
LINE
  5
679
330
17
100
AcDbEntity
  8
TRUSS
100
AcDbLine
 10
151.45921
 20
10.4075
 30
0.0
 11
151.45921
 21
10.6975
 31
0.0
  0
LINE
  5
67A
330
17
100
AcDbEntity
  8
TRUSS
100
AcDbLine
 10
151.20807
 20
10.5525
 30
0.0
 11
151.20807
 21
10.8425
 31
0.0
  0
LINE
  5
67B
330
17
100
AcDbEntity
  8
TRUSS
100
AcDbLine
 10
148.54079
 20
9.012500000000001
 30
0.0
 11
148.54079
 21
9.3025
 31
0.0
  0
TEXT
  5
67C
330
17
100
AcDbEntity
  8
TXT
100
AcDbText
 10
150.0
 20
10.4
 30
0.0
 40
0.315
  1
F4
 11
150.0
 21
10.4
 31
0.0
100
AcDbText
  0
LINE
  5
67D
330
17
100
AcDbEntity
  8
PIPE
100
AcDbLine
 10
148.9175
 20
3.375
 30
0.0
 11
151.0825
 21
4.625
 31
0.0
  0
LINE
  5
67E
330
17
100
AcDbEntity
  8
PIPE
100
AcDbLine
 10
148.9175
 20
6.375
 30
0.0
 11
151.0825
 21
7.625
 31
0.0
  0
CIRCLE
  5
67F
330
17
100
AcDbEntity
  8
MP
100
AcDbCircle
 10
148.42388
 20
2.59
 30
0.0
 40
0.2
  0
CIRCLE
  5
680
330
17
100
AcDbEntity
  8
MP
100
AcDbCircle
 10
148.42388
 20
6.59
 30
0.0
 40
0.2
  0
LWPOLYLINE
  5
681
330
17
100
AcDbEntity
  8
MOLE
100
AcDbPolyline
 90
4
 70
1
 10
148.83513
 20
1.5725000000000002
 10
149.09513
 20
1.5725000000000002
 10
149.09513
 20
1.8325000000000002
 10
148.83513
 20
1.8325000000000002
  0
CIRCLE
  5
682
330
17
100
AcDbEntity
  8
TYP
100
AcDbCircle
 10
149.1773
 20
-0.355
 30
0.0
 40
0.11
  0
CIRCLE
  5
683
330
17
100
AcDbEntity
  8
TYP
100
AcDbCircle
 10
148.6144
 20
-0.68
 30
0.0
 40
0.11
  0
CIRCLE
  5
684
330
17
100
AcDbEntity
  8
MP
100
AcDbCircle
 10
151.57612
 20
4.41
 30
0.0
 40
0.2
  0
CIRCLE
  5
685
330
17
100
AcDbEntity
  8
MP
100
AcDbCircle
 10
151.57612
 20
8.41
 30
0.0
 40
0.2
  0
LWPOLYLINE
  5
686
330
17
100
AcDbEntity
  8
MOLE
100
AcDbPolyline
 90
4
 70
1
 10
151.25127
 20
2.9675000000000002
 10
151.51127
 20
2.9675000000000002
 10
151.51127
 20
3.2275
 10
151.25127
 20
3.2275
  0
CIRCLE
  5
687
330
17
100
AcDbEntity
  8
TYP
100
AcDbCircle
 10
150.8227
 20
0.595
 30
0.0
 40
0.11
  0
CIRCLE
  5
688
330
17
100
AcDbEntity
  8
TYP
100
AcDbCircle
 10
151.3856
 20
0.92
 30
0.0
 40
0.11
  0
LWPOLYLINE
  5
689
330
17
100
AcDbEntity
  8
JDC
100
AcDbPolyline
 90
4
 70
1
 10
149.3903
 20
9.425
 10
149.8303
 20
9.425
 10
149.8303
 20
9.625
 10
149.3903
 20
9.625
  0
LWPOLYLINE
  5
68A
330
17
100
AcDbEntity
  8
JDC
100
AcDbPolyline
 90
4
 70
1
 10
150.4295
 20
10.025
 10
150.8695
 20
10.025
 10
150.8695
 20
10.225
 10
150.4295
 20
10.225
  0
CIRCLE
  5
68B
330
17
100
AcDbEntity
  8
LB
100
AcDbCircle
 10
149.3072
 20
3.6
 30
0.0
 40
0.12
  0
CIRCLE
  5
68C
330
17
100
AcDbEntity
  8
LB
100
AcDbCircle
 10
150.0
 20
4.0
 30
0.0
 40
0.12
  0
CIRCLE
  5
68D
330
17
100
AcDbEntity
  8
LB
100
AcDbCircle
 10
150.6928
 20
4.4
 30
0.0
 40
0.12
  0
CIRCLE
  5
68E
330
17
100
AcDbEntity
  8
LB
100
AcDbCircle
 10
149.3072
 20
6.6
 30
0.0
 40
0.12
  0
CIRCLE
  5
68F
330
17
100
AcDbEntity
  8
LB
100
AcDbCircle
 10
150.0
 20
7.0
 30
0.0
 40
0.12
  0
CIRCLE
  5
690
330
17
100
AcDbEntity
  8
LB
100
AcDbCircle
 10
150.6928
 20
7.4
 30
0.0
 40
0.12
  0
LINE
  5
691
330
17
100
AcDbEntity
  8
TRUSS
100
AcDbLine
 10
152.49841
 20
1.2975
 30
0.0
 11
152.74955
 21
1.4425000000000001
 31
0.0
  0
LINE
  5
692
330
17
100
AcDbEntity
  8
TRUSS
100
AcDbLine
 10
152.74955
 20
1.4425000000000001
 30
0.0
 11
152.49841
 21
1.5875000000000001
 31
0.0
  0
LINE
  5
693
330
17
100
AcDbEntity
  8
TRUSS
100
AcDbLine
 10
152.49841
 20
1.5875000000000001
 30
0.0
 11
152.24727000000001
 21
1.4425000000000001
 31
0.0
  0
LINE
  5
694
330
17
100
AcDbEntity
  8
TRUSS
100
AcDbLine
 10
152.24727000000001
 20
1.4425000000000001
 30
0.0
 11
152.49841
 21
1.2975
 31
0.0
  0
LINE
  5
695
330
17
100
AcDbEntity
  8
TRUSS
100
AcDbLine
 10
152.49841
 20
9.5075
 30
0.0
 11
152.74955
 21
9.652500000000002
 31
0.0
  0
LINE
  5
696
330
17
100
AcDbEntity
  8
TRUSS
100
AcDbLine
 10
152.74955
 20
9.652500000000002
 30
0.0
 11
152.49841
 21
9.797500000000001
 31
0.0
  0
LINE
  5
697
330
17
100
AcDbEntity
  8
TRUSS
100
AcDbLine
 10
152.49841
 20
9.797500000000001
 30
0.0
 11
152.24727000000001
 21
9.652500000000002
 31
0.0
  0
LINE
  5
698
330
17
100
AcDbEntity
  8
TRUSS
100
AcDbLine
 10
152.24727000000001
 20
9.652500000000002
 30
0.0
 11
152.49841
 21
9.5075
 31
0.0
  0
LINE
  5
699
330
17
100
AcDbEntity
  8
TRUSS
100
AcDbLine
 10
152.49841
 20
1.2975
 30
0.0
 11
152.49841
 21
9.5075
 31
0.0
  0
LINE
  5
69A
330
17
100
AcDbEntity
  8
TRUSS
100
AcDbLine
 10
152.74955
 20
1.4425000000000001
 30
0.0
 11
152.74955
 21
9.652500000000002
 31
0.0
  0
LINE
  5
69B
330
17
100
AcDbEntity
  8
TRUSS
100
AcDbLine
 10
152.49841
 20
1.5875000000000001
 30
0.0
 11
152.49841
 21
9.797500000000001
 31
0.0
  0
LINE
  5
69C
330
17
100
AcDbEntity
  8
TRUSS
100
AcDbLine
 10
152.24727000000001
 20
1.4425000000000001
 30
0.0
 11
152.24727000000001
 21
9.652500000000002
 31
0.0
  0
LINE
  5
69D
330
17
100
AcDbEntity
  8
TRUSS
100
AcDbLine
 10
154.91455
 20
2.692500000000001
 30
0.0
 11
155.16569
 21
2.8375000000000004
 31
0.0
  0
LINE
  5
69E
330
17
100
AcDbEntity
  8
TRUSS
100
AcDbLine
 10
155.16569
 20
2.8375000000000004
 30
0.0
 11
154.91455
 21
2.9825
 31
0.0
  0
LINE
  5
69F
330
17
100
AcDbEntity
  8
TRUSS
100
AcDbLine
 10
154.91455
 20
2.9825
 30
0.0
 11
154.66341
 21
2.8375000000000004
 31
0.0
  0
LINE
  5
6A0
330
17
100
AcDbEntity
  8
TRUSS
100
AcDbLine
 10
154.66341
 20
2.8375000000000004
 30
0.0
 11
154.91455
 21
2.692500000000001
 31
0.0
  0
LINE
  5
6A1
330
17
100
AcDbEntity
  8
TRUSS
100
AcDbLine
 10
154.91455
 20
10.902500000000002
 30
0.0
 11
155.16569
 21
11.047500000000001
 31
0.0
  0
LINE
  5
6A2
330
17
100
AcDbEntity
  8
TRUSS
100
AcDbLine
 10
155.16569
 20
11.047500000000001
 30
0.0
 11
154.91455
 21
11.1925
 31
0.0
  0
LINE
  5
6A3
330
17
100
AcDbEntity
  8
TRUSS
100
AcDbLine
 10
154.91455
 20
11.1925
 30
0.0
 11
154.66341
 21
11.047500000000001
 31
0.0
  0
LINE
  5
6A4
330
17
100
AcDbEntity
  8
TRUSS
100
AcDbLine
 10
154.66341
 20
11.047500000000001
 30
0.0
 11
154.91455
 21
10.902500000000002
 31
0.0
  0
LINE
  5
6A5
330
17
100
AcDbEntity
  8
TRUSS
100
AcDbLine
 10
154.91455
 20
2.692500000000001
 30
0.0
 11
154.91455
 21
10.902500000000002
 31
0.0
  0
LINE
  5
6A6
330
17
100
AcDbEntity
  8
TRUSS
100
AcDbLine
 10
155.16569
 20
2.8375000000000004
 30
0.0
 11
155.16569
 21
11.047500000000001
 31
0.0
  0
LINE
  5
6A7
330
17
100
AcDbEntity
  8
TRUSS
100
AcDbLine
 10
154.91455
 20
2.9825
 30
0.0
 11
154.91455
 21
11.1925
 31
0.0
  0
LINE
  5
6A8
330
17
100
AcDbEntity
  8
TRUSS
100
AcDbLine
 10
154.66341
 20
2.8375000000000004
 30
0.0
 11
154.66341
 21
11.047500000000001
 31
0.0
  0
LINE
  5
6A9
330
17
100
AcDbEntity
  8
TRUSS
100
AcDbLine
 10
152.49841
 20
9.5075
 30
0.0
 11
155.16569
 21
11.047500000000001
 31
0.0
  0
LINE
  5
6AA
330
17
100
AcDbEntity
  8
TRUSS
100
AcDbLine
 10
155.16569
 20
11.047500000000001
 30
0.0
 11
154.91455
 21
11.1925
 31
0.0
  0
LINE
  5
6AB
330
17
100
AcDbEntity
  8
TRUSS
100
AcDbLine
 10
154.91455
 20
11.1925
 30
0.0
 11
152.24727000000001
 21
9.652500000000002
 31
0.0
  0
LINE
  5
6AC
330
17
100
AcDbEntity
  8
TRUSS
100
AcDbLine
 10
152.24727000000001
 20
9.652500000000002
 30
0.0
 11
152.49841
 21
9.5075
 31
0.0
  0
LINE
  5
6AD
330
17
100
AcDbEntity
  8
TRUSS
100
AcDbLine
 10
152.49841
 20
9.7975
 30
0.0
 11
155.16569
 21
11.3375
 31
0.0
  0
LINE
  5
6AE
330
17
100
AcDbEntity
  8
TRUSS
100
AcDbLine
 10
155.16569
 20
11.3375
 30
0.0
 11
154.91455
 21
11.4825
 31
0.0
  0
LINE
  5
6AF
330
17
100
AcDbEntity
  8
TRUSS
100
AcDbLine
 10
154.91455
 20
11.4825
 30
0.0
 11
152.24727000000001
 21
9.9425
 31
0.0
  0
LINE
  5
6B0
330
17
100
AcDbEntity
  8
TRUSS
100
AcDbLine
 10
152.24727000000001
 20
9.9425
 30
0.0
 11
152.49841
 21
9.7975
 31
0.0
  0
LINE
  5
6B1
330
17
100
AcDbEntity
  8
TRUSS
100
AcDbLine
 10
152.49841
 20
9.5075
 30
0.0
 11
152.49841
 21
9.7975
 31
0.0
  0
LINE
  5
6B2
330
17
100
AcDbEntity
  8
TRUSS
100
AcDbLine
 10
155.16569
 20
11.047500000000001
 30
0.0
 11
155.16569
 21
11.3375
 31
0.0
  0
LINE
  5
6B3
330
17
100
AcDbEntity
  8
TRUSS
100
AcDbLine
 10
154.91455
 20
11.1925
 30
0.0
 11
154.91455
 21
11.4825
 31
0.0
  0
LINE
  5
6B4
330
17
100
AcDbEntity
  8
TRUSS
100
AcDbLine
 10
152.24727000000001
 20
9.652500000000002
 30
0.0
 11
152.24727000000001
 21
9.9425
 31
0.0
  0
TEXT
  5
6B5
330
17
100
AcDbEntity
  8
TXT
100
AcDbText
 10
153.70648
 20
11.040000000000001
 30
0.0
 40
0.315
  1
F5
 11
153.70648
 21
11.040000000000001
 31
0.0
100
AcDbText
  0
LINE
  5
6B6
330
17
100
AcDbEntity
  8
PIPE
100
AcDbLine
 10
152.62398
 20
5.015000000000001
 30
0.0
 11
154.78898
 21
6.265000000000001
 31
0.0
  0
LINE
  5
6B7
330
17
100
AcDbEntity
  8
PIPE
100
AcDbLine
 10
152.62398
 20
7.515000000000001
 30
0.0
 11
154.78898
 21
8.765
 31
0.0
  0
LINE
  5
6B8
330
17
100
AcDbEntity
  8
PA
100
AcDbLine
 10
153.10028
 20
7.340000000000001
 30
0.0
 11
154.05288
 21
7.890000000000001
 31
0.0
  0
LINE
  5
6B9
330
17
100
AcDbEntity
  8
PA
100
AcDbLine
 10
154.05288
 20
7.890000000000001
 30
0.0
 11
153.74978
 21
8.065000000000001
 31
0.0
  0
LINE
  5
6BA
330
17
100
AcDbEntity
  8
PA
100
AcDbLine
 10
153.74978
 20
8.065000000000001
 30
0.0
 11
152.79718
 21
7.515000000000001
 31
0.0
  0
LINE
  5
6BB
330
17
100
AcDbEntity
  8
PA
100
AcDbLine
 10
152.79718
 20
7.515000000000001
 30
0.0
 11
153.10028
 21
7.340000000000001
 31
0.0
  0
LINE
  5
6BC
330
17
100
AcDbEntity
  8
PA
100
AcDbLine
 10
153.10028
 20
9.44
 30
0.0
 11
154.05288
 21
9.99
 31
0.0
  0
LINE
  5
6BD
330
17
100
AcDbEntity
  8
PA
100
AcDbLine
 10
154.05288
 20
9.99
 30
0.0
 11
153.74978
 21
10.165
 31
0.0
  0
LINE
  5
6BE
330
17
100
AcDbEntity
  8
PA
100
AcDbLine
 10
153.74978
 20
10.165
 30
0.0
 11
152.79718
 21
9.615
 31
0.0
  0
LINE
  5
6BF
330
17
100
AcDbEntity
  8
PA
100
AcDbLine
 10
152.79718
 20
9.615
 30
0.0
 11
153.10028
 21
9.44
 31
0.0
  0
LINE
  5
6C0
330
17
100
AcDbEntity
  8
PA
100
AcDbLine
 10
153.10028
 20
7.340000000000001
 30
0.0
 11
153.10028
 21
9.44
 31
0.0
  0
LINE
  5
6C1
330
17
100
AcDbEntity
  8
PA
100
AcDbLine
 10
154.05288
 20
7.890000000000001
 30
0.0
 11
154.05288
 21
9.99
 31
0.0
  0
LINE
  5
6C2
330
17
100
AcDbEntity
  8
PA
100
AcDbLine
 10
153.74978
 20
8.065000000000001
 30
0.0
 11
153.74978
 21
10.165
 31
0.0
  0
LINE
  5
6C3
330
17
100
AcDbEntity
  8
PA
100
AcDbLine
 10
152.79718
 20
7.515000000000001
 30
0.0
 11
152.79718
 21
9.615
 31
0.0
  0
CIRCLE
  5
6C4
330
17
100
AcDbEntity
  8
MP
100
AcDbCircle
 10
152.13036
 20
7.73
 30
0.0
 40
0.2
  0
LWPOLYLINE
  5
6C5
330
17
100
AcDbEntity
  8
MOLE
100
AcDbPolyline
 90
4
 70
1
 10
152.54161
 20
3.7125000000000004
 10
152.80161
 20
3.7125000000000004
 10
152.80161
 20
3.9725
 10
152.54161
 20
3.9725
  0
CIRCLE
  5
6C6
330
17
100
AcDbEntity
  8
TYP
100
AcDbCircle
 10
152.88378
 20
1.7850000000000001
 30
0.0
 40
0.11
  0
CIRCLE
  5
6C7
330
17
100
AcDbEntity
  8
TYP
100
AcDbCircle
 10
152.32088
 20
1.46
 30
0.0
 40
0.11
  0
CIRCLE
  5
6C8
330
17
100
AcDbEntity
  8
MP
100
AcDbCircle
 10
155.2826
 20
9.55
 30
0.0
 40
0.2
  0
LWPOLYLINE
  5
6C9
330
17
100
AcDbEntity
  8
MOLE
100
AcDbPolyline
 90
4
 70
1
 10
154.95775
 20
5.107500000000001
 10
155.21775
 20
5.107500000000001
 10
155.21775
 20
5.367500000000001
 10
154.95775
 20
5.367500000000001
  0
CIRCLE
  5
6CA
330
17
100
AcDbEntity
  8
TYP
100
AcDbCircle
 10
154.52918
 20
2.7350000000000003
 30
0.0
 40
0.11
  0
CIRCLE
  5
6CB
330
17
100
AcDbEntity
  8
TYP
100
AcDbCircle
 10
155.09208
 20
3.0600000000000005
 30
0.0
 40
0.11
  0
LWPOLYLINE
  5
6CC
330
17
100
AcDbEntity
  8
JDC
100
AcDbPolyline
 90
4
 70
1
 10
153.61638
 20
10.365
 10
154.05638
 20
10.365
 10
154.05638
 20
10.565
 10
153.61638
 20
10.565
  0
CIRCLE
  5
6CD
330
17
100
AcDbEntity
  8
LB
100
AcDbCircle
 10
153.01368
 20
5.24
 30
0.0
 40
0.12
  0
CIRCLE
  5
6CE
330
17
100
AcDbEntity
  8
LB
100
AcDbCircle
 10
153.70648
 20
5.640000000000001
 30
0.0
 40
0.12
  0
CIRCLE
  5
6CF
330
17
100
AcDbEntity
  8
LB
100
AcDbCircle
 10
154.39928
 20
6.04
 30
0.0
 40
0.12
  0
CIRCLE
  5
6D0
330
17
100
AcDbEntity
  8
LB
100
AcDbCircle
 10
153.27348
 20
7.890000000000001
 30
0.0
 40
0.12
  0
CIRCLE
  5
6D1
330
17
100
AcDbEntity
  8
LB
100
AcDbCircle
 10
154.13948
 20
8.39
 30
0.0
 40
0.12
  0
LINE
  5
6D2
330
17
100
AcDbEntity
  8
TRUSS
100
AcDbLine
 10
156.20489
 20
3.437500000000001
 30
0.0
 11
156.45603
 21
3.5825000000000005
 31
0.0
  0
LINE
  5
6D3
330
17
100
AcDbEntity
  8
TRUSS
100
AcDbLine
 10
156.45603
 20
3.5825000000000005
 30
0.0
 11
156.20489
 21
3.7275
 31
0.0
  0
LINE
  5
6D4
330
17
100
AcDbEntity
  8
TRUSS
100
AcDbLine
 10
156.20489
 20
3.7275
 30
0.0
 11
155.95375
 21
3.5825000000000005
 31
0.0
  0
LINE
  5
6D5
330
17
100
AcDbEntity
  8
TRUSS
100
AcDbLine
 10
155.95375
 20
3.5825000000000005
 30
0.0
 11
156.20489
 21
3.437500000000001
 31
0.0
  0
LINE
  5
6D6
330
17
100
AcDbEntity
  8
TRUSS
100
AcDbLine
 10
156.20489
 20
10.1475
 30
0.0
 11
156.45603
 21
10.2925
 31
0.0
  0
LINE
  5
6D7
330
17
100
AcDbEntity
  8
TRUSS
100
AcDbLine
 10
156.45603
 20
10.2925
 30
0.0
 11
156.20489
 21
10.4375
 31
0.0
  0
LINE
  5
6D8
330
17
100
AcDbEntity
  8
TRUSS
100
AcDbLine
 10
156.20489
 20
10.4375
 30
0.0
 11
155.95375
 21
10.2925
 31
0.0
  0
LINE
  5
6D9
330
17
100
AcDbEntity
  8
TRUSS
100
AcDbLine
 10
155.95375
 20
10.2925
 30
0.0
 11
156.20489
 21
10.1475
 31
0.0
  0
LINE
  5
6DA
330
17
100
AcDbEntity
  8
TRUSS
100
AcDbLine
 10
156.20489
 20
3.437500000000001
 30
0.0
 11
156.20489
 21
10.1475
 31
0.0
  0
LINE
  5
6DB
330
17
100
AcDbEntity
  8
TRUSS
100
AcDbLine
 10
156.45603
 20
3.5825000000000005
 30
0.0
 11
156.45603
 21
10.2925
 31
0.0
  0
LINE
  5
6DC
330
17
100
AcDbEntity
  8
TRUSS
100
AcDbLine
 10
156.20489
 20
3.7275
 30
0.0
 11
156.20489
 21
10.4375
 31
0.0
  0
LINE
  5
6DD
330
17
100
AcDbEntity
  8
TRUSS
100
AcDbLine
 10
155.95375
 20
3.5825000000000005
 30
0.0
 11
155.95375
 21
10.2925
 31
0.0
  0
LINE
  5
6DE
330
17
100
AcDbEntity
  8
TRUSS
100
AcDbLine
 10
158.62103
 20
4.8325000000000005
 30
0.0
 11
158.87217
 21
4.9775
 31
0.0
  0
LINE
  5
6DF
330
17
100
AcDbEntity
  8
TRUSS
100
AcDbLine
 10
158.87217
 20
4.9775
 30
0.0
 11
158.62103
 21
5.1225
 31
0.0
  0
LINE
  5
6E0
330
17
100
AcDbEntity
  8
TRUSS
100
AcDbLine
 10
158.62103
 20
5.1225
 30
0.0
 11
158.36989
 21
4.9775
 31
0.0
  0
LINE
  5
6E1
330
17
100
AcDbEntity
  8
TRUSS
100
AcDbLine
 10
158.36989
 20
4.9775
 30
0.0
 11
158.62103
 21
4.8325000000000005
 31
0.0
  0
LINE
  5
6E2
330
17
100
AcDbEntity
  8
TRUSS
100
AcDbLine
 10
158.62103
 20
11.5425
 30
0.0
 11
158.87217
 21
11.6875
 31
0.0
  0
LINE
  5
6E3
330
17
100
AcDbEntity
  8
TRUSS
100
AcDbLine
 10
158.87217
 20
11.6875
 30
0.0
 11
158.62103
 21
11.8325
 31
0.0
  0
LINE
  5
6E4
330
17
100
AcDbEntity
  8
TRUSS
100
AcDbLine
 10
158.62103
 20
11.8325
 30
0.0
 11
158.36989
 21
11.6875
 31
0.0
  0
LINE
  5
6E5
330
17
100
AcDbEntity
  8
TRUSS
100
AcDbLine
 10
158.36989
 20
11.6875
 30
0.0
 11
158.62103
 21
11.5425
 31
0.0
  0
LINE
  5
6E6
330
17
100
AcDbEntity
  8
TRUSS
100
AcDbLine
 10
158.62103
 20
4.8325000000000005
 30
0.0
 11
158.62103
 21
11.5425
 31
0.0
  0
LINE
  5
6E7
330
17
100
AcDbEntity
  8
TRUSS
100
AcDbLine
 10
158.87217
 20
4.9775
 30
0.0
 11
158.87217
 21
11.6875
 31
0.0
  0
LINE
  5
6E8
330
17
100
AcDbEntity
  8
TRUSS
100
AcDbLine
 10
158.62103
 20
5.1225
 30
0.0
 11
158.62103
 21
11.8325
 31
0.0
  0
LINE
  5
6E9
330
17
100
AcDbEntity
  8
TRUSS
100
AcDbLine
 10
158.36989
 20
4.9775
 30
0.0
 11
158.36989
 21
11.6875
 31
0.0
  0
LINE
  5
6EA
330
17
100
AcDbEntity
  8
TRUSS
100
AcDbLine
 10
156.20489
 20
10.1475
 30
0.0
 11
158.87217
 21
11.6875
 31
0.0
  0
LINE
  5
6EB
330
17
100
AcDbEntity
  8
TRUSS
100
AcDbLine
 10
158.87217
 20
11.6875
 30
0.0
 11
158.62103
 21
11.8325
 31
0.0
  0
LINE
  5
6EC
330
17
100
AcDbEntity
  8
TRUSS
100
AcDbLine
 10
158.62103
 20
11.8325
 30
0.0
 11
155.95375
 21
10.2925
 31
0.0
  0
LINE
  5
6ED
330
17
100
AcDbEntity
  8
TRUSS
100
AcDbLine
 10
155.95375
 20
10.2925
 30
0.0
 11
156.20489
 21
10.1475
 31
0.0
  0
LINE
  5
6EE
330
17
100
AcDbEntity
  8
TRUSS
100
AcDbLine
 10
156.20489
 20
10.4375
 30
0.0
 11
158.87217
 21
11.9775
 31
0.0
  0
LINE
  5
6EF
330
17
100
AcDbEntity
  8
TRUSS
100
AcDbLine
 10
158.87217
 20
11.9775
 30
0.0
 11
158.62103
 21
12.122499999999999
 31
0.0
  0
LINE
  5
6F0
330
17
100
AcDbEntity
  8
TRUSS
100
AcDbLine
 10
158.62103
 20
12.122499999999999
 30
0.0
 11
155.95375
 21
10.5825
 31
0.0
  0
LINE
  5
6F1
330
17
100
AcDbEntity
  8
TRUSS
100
AcDbLine
 10
155.95375
 20
10.5825
 30
0.0
 11
156.20489
 21
10.4375
 31
0.0
  0
LINE
  5
6F2
330
17
100
AcDbEntity
  8
TRUSS
100
AcDbLine
 10
156.20489
 20
10.1475
 30
0.0
 11
156.20489
 21
10.4375
 31
0.0
  0
LINE
  5
6F3
330
17
100
AcDbEntity
  8
TRUSS
100
AcDbLine
 10
158.87217
 20
11.6875
 30
0.0
 11
158.87217
 21
11.9775
 31
0.0
  0
LINE
  5
6F4
330
17
100
AcDbEntity
  8
TRUSS
100
AcDbLine
 10
158.62103
 20
11.8325
 30
0.0
 11
158.62103
 21
12.122499999999999
 31
0.0
  0
LINE
  5
6F5
330
17
100
AcDbEntity
  8
TRUSS
100
AcDbLine
 10
155.95375
 20
10.2925
 30
0.0
 11
155.95375
 21
10.5825
 31
0.0
  0
TEXT
  5
6F6
330
17
100
AcDbEntity
  8
TXT
100
AcDbText
 10
157.41296
 20
11.68
 30
0.0
 40
0.315
  1
F6
 11
157.41296
 21
11.68
 31
0.0
100
AcDbText
  0
LINE
  5
6F7
330
17
100
AcDbEntity
  8
PIPE
100
AcDbLine
 10
156.33046
 20
6.655
 30
0.0
 11
158.49546
 21
7.905
 31
0.0
  0
LINE
  5
6F8
330
17
100
AcDbEntity
  8
PIPE
100
AcDbLine
 10
156.33046
 20
8.655000000000001
 30
0.0
 11
158.49546
 21
9.905000000000001
 31
0.0
  0
CIRCLE
  5
6F9
330
17
100
AcDbEntity
  8
MP
100
AcDbCircle
 10
155.83684
 20
8.870000000000001
 30
0.0
 40
0.2
  0
LWPOLYLINE
  5
6FA
330
17
100
AcDbEntity
  8
MOLE
100
AcDbPolyline
 90
4
 70
1
 10
156.24809
 20
5.8525
 10
156.50809
 20
5.8525
 10
156.50809
 20
6.1125
 10
156.24809
 20
6.1125
  0
CIRCLE
  5
6FB
330
17
100
AcDbEntity
  8
TYP
100
AcDbCircle
 10
156.59026
 20
3.9250000000000003
 30
0.0
 40
0.11
  0
CIRCLE
  5
6FC
330
17
100
AcDbEntity
  8
TYP
100
AcDbCircle
 10
156.02736
 20
3.6000000000000005
 30
0.0
 40
0.11
  0
CIRCLE
  5
6FD
330
17
100
AcDbEntity
  8
MP
100
AcDbCircle
 10
158.98908
 20
10.690000000000001
 30
0.0
 40
0.2
  0
LWPOLYLINE
  5
6FE
330
17
100
AcDbEntity
  8
MOLE
100
AcDbPolyline
 90
4
 70
1
 10
158.66423
 20
7.2475000000000005
 10
158.92423
 20
7.2475000000000005
 10
158.92423
 20
7.5075
 10
158.66423
 20
7.5075
  0
CIRCLE
  5
6FF
330
17
100
AcDbEntity
  8
TYP
100
AcDbCircle
 10
158.23566
 20
4.875
 30
0.0
 40
0.11
  0
CIRCLE
  5
700
330
17
100
AcDbEntity
  8
TYP
100
AcDbCircle
 10
158.79856
 20
5.2
 30
0.0
 40
0.11
  0
LWPOLYLINE
  5
701
330
17
100
AcDbEntity
  8
JDC
100
AcDbPolyline
 90
4
 70
1
 10
157.32286
 20
11.005
 10
157.76286
 20
11.005
 10
157.76286
 20
11.205
 10
157.32286
 20
11.205
  0
CIRCLE
  5
702
330
17
100
AcDbEntity
  8
LB
100
AcDbCircle
 10
156.72016
 20
6.880000000000001
 30
0.0
 40
0.12
  0
CIRCLE
  5
703
330
17
100
AcDbEntity
  8
LB
100
AcDbCircle
 10
157.41296
 20
7.28
 30
0.0
 40
0.12
  0
CIRCLE
  5
704
330
17
100
AcDbEntity
  8
LB
100
AcDbCircle
 10
158.10576
 20
7.680000000000001
 30
0.0
 40
0.12
  0
CIRCLE
  5
705
330
17
100
AcDbEntity
  8
LB
100
AcDbCircle
 10
156.97996
 20
9.030000000000001
 30
0.0
 40
0.12
  0
CIRCLE
  5
706
330
17
100
AcDbEntity
  8
LB
100
AcDbCircle
 10
157.84596
 20
9.530000000000001
 30
0.0
 40
0.12
  0
LINE
  5
707
330
17
100
AcDbEntity
  8
TRUSS
100
AcDbLine
 10
159.91137
 20
5.577500000000001
 30
0.0
 11
160.16251
 21
5.7225
 31
0.0
  0
LINE
  5
708
330
17
100
AcDbEntity
  8
TRUSS
100
AcDbLine
 10
160.16251
 20
5.7225
 30
0.0
 11
159.91137
 21
5.8675
 31
0.0
  0
LINE
  5
709
330
17
100
AcDbEntity
  8
TRUSS
100
AcDbLine
 10
159.91137
 20
5.8675
 30
0.0
 11
159.66023
 21
5.7225
 31
0.0
  0
LINE
  5
70A
330
17
100
AcDbEntity
  8
TRUSS
100
AcDbLine
 10
159.66023
 20
5.7225
 30
0.0
 11
159.91137
 21
5.577500000000001
 31
0.0
  0
LINE
  5
70B
330
17
100
AcDbEntity
  8
TRUSS
100
AcDbLine
 10
159.91137
 20
10.787500000000001
 30
0.0
 11
160.16251
 21
10.932500000000001
 31
0.0
  0
LINE
  5
70C
330
17
100
AcDbEntity
  8
TRUSS
100
AcDbLine
 10
160.16251
 20
10.932500000000001
 30
0.0
 11
159.91137
 21
11.0775
 31
0.0
  0
LINE
  5
70D
330
17
100
AcDbEntity
  8
TRUSS
100
AcDbLine
 10
159.91137
 20
11.0775
 30
0.0
 11
159.66023
 21
10.932500000000001
 31
0.0
  0
LINE
  5
70E
330
17
100
AcDbEntity
  8
TRUSS
100
AcDbLine
 10
159.66023
 20
10.932500000000001
 30
0.0
 11
159.91137
 21
10.787500000000001
 31
0.0
  0
LINE
  5
70F
330
17
100
AcDbEntity
  8
TRUSS
100
AcDbLine
 10
159.91137
 20
5.577500000000001
 30
0.0
 11
159.91137
 21
10.787500000000001
 31
0.0
  0
LINE
  5
710
330
17
100
AcDbEntity
  8
TRUSS
100
AcDbLine
 10
160.16251
 20
5.7225
 30
0.0
 11
160.16251
 21
10.932500000000001
 31
0.0
  0
LINE
  5
711
330
17
100
AcDbEntity
  8
TRUSS
100
AcDbLine
 10
159.91137
 20
5.8675
 30
0.0
 11
159.91137
 21
11.0775
 31
0.0
  0
LINE
  5
712
330
17
100
AcDbEntity
  8
TRUSS
100
AcDbLine
 10
159.66023
 20
5.7225
 30
0.0
 11
159.66023
 21
10.932500000000001
 31
0.0
  0
LINE
  5
713
330
17
100
AcDbEntity
  8
TRUSS
100
AcDbLine
 10
162.32751
 20
6.9725
 30
0.0
 11
162.57865
 21
7.1175
 31
0.0
  0
LINE
  5
714
330
17
100
AcDbEntity
  8
TRUSS
100
AcDbLine
 10
162.57865
 20
7.1175
 30
0.0
 11
162.32751
 21
7.262499999999999
 31
0.0
  0
LINE
  5
715
330
17
100
AcDbEntity
  8
TRUSS
100
AcDbLine
 10
162.32751
 20
7.262499999999999
 30
0.0
 11
162.07637
 21
7.1175
 31
0.0
  0
LINE
  5
716
330
17
100
AcDbEntity
  8
TRUSS
100
AcDbLine
 10
162.07637
 20
7.1175
 30
0.0
 11
162.32751
 21
6.9725
 31
0.0
  0
LINE
  5
717
330
17
100
AcDbEntity
  8
TRUSS
100
AcDbLine
 10
162.32751
 20
12.182500000000001
 30
0.0
 11
162.57865
 21
12.3275
 31
0.0
  0
LINE
  5
718
330
17
100
AcDbEntity
  8
TRUSS
100
AcDbLine
 10
162.57865
 20
12.3275
 30
0.0
 11
162.32751
 21
12.4725
 31
0.0
  0
LINE
  5
719
330
17
100
AcDbEntity
  8
TRUSS
100
AcDbLine
 10
162.32751
 20
12.4725
 30
0.0
 11
162.07637
 21
12.3275
 31
0.0
  0
LINE
  5
71A
330
17
100
AcDbEntity
  8
TRUSS
100
AcDbLine
 10
162.07637
 20
12.3275
 30
0.0
 11
162.32751
 21
12.182500000000001
 31
0.0
  0
LINE
  5
71B
330
17
100
AcDbEntity
  8
TRUSS
100
AcDbLine
 10
162.32751
 20
6.9725
 30
0.0
 11
162.32751
 21
12.182500000000001
 31
0.0
  0
LINE
  5
71C
330
17
100
AcDbEntity
  8
TRUSS
100
AcDbLine
 10
162.57865
 20
7.1175
 30
0.0
 11
162.57865
 21
12.3275
 31
0.0
  0
LINE
  5
71D
330
17
100
AcDbEntity
  8
TRUSS
100
AcDbLine
 10
162.32751
 20
7.262499999999999
 30
0.0
 11
162.32751
 21
12.4725
 31
0.0
  0
LINE
  5
71E
330
17
100
AcDbEntity
  8
TRUSS
100
AcDbLine
 10
162.07637
 20
7.1175
 30
0.0
 11
162.07637
 21
12.3275
 31
0.0
  0
LINE
  5
71F
330
17
100
AcDbEntity
  8
TRUSS
100
AcDbLine
 10
159.91137
 20
10.787500000000001
 30
0.0
 11
162.57865
 21
12.3275
 31
0.0
  0
LINE
  5
720
330
17
100
AcDbEntity
  8
TRUSS
100
AcDbLine
 10
162.57865
 20
12.3275
 30
0.0
 11
162.32751
 21
12.4725
 31
0.0
  0
LINE
  5
721
330
17
100
AcDbEntity
  8
TRUSS
100
AcDbLine
 10
162.32751
 20
12.4725
 30
0.0
 11
159.66023
 21
10.932500000000001
 31
0.0
  0
LINE
  5
722
330
17
100
AcDbEntity
  8
TRUSS
100
AcDbLine
 10
159.66023
 20
10.932500000000001
 30
0.0
 11
159.91137
 21
10.787500000000001
 31
0.0
  0
LINE
  5
723
330
17
100
AcDbEntity
  8
TRUSS
100
AcDbLine
 10
159.91137
 20
11.0775
 30
0.0
 11
162.57865
 21
12.6175
 31
0.0
  0
LINE
  5
724
330
17
100
AcDbEntity
  8
TRUSS
100
AcDbLine
 10
162.57865
 20
12.6175
 30
0.0
 11
162.32751
 21
12.7625
 31
0.0
  0
LINE
  5
725
330
17
100
AcDbEntity
  8
TRUSS
100
AcDbLine
 10
162.32751
 20
12.7625
 30
0.0
 11
159.66023
 21
11.2225
 31
0.0
  0
LINE
  5
726
330
17
100
AcDbEntity
  8
TRUSS
100
AcDbLine
 10
159.66023
 20
11.2225
 30
0.0
 11
159.91137
 21
11.0775
 31
0.0
  0
LINE
  5
727
330
17
100
AcDbEntity
  8
TRUSS
100
AcDbLine
 10
159.91137
 20
10.787500000000001
 30
0.0
 11
159.91137
 21
11.0775
 31
0.0
  0
LINE
  5
728
330
17
100
AcDbEntity
  8
TRUSS
100
AcDbLine
 10
162.57865
 20
12.3275
 30
0.0
 11
162.57865
 21
12.6175
 31
0.0
  0
LINE
  5
729
330
17
100
AcDbEntity
  8
TRUSS
100
AcDbLine
 10
162.32751
 20
12.4725
 30
0.0
 11
162.32751
 21
12.7625
 31
0.0
  0
LINE
  5
72A
330
17
100
AcDbEntity
  8
TRUSS
100
AcDbLine
 10
159.66023
 20
10.932500000000001
 30
0.0
 11
159.66023
 21
11.2225
 31
0.0
  0
TEXT
  5
72B
330
17
100
AcDbEntity
  8
TXT
100
AcDbText
 10
161.11944
 20
12.32
 30
0.0
 40
0.315
  1
F7
 11
161.11944
 21
12.32
 31
0.0
100
AcDbText
  0
LINE
  5
72C
330
17
100
AcDbEntity
  8
PIPE
100
AcDbLine
 10
160.03694
 20
8.995000000000001
 30
0.0
 11
162.20194
 21
10.245000000000001
 31
0.0
  0
CIRCLE
  5
72D
330
17
100
AcDbEntity
  8
MP
100
AcDbCircle
 10
159.54332
 20
9.51
 30
0.0
 40
0.2
  0
LWPOLYLINE
  5
72E
330
17
100
AcDbEntity
  8
MOLE
100
AcDbPolyline
 90
4
 70
1
 10
159.95457
 20
7.992500000000001
 10
160.21457
 20
7.992500000000001
 10
160.21457
 20
8.252500000000001
 10
159.95457
 20
8.252500000000001
  0
CIRCLE
  5
72F
330
17
100
AcDbEntity
  8
TYP
100
AcDbCircle
 10
160.29674
 20
6.065
 30
0.0
 40
0.11
  0
CIRCLE
  5
730
330
17
100
AcDbEntity
  8
TYP
100
AcDbCircle
 10
159.73384
 20
5.74
 30
0.0
 40
0.11
  0
CIRCLE
  5
731
330
17
100
AcDbEntity
  8
MP
100
AcDbCircle
 10
162.69556
 20
11.33
 30
0.0
 40
0.2
  0
LWPOLYLINE
  5
732
330
17
100
AcDbEntity
  8
MOLE
100
AcDbPolyline
 90
4
 70
1
 10
162.37071
 20
9.3875
 10
162.63071
 20
9.3875
 10
162.63071
 20
9.647499999999999
 10
162.37071
 20
9.647499999999999
  0
CIRCLE
  5
733
330
17
100
AcDbEntity
  8
TYP
100
AcDbCircle
 10
161.94214
 20
7.015
 30
0.0
 40
0.11
  0
CIRCLE
  5
734
330
17
100
AcDbEntity
  8
TYP
100
AcDbCircle
 10
162.50504
 20
7.34
 30
0.0
 40
0.11
  0
LWPOLYLINE
  5
735
330
17
100
AcDbEntity
  8
JDC
100
AcDbPolyline
 90
4
 70
1
 10
161.02934
 20
11.645000000000001
 10
161.46934
 20
11.645000000000001
 10
161.46934
 20
11.845
 10
161.02934
 20
11.845
  0
CIRCLE
  5
736
330
17
100
AcDbEntity
  8
LB
100
AcDbCircle
 10
160.42664
 20
9.219999999999999
 30
0.0
 40
0.12
  0
CIRCLE
  5
737
330
17
100
AcDbEntity
  8
LB
100
AcDbCircle
 10
161.11944
 20
9.620000000000001
 30
0.0
 40
0.12
  0
CIRCLE
  5
738
330
17
100
AcDbEntity
  8
LB
100
AcDbCircle
 10
161.81224
 20
10.02
 30
0.0
 40
0.12
  0
LINE
  5
739
330
17
100
AcDbEntity
  8
STAGE
100
AcDbLine
 10
143.072
 20
-2.0
 30
0.0
 11
153.464
 21
4.0
 31
0.0
  0
LINE
  5
73A
330
17
100
AcDbEntity
  8
STAGE
100
AcDbLine
 10
153.464
 20
4.0
 30
0.0
 11
146.536
 21
8.0
 31
0.0
  0
LINE
  5
73B
330
17
100
AcDbEntity
  8
STAGE
100
AcDbLine
 10
146.536
 20
8.0
 30
0.0
 11
136.144
 21
2.0
 31
0.0
  0
LINE
  5
73C
330
17
100
AcDbEntity
  8
STAGE
100
AcDbLine
 10
136.144
 20
2.0
 30
0.0
 11
143.072
 21
-2.0
 31
0.0
  0
LINE
  5
73D
330
17
100
AcDbEntity
  8
STAGE
100
AcDbLine
 10
143.072
 20
-1.0
 30
0.0
 11
153.464
 21
5.0
 31
0.0
  0
LINE
  5
73E
330
17
100
AcDbEntity
  8
STAGE
100
AcDbLine
 10
153.464
 20
5.0
 30
0.0
 11
146.536
 21
9.0
 31
0.0
  0
LINE
  5
73F
330
17
100
AcDbEntity
  8
STAGE
100
AcDbLine
 10
146.536
 20
9.0
 30
0.0
 11
136.144
 21
3.0
 31
0.0
  0
LINE
  5
740
330
17
100
AcDbEntity
  8
STAGE
100
AcDbLine
 10
136.144
 20
3.0
 30
0.0
 11
143.072
 21
-1.0
 31
0.0
  0
LINE
  5
741
330
17
100
AcDbEntity
  8
STAGE
100
AcDbLine
 10
143.072
 20
-2.0
 30
0.0
 11
143.072
 21
-1.0
 31
0.0
  0
LINE
  5
742
330
17
100
AcDbEntity
  8
STAGE
100
AcDbLine
 10
153.464
 20
4.0
 30
0.0
 11
153.464
 21
5.0
 31
0.0
  0
LINE
  5
743
330
17
100
AcDbEntity
  8
STAGE
100
AcDbLine
 10
146.536
 20
8.0
 30
0.0
 11
146.536
 21
9.0
 31
0.0
  0
LINE
  5
744
330
17
100
AcDbEntity
  8
STAGE
100
AcDbLine
 10
136.144
 20
2.0
 30
0.0
 11
136.144
 21
3.0
 31
0.0
  0
LINE
  5
745
330
17
100
AcDbEntity
  8
STAGE
100
AcDbLine
 10
146.536
 20
1.5
 30
0.0
 11
149.134
 21
3.0
 31
0.0
  0
LINE
  5
746
330
17
100
AcDbEntity
  8
STAGE
100
AcDbLine
 10
149.134
 20
3.0
 30
0.0
 11
147.402
 21
4.0
 31
0.0
  0
LINE
  5
747
330
17
100
AcDbEntity
  8
STAGE
100
AcDbLine
 10
147.402
 20
4.0
 30
0.0
 11
144.804
 21
2.5
 31
0.0
  0
LINE
  5
748
330
17
100
AcDbEntity
  8
STAGE
100
AcDbLine
 10
144.804
 20
2.5
 30
0.0
 11
146.536
 21
1.5
 31
0.0
  0
LINE
  5
749
330
17
100
AcDbEntity
  8
STAGE
100
AcDbLine
 10
146.536
 20
1.9
 30
0.0
 11
149.134
 21
3.4
 31
0.0
  0
LINE
  5
74A
330
17
100
AcDbEntity
  8
STAGE
100
AcDbLine
 10
149.134
 20
3.4
 30
0.0
 11
147.402
 21
4.4
 31
0.0
  0
LINE
  5
74B
330
17
100
AcDbEntity
  8
STAGE
100
AcDbLine
 10
147.402
 20
4.4
 30
0.0
 11
144.804
 21
2.9
 31
0.0
  0
LINE
  5
74C
330
17
100
AcDbEntity
  8
STAGE
100
AcDbLine
 10
144.804
 20
2.9
 30
0.0
 11
146.536
 21
1.9
 31
0.0
  0
LINE
  5
74D
330
17
100
AcDbEntity
  8
STAGE
100
AcDbLine
 10
146.536
 20
1.5
 30
0.0
 11
146.536
 21
1.9
 31
0.0
  0
LINE
  5
74E
330
17
100
AcDbEntity
  8
STAGE
100
AcDbLine
 10
149.134
 20
3.0
 30
0.0
 11
149.134
 21
3.4
 31
0.0
  0
LINE
  5
74F
330
17
100
AcDbEntity
  8
STAGE
100
AcDbLine
 10
147.402
 20
4.0
 30
0.0
 11
147.402
 21
4.4
 31
0.0
  0
LINE
  5
750
330
17
100
AcDbEntity
  8
STAGE
100
AcDbLine
 10
144.804
 20
2.5
 30
0.0
 11
144.804
 21
2.9
 31
0.0
  0
LINE
  5
751
330
17
100
AcDbEntity
  8
PA
100
AcDbLine
 10
137.16155
 20
2.9875000000000003
 30
0.0
 11
138.33065
 21
3.6625
 31
0.0
  0
LINE
  5
752
330
17
100
AcDbEntity
  8
PA
100
AcDbLine
 10
138.33065
 20
3.6625
 30
0.0
 11
137.68115
 21
4.0375
 31
0.0
  0
LINE
  5
753
330
17
100
AcDbEntity
  8
PA
100
AcDbLine
 10
137.68115
 20
4.0375
 30
0.0
 11
136.51205
 21
3.3625000000000003
 31
0.0
  0
LINE
  5
754
330
17
100
AcDbEntity
  8
PA
100
AcDbLine
 10
136.51205
 20
3.3625000000000003
 30
0.0
 11
137.16155
 21
2.9875000000000003
 31
0.0
  0
LINE
  5
755
330
17
100
AcDbEntity
  8
PA
100
AcDbLine
 10
137.16155
 20
3.7375000000000003
 30
0.0
 11
138.33065
 21
4.4125
 31
0.0
  0
LINE
  5
756
330
17
100
AcDbEntity
  8
PA
100
AcDbLine
 10
138.33065
 20
4.4125
 30
0.0
 11
137.68115
 21
4.7875
 31
0.0
  0
LINE
  5
757
330
17
100
AcDbEntity
  8
PA
100
AcDbLine
 10
137.68115
 20
4.7875
 30
0.0
 11
136.51205
 21
4.112500000000001
 31
0.0
  0
LINE
  5
758
330
17
100
AcDbEntity
  8
PA
100
AcDbLine
 10
136.51205
 20
4.112500000000001
 30
0.0
 11
137.16155
 21
3.7375000000000003
 31
0.0
  0
LINE
  5
759
330
17
100
AcDbEntity
  8
PA
100
AcDbLine
 10
137.16155
 20
2.9875000000000003
 30
0.0
 11
137.16155
 21
3.7375000000000003
 31
0.0
  0
LINE
  5
75A
330
17
100
AcDbEntity
  8
PA
100
AcDbLine
 10
138.33065
 20
3.6625
 30
0.0
 11
138.33065
 21
4.4125
 31
0.0
  0
LINE
  5
75B
330
17
100
AcDbEntity
  8
PA
100
AcDbLine
 10
137.68115
 20
4.0375
 30
0.0
 11
137.68115
 21
4.7875
 31
0.0
  0
LINE
  5
75C
330
17
100
AcDbEntity
  8
PA
100
AcDbLine
 10
136.51205
 20
3.3625000000000003
 30
0.0
 11
136.51205
 21
4.112500000000001
 31
0.0
  0
LINE
  5
75D
330
17
100
AcDbEntity
  8
PA
100
AcDbLine
 10
138.46055
 20
3.7375000000000003
 30
0.0
 11
139.62965
 21
4.4125000000000005
 31
0.0
  0
LINE
  5
75E
330
17
100
AcDbEntity
  8
PA
100
AcDbLine
 10
139.62965
 20
4.4125000000000005
 30
0.0
 11
138.98015
 21
4.7875000000000005
 31
0.0
  0
LINE
  5
75F
330
17
100
AcDbEntity
  8
PA
100
AcDbLine
 10
138.98015
 20
4.7875000000000005
 30
0.0
 11
137.81105
 21
4.112500000000001
 31
0.0
  0
LINE
  5
760
330
17
100
AcDbEntity
  8
PA
100
AcDbLine
 10
137.81105
 20
4.112500000000001
 30
0.0
 11
138.46055
 21
3.7375000000000003
 31
0.0
  0
LINE
  5
761
330
17
100
AcDbEntity
  8
PA
100
AcDbLine
 10
138.46055
 20
4.487500000000001
 30
0.0
 11
139.62965
 21
5.1625000000000005
 31
0.0
  0
LINE
  5
762
330
17
100
AcDbEntity
  8
PA
100
AcDbLine
 10
139.62965
 20
5.1625000000000005
 30
0.0
 11
138.98015
 21
5.5375000000000005
 31
0.0
  0
LINE
  5
763
330
17
100
AcDbEntity
  8
PA
100
AcDbLine
 10
138.98015
 20
5.5375000000000005
 30
0.0
 11
137.81105
 21
4.862500000000001
 31
0.0
  0
LINE
  5
764
330
17
100
AcDbEntity
  8
PA
100
AcDbLine
 10
137.81105
 20
4.862500000000001
 30
0.0
 11
138.46055
 21
4.487500000000001
 31
0.0
  0
LINE
  5
765
330
17
100
AcDbEntity
  8
PA
100
AcDbLine
 10
138.46055
 20
3.7375000000000003
 30
0.0
 11
138.46055
 21
4.487500000000001
 31
0.0
  0
LINE
  5
766
330
17
100
AcDbEntity
  8
PA
100
AcDbLine
 10
139.62965
 20
4.4125000000000005
 30
0.0
 11
139.62965
 21
5.1625000000000005
 31
0.0
  0
LINE
  5
767
330
17
100
AcDbEntity
  8
PA
100
AcDbLine
 10
138.98015
 20
4.7875000000000005
 30
0.0
 11
138.98015
 21
5.5375000000000005
 31
0.0
  0
LINE
  5
768
330
17
100
AcDbEntity
  8
PA
100
AcDbLine
 10
137.81105
 20
4.112500000000001
 30
0.0
 11
137.81105
 21
4.862500000000001
 31
0.0
  0
LINE
  5
769
330
17
100
AcDbEntity
  8
PA
100
AcDbLine
 10
139.75955
 20
4.4875
 30
0.0
 11
140.92865
 21
5.1625000000000005
 31
0.0
  0
LINE
  5
76A
330
17
100
AcDbEntity
  8
PA
100
AcDbLine
 10
140.92865
 20
5.1625000000000005
 30
0.0
 11
140.27915
 21
5.5375000000000005
 31
0.0
  0
LINE
  5
76B
330
17
100
AcDbEntity
  8
PA
100
AcDbLine
 10
140.27915
 20
5.5375000000000005
 30
0.0
 11
139.11005
 21
4.8625
 31
0.0
  0
LINE
  5
76C
330
17
100
AcDbEntity
  8
PA
100
AcDbLine
 10
139.11005
 20
4.8625
 30
0.0
 11
139.75955
 21
4.4875
 31
0.0
  0
LINE
  5
76D
330
17
100
AcDbEntity
  8
PA
100
AcDbLine
 10
139.75955
 20
5.2375
 30
0.0
 11
140.92865
 21
5.9125000000000005
 31
0.0
  0
LINE
  5
76E
330
17
100
AcDbEntity
  8
PA
100
AcDbLine
 10
140.92865
 20
5.9125000000000005
 30
0.0
 11
140.27915
 21
6.2875000000000005
 31
0.0
  0
LINE
  5
76F
330
17
100
AcDbEntity
  8
PA
100
AcDbLine
 10
140.27915
 20
6.2875000000000005
 30
0.0
 11
139.11005
 21
5.6125
 31
0.0
  0
LINE
  5
770
330
17
100
AcDbEntity
  8
PA
100
AcDbLine
 10
139.11005
 20
5.6125
 30
0.0
 11
139.75955
 21
5.2375
 31
0.0
  0
LINE
  5
771
330
17
100
AcDbEntity
  8
PA
100
AcDbLine
 10
139.75955
 20
4.4875
 30
0.0
 11
139.75955
 21
5.2375
 31
0.0
  0
LINE
  5
772
330
17
100
AcDbEntity
  8
PA
100
AcDbLine
 10
140.92865
 20
5.1625000000000005
 30
0.0
 11
140.92865
 21
5.9125000000000005
 31
0.0
  0
LINE
  5
773
330
17
100
AcDbEntity
  8
PA
100
AcDbLine
 10
140.27915
 20
5.5375000000000005
 30
0.0
 11
140.27915
 21
6.2875000000000005
 31
0.0
  0
LINE
  5
774
330
17
100
AcDbEntity
  8
PA
100
AcDbLine
 10
139.11005
 20
4.8625
 30
0.0
 11
139.11005
 21
5.6125
 31
0.0
  0
LINE
  5
775
330
17
100
AcDbEntity
  8
PA
100
AcDbLine
 10
141.05855
 20
5.2375
 30
0.0
 11
142.22765
 21
5.9125000000000005
 31
0.0
  0
LINE
  5
776
330
17
100
AcDbEntity
  8
PA
100
AcDbLine
 10
142.22765
 20
5.9125000000000005
 30
0.0
 11
141.57815
 21
6.2875000000000005
 31
0.0
  0
LINE
  5
777
330
17
100
AcDbEntity
  8
PA
100
AcDbLine
 10
141.57815
 20
6.2875000000000005
 30
0.0
 11
140.40905
 21
5.6125
 31
0.0
  0
LINE
  5
778
330
17
100
AcDbEntity
  8
PA
100
AcDbLine
 10
140.40905
 20
5.6125
 30
0.0
 11
141.05855
 21
5.2375
 31
0.0
  0
LINE
  5
779
330
17
100
AcDbEntity
  8
PA
100
AcDbLine
 10
141.05855
 20
5.9875
 30
0.0
 11
142.22765
 21
6.6625000000000005
 31
0.0
  0
LINE
  5
77A
330
17
100
AcDbEntity
  8
PA
100
AcDbLine
 10
142.22765
 20
6.6625000000000005
 30
0.0
 11
141.57815
 21
7.0375000000000005
 31
0.0
  0
LINE
  5
77B
330
17
100
AcDbEntity
  8
PA
100
AcDbLine
 10
141.57815
 20
7.0375000000000005
 30
0.0
 11
140.40905
 21
6.3625
 31
0.0
  0
LINE
  5
77C
330
17
100
AcDbEntity
  8
PA
100
AcDbLine
 10
140.40905
 20
6.3625
 30
0.0
 11
141.05855
 21
5.9875
 31
0.0
  0
LINE
  5
77D
330
17
100
AcDbEntity
  8
PA
100
AcDbLine
 10
141.05855
 20
5.2375
 30
0.0
 11
141.05855
 21
5.9875
 31
0.0
  0
LINE
  5
77E
330
17
100
AcDbEntity
  8
PA
100
AcDbLine
 10
142.22765
 20
5.9125000000000005
 30
0.0
 11
142.22765
 21
6.6625000000000005
 31
0.0
  0
LINE
  5
77F
330
17
100
AcDbEntity
  8
PA
100
AcDbLine
 10
141.57815
 20
6.2875000000000005
 30
0.0
 11
141.57815
 21
7.0375000000000005
 31
0.0
  0
LINE
  5
780
330
17
100
AcDbEntity
  8
PA
100
AcDbLine
 10
140.40905
 20
5.6125
 30
0.0
 11
140.40905
 21
6.3625
 31
0.0
  0
LINE
  5
781
330
17
100
AcDbEntity
  8
PA
100
AcDbLine
 10
142.35755
 20
5.9875
 30
0.0
 11
143.52665
 21
6.6625
 31
0.0
  0
LINE
  5
782
330
17
100
AcDbEntity
  8
PA
100
AcDbLine
 10
143.52665
 20
6.6625
 30
0.0
 11
142.87715
 21
7.0375
 31
0.0
  0
LINE
  5
783
330
17
100
AcDbEntity
  8
PA
100
AcDbLine
 10
142.87715
 20
7.0375
 30
0.0
 11
141.70805
 21
6.3625
 31
0.0
  0
LINE
  5
784
330
17
100
AcDbEntity
  8
PA
100
AcDbLine
 10
141.70805
 20
6.3625
 30
0.0
 11
142.35755
 21
5.9875
 31
0.0
  0
LINE
  5
785
330
17
100
AcDbEntity
  8
PA
100
AcDbLine
 10
142.35755
 20
6.7375
 30
0.0
 11
143.52665
 21
7.4125
 31
0.0
  0
LINE
  5
786
330
17
100
AcDbEntity
  8
PA
100
AcDbLine
 10
143.52665
 20
7.4125
 30
0.0
 11
142.87715
 21
7.7875
 31
0.0
  0
LINE
  5
787
330
17
100
AcDbEntity
  8
PA
100
AcDbLine
 10
142.87715
 20
7.7875
 30
0.0
 11
141.70805
 21
7.1125
 31
0.0
  0
LINE
  5
788
330
17
100
AcDbEntity
  8
PA
100
AcDbLine
 10
141.70805
 20
7.1125
 30
0.0
 11
142.35755
 21
6.7375
 31
0.0
  0
LINE
  5
789
330
17
100
AcDbEntity
  8
PA
100
AcDbLine
 10
142.35755
 20
5.9875
 30
0.0
 11
142.35755
 21
6.7375
 31
0.0
  0
LINE
  5
78A
330
17
100
AcDbEntity
  8
PA
100
AcDbLine
 10
143.52665
 20
6.6625
 30
0.0
 11
143.52665
 21
7.4125
 31
0.0
  0
LINE
  5
78B
330
17
100
AcDbEntity
  8
PA
100
AcDbLine
 10
142.87715
 20
7.0375
 30
0.0
 11
142.87715
 21
7.7875
 31
0.0
  0
LINE
  5
78C
330
17
100
AcDbEntity
  8
PA
100
AcDbLine
 10
141.70805
 20
6.3625
 30
0.0
 11
141.70805
 21
7.1125
 31
0.0
  0
LINE
  5
78D
330
17
100
AcDbEntity
  8
PA
100
AcDbLine
 10
143.65655
 20
6.737500000000001
 30
0.0
 11
144.82565
 21
7.4125
 31
0.0
  0
LINE
  5
78E
330
17
100
AcDbEntity
  8
PA
100
AcDbLine
 10
144.82565
 20
7.4125
 30
0.0
 11
144.17615
 21
7.7875
 31
0.0
  0
LINE
  5
78F
330
17
100
AcDbEntity
  8
PA
100
AcDbLine
 10
144.17615
 20
7.7875
 30
0.0
 11
143.00705
 21
7.112500000000001
 31
0.0
  0
LINE
  5
790
330
17
100
AcDbEntity
  8
PA
100
AcDbLine
 10
143.00705
 20
7.112500000000001
 30
0.0
 11
143.65655
 21
6.737500000000001
 31
0.0
  0
LINE
  5
791
330
17
100
AcDbEntity
  8
PA
100
AcDbLine
 10
143.65655
 20
7.487500000000001
 30
0.0
 11
144.82565
 21
8.1625
 31
0.0
  0
LINE
  5
792
330
17
100
AcDbEntity
  8
PA
100
AcDbLine
 10
144.82565
 20
8.1625
 30
0.0
 11
144.17615
 21
8.5375
 31
0.0
  0
LINE
  5
793
330
17
100
AcDbEntity
  8
PA
100
AcDbLine
 10
144.17615
 20
8.5375
 30
0.0
 11
143.00705
 21
7.862500000000001
 31
0.0
  0
LINE
  5
794
330
17
100
AcDbEntity
  8
PA
100
AcDbLine
 10
143.00705
 20
7.862500000000001
 30
0.0
 11
143.65655
 21
7.487500000000001
 31
0.0
  0
LINE
  5
795
330
17
100
AcDbEntity
  8
PA
100
AcDbLine
 10
143.65655
 20
6.737500000000001
 30
0.0
 11
143.65655
 21
7.487500000000001
 31
0.0
  0
LINE
  5
796
330
17
100
AcDbEntity
  8
PA
100
AcDbLine
 10
144.82565
 20
7.4125
 30
0.0
 11
144.82565
 21
8.1625
 31
0.0
  0
LINE
  5
797
330
17
100
AcDbEntity
  8
PA
100
AcDbLine
 10
144.17615
 20
7.7875
 30
0.0
 11
144.17615
 21
8.5375
 31
0.0
  0
LINE
  5
798
330
17
100
AcDbEntity
  8
PA
100
AcDbLine
 10
143.00705
 20
7.112500000000001
 30
0.0
 11
143.00705
 21
7.862500000000001
 31
0.0
  0
TEXT
  5
799
330
17
100
AcDbEntity
  8
VIEWLABEL
100
AcDbText
 10
150.0
 20
-37.0
 30
0.0
 40
0.9
  1
FIXTURE LEGEND
 11
150.0
 21
-37.0
 31
0.0
100
AcDbText
  0
CIRCLE
  5
79A
330
17
100
AcDbEntity
  8
MP
100
AcDbCircle
 10
150.0
 20
-40.0
 30
0.0
 40
0.4
  0
TEXT
  5
79B
330
17
100
AcDbEntity
  8
MP
100
AcDbText
 10
151.2
 20
-40.25
 30
0.0
 40
0.55
  1
Robe MegaPointe | Mode 1 - Standard 16-bit | Qty 16 | 470W
 11
151.2
 21
-40.25
 31
0.0
100
AcDbText
  0
CIRCLE
  5
79C
330
17
100
AcDbEntity
  8
JDC
100
AcDbCircle
 10
150.0
 20
-41.6
 30
0.0
 40
0.4
  0
TEXT
  5
79D
330
17
100
AcDbEntity
  8
JDC
100
AcDbText
 10
151.2
 20
-41.85
 30
0.0
 40
0.55
  1
GLP JDC1 Strobe | DMX Mode 2 (Normal) | Qty 8 | 1200W
 11
151.2
 21
-41.85
 31
0.0
100
AcDbText
  0
CIRCLE
  5
79E
330
17
100
AcDbEntity
  8
LB
100
AcDbCircle
 10
150.0
 20
-43.2
 30
0.0
 40
0.4
  0
TEXT
  5
79F
330
17
100
AcDbEntity
  8
LB
100
AcDbText
 10
151.2
 20
-43.45
 30
0.0
 40
0.55
  1
Robe Robin LEDBeam 150 | Mode 1 - Standard 16-bit | Qty 30 | 190W
 11
151.2
 21
-43.45
 31
0.0
100
AcDbText
  0
CIRCLE
  5
7A0
330
17
100
AcDbEntity
  8
MOLE
100
AcDbCircle
 10
150.0
 20
-44.800000000000004
 30
0.0
 40
0.4
  0
TEXT
  5
7A1
330
17
100
AcDbEntity
  8
MOLE
100
AcDbText
 10
151.2
 20
-45.050000000000004
 30
0.0
 40
0.55
  1
James Thomas 1-light Molefay | Dimmer 1ch | Qty 14 | 650W
 11
151.2
 21
-45.050000000000004
 31
0.0
100
AcDbText
  0
CIRCLE
  5
7A2
330
17
100
AcDbEntity
  8
TYP
100
AcDbCircle
 10
150.0
 20
-46.400000000000006
 30
0.0
 40
0.4
  0
TEXT
  5
7A3
330
17
100
AcDbEntity
  8
TYP
100
AcDbText
 10
151.2
 20
-46.650000000000006
 30
0.0
 40
0.55
  1
Varitec LED Typhoon Par Outdoor | Mode 3 - Extended 16bit | Qty 28 | 200W
 11
151.2
 21
-46.650000000000006
 31
0.0
100
AcDbText
  0
ENDSEC
  0
SECTION
  2
OBJECTS
  0
DICTIONARY
  5
A
330
0
100
AcDbDictionary
281
1
  3
ACAD_COLOR
350
B
  3
ACAD_GROUP
350
C
  3
ACAD_LAYOUT
350
D
  3
ACAD_MATERIAL
350
E
  3
ACAD_MLEADERSTYLE
350
F
  3
ACAD_MLINESTYLE
350
10
  3
ACAD_PLOTSETTINGS
350
11
  3
ACAD_PLOTSTYLENAME
350
12
  3
ACAD_SCALELIST
350
14
  3
ACAD_TABLESTYLE
350
15
  3
ACAD_VISUALSTYLE
350
16
  3
EZDXF_META
350
2D
  0
DICTIONARY
  5
B
330
A
100
AcDbDictionary
281
1
  0
DICTIONARY
  5
C
330
A
100
AcDbDictionary
281
1
  0
DICTIONARY
  5
D
330
A
100
AcDbDictionary
281
1
  3
Model
350
1A
  3
Layout1
350
1E
  0
DICTIONARY
  5
E
330
A
100
AcDbDictionary
281
1
  3
ByBlock
350
1F
  3
ByLayer
350
20
  3
Global
350
21
  0
DICTIONARY
  5
F
330
A
100
AcDbDictionary
281
1
  3
Standard
350
2C
  0
DICTIONARY
  5
10
330
A
100
AcDbDictionary
281
1
  3
Standard
350
22
  0
DICTIONARY
  5
11
330
A
100
AcDbDictionary
281
1
  0
ACDBDICTIONARYWDFLT
  5
12
330
A
100
AcDbDictionary
281
1
  3
Normal
350
13
100
AcDbDictionaryWithDefault
340
13
  0
ACDBPLACEHOLDER
  5
13
330
12
  0
DICTIONARY
  5
14
330
A
100
AcDbDictionary
281
1
  0
DICTIONARY
  5
15
330
A
100
AcDbDictionary
281
1
  0
DICTIONARY
  5
16
330
A
100
AcDbDictionary
281
1
  3
2dWireframe
350
5A
  3
Basic
350
5B
  3
Brighten
350
5C
  3
ColorChange
350
5D
  3
Conceptual
350
5E
  3
Dim
350
5F
  3
EdgeColorOff
350
60
  3
Facepattern
350
61
  3
Flat
350
62
  3
FlatWithEdges
350
63
  3
Gouraud
350
64
  3
GouraudWithEdges
350
65
  3
Hidden
350
66
  3
JitterOff
350
67
  3
Linepattern
350
68
  3
Modeling
350
69
  3
OverhangOff
350
6A
  3
Realistic
350
6B
  3
Shaded
350
6C
  3
Shaded with edges
350
6D
  3
Shades of Gray
350
6E
  3
Sketchy
350
6F
  3
Thicken
350
70
  3
Wireframe
350
71
  3
X-Ray
350
72
  0
LAYOUT
  5
1A
330
D
100
AcDbPlotSettings
  1

  4
A3
  6

 40
7.5
 41
20.0
 42
7.5
 43
20.0
 44
420.0
 45
297.0
 46
0.0
 47
0.0
 48
0.0
 49
0.0
140
0.0
141
0.0
142
1.0
143
1.0
 70
1024
 72
1
 73
0
 74
5
  7

 75
16
 76
0
 77
2
 78
300
147
1.0
148
0.0
149
0.0
100
AcDbLayout
  1
Model
 70
1
 71
0
 10
0.0
 20
0.0
 11
420.0
 21
297.0
 12
0.0
 22
0.0
 32
0.0
 14
1e+20
 24
1e+20
 34
1e+20
 15
-1e+20
 25
-1e+20
 35
-1e+20
146
0.0
 13
0.0
 23
0.0
 33
0.0
 16
1.0
 26
0.0
 36
0.0
 17
0.0
 27
1.0
 37
0.0
 76
1
330
17
  0
LAYOUT
  5
1E
330
D
100
AcDbPlotSettings
  1

  4
A3
  6

 40
7.5
 41
20.0
 42
7.5
 43
20.0
 44
420.0
 45
297.0
 46
0.0
 47
0.0
 48
0.0
 49
0.0
140
0.0
141
0.0
142
1.0
143
1.0
 70
0
 72
1
 73
0
 74
5
  7

 75
16
 76
0
 77
2
 78
300
147
1.0
148
0.0
149
0.0
100
AcDbLayout
  1
Layout1
 70
1
 71
1
 10
0.0
 20
0.0
 11
420.0
 21
297.0
 12
0.0
 22
0.0
 32
0.0
 14
1e+20
 24
1e+20
 34
1e+20
 15
-1e+20
 25
-1e+20
 35
-1e+20
146
0.0
 13
0.0
 23
0.0
 33
0.0
 16
1.0
 26
0.0
 36
0.0
 17
0.0
 27
1.0
 37
0.0
 76
1
330
1B
  0
MATERIAL
  5
1F
102
{ACAD_REACTORS
330
E
102
}
330
E
100
AcDbMaterial
  1
ByBlock
  2

 70
0
 40
1.0
 71
1
 41
1.0
 91
-1023410177
 42
1.0
 72
1
  3

 73
1
 74
1
 75
1
 44
0.5
 73
0
 45
1.0
 46
1.0
 77
1
  4

 78
1
 79
1
170
1
 48
1.0
171
1
  6

172
1
173
1
174
1
140
1.0
141
1.0
175
1
  7

176
1
177
1
178
1
143
1.0
179
1
  8

270
1
271
1
272
1
145
1.0
146
1.0
273
1
  9

274
1
275
1
276
1
 42
1.0
 72
1
  3

 73
1
 74
1
 75
1
 94
63
  0
MATERIAL
  5
20
102
{ACAD_REACTORS
330
E
102
}
330
E
100
AcDbMaterial
  1
ByLayer
  2

 70
0
 40
1.0
 71
1
 41
1.0
 91
-1023410177
 42
1.0
 72
1
  3

 73
1
 74
1
 75
1
 44
0.5
 73
0
 45
1.0
 46
1.0
 77
1
  4

 78
1
 79
1
170
1
 48
1.0
171
1
  6

172
1
173
1
174
1
140
1.0
141
1.0
175
1
  7

176
1
177
1
178
1
143
1.0
179
1
  8

270
1
271
1
272
1
145
1.0
146
1.0
273
1
  9

274
1
275
1
276
1
 42
1.0
 72
1
  3

 73
1
 74
1
 75
1
 94
63
  0
MATERIAL
  5
21
102
{ACAD_REACTORS
330
E
102
}
330
E
100
AcDbMaterial
  1
Global
  2

 70
0
 40
1.0
 71
1
 41
1.0
 91
-1023410177
 42
1.0
 72
1
  3

 73
1
 74
1
 75
1
 44
0.5
 73
0
 45
1.0
 46
1.0
 77
1
  4

 78
1
 79
1
170
1
 48
1.0
171
1
  6

172
1
173
1
174
1
140
1.0
141
1.0
175
1
  7

176
1
177
1
178
1
143
1.0
179
1
  8

270
1
271
1
272
1
145
1.0
146
1.0
273
1
  9

274
1
275
1
276
1
 42
1.0
 72
1
  3

 73
1
 74
1
 75
1
 94
63
  0
MLINESTYLE
  5
22
102
{ACAD_REACTORS
330
10
102
}
330
10
100
AcDbMlineStyle
  2
Standard
 70
0
  3

 62
256
 51
90.0
 52
90.0
 71
2
 49
0.5
 62
256
  6
BYLAYER
 49
-0.5
 62
256
  6
BYLAYER
  0
MLEADERSTYLE
  5
2C
102
{ACAD_REACTORS
330
F
102
}
330
F
100
AcDbMLeaderStyle
179
2
170
2
171
1
172
0
 90
2
 40
0.0
 41
0.0
173
1
 91
-1056964608
 92
-2
290
1
 42
2.0
291
1
 43
8.0
  3
Standard
 44
4.0
300

342
29
174
1
175
1
176
0
178
1
 93
-1056964608
 45
4.0
292
0
297
0
 46
4.0
 94
-1056964608
 47
1.0
 49
1.0
140
1.0
294
1
141
0.0
177
0
142
1.0
295
0
296
0
143
3.75
271
0
272
9
273
9
  0
DICTIONARY
  5
2D
330
A
100
AcDbDictionary
280
1
281
1
  3
CREATED_BY_EZDXF
350
2E
  3
WRITTEN_BY_EZDXF
350
7A6
  0
DICTIONARYVAR
  5
2E
330
2D
100
DictionaryVariables
280
0
  1
1.4.4 @ 2026-08-09T00:37:50.385106+00:00
  0
VISUALSTYLE
  5
5A
102
{ACAD_REACTORS
330
16
102
}
330
16
100
AcDbVisualStyle
  2
2dWireframe
 70
4
 90
0
 40
0.6
 62
7
290
0
291
0
  0
VISUALSTYLE
  5
5B
102
{ACAD_REACTORS
330
16
102
}
330
16
100
AcDbVisualStyle
  2
Basic
 70
7
 90
1
 40
0.6
 62
7
290
0
291
1
  0
VISUALSTYLE
  5
5C
102
{ACAD_REACTORS
330
16
102
}
330
16
100
AcDbVisualStyle
  2
Brighten
 70
12
 90
2
 40
0.6
 62
7
290
0
291
1
  0
VISUALSTYLE
  5
5D
102
{ACAD_REACTORS
330
16
102
}
330
16
100
AcDbVisualStyle
  2
ColorChange
 70
16
 90
2
 40
0.6
 62
8
290
0
291
1
  0
VISUALSTYLE
  5
5E
102
{ACAD_REACTORS
330
16
102
}
330
16
100
AcDbVisualStyle
  2
Conceptual
 70
9
 90
3
 40
0.6
 62
7
290
0
291
0
  0
VISUALSTYLE
  5
5F
102
{ACAD_REACTORS
330
16
102
}
330
16
100
AcDbVisualStyle
  2
Dim
 70
11
 90
2
 40
0.6
 62
7
290
0
291
1
  0
VISUALSTYLE
  5
60
102
{ACAD_REACTORS
330
16
102
}
330
16
100
AcDbVisualStyle
  2
EdgeColorOff
 70
22
 90
2
 40
0.6
 62
7
290
0
291
1
  0
VISUALSTYLE
  5
61
102
{ACAD_REACTORS
330
16
102
}
330
16
100
AcDbVisualStyle
  2
Facepattern
 70
15
 90
2
 40
0.6
 62
7
290
0
291
1
  0
VISUALSTYLE
  5
62
102
{ACAD_REACTORS
330
16
102
}
330
16
100
AcDbVisualStyle
  2
Flat
 70
0
 90
2
 40
0.6
 62
7
290
0
291
1
  0
VISUALSTYLE
  5
63
102
{ACAD_REACTORS
330
16
102
}
330
16
100
AcDbVisualStyle
  2
FlatWithEdges
 70
1
 90
2
 40
0.6
 62
7
290
0
291
1
  0
VISUALSTYLE
  5
64
102
{ACAD_REACTORS
330
16
102
}
330
16
100
AcDbVisualStyle
  2
Gouraud
 70
2
 90
2
 40
0.6
 62
7
290
0
291
1
  0
VISUALSTYLE
  5
65
102
{ACAD_REACTORS
330
16
102
}
330
16
100
AcDbVisualStyle
  2
GouraudWithEdges
 70
3
 90
2
 40
0.6
 62
7
290
0
291
1
  0
VISUALSTYLE
  5
66
102
{ACAD_REACTORS
330
16
102
}
330
16
100
AcDbVisualStyle
  2
Hidden
 70
6
 90
1
 40
0.6
 62
7
290
0
291
0
  0
VISUALSTYLE
  5
67
102
{ACAD_REACTORS
330
16
102
}
330
16
100
AcDbVisualStyle
  2
JitterOff
 70
20
 90
2
 40
0.6
 62
7
290
0
291
1
  0
VISUALSTYLE
  5
68
102
{ACAD_REACTORS
330
16
102
}
330
16
100
AcDbVisualStyle
  2
Linepattern
 70
14
 90
2
 40
0.6
 62
7
290
0
291
1
  0
VISUALSTYLE
  5
69
102
{ACAD_REACTORS
330
16
102
}
330
16
100
AcDbVisualStyle
  2
Modeling
 70
10
 90
2
 40
0.6
 62
7
290
0
291
0
  0
VISUALSTYLE
  5
6A
102
{ACAD_REACTORS
330
16
102
}
330
16
100
AcDbVisualStyle
  2
OverhangOff
 70
21
 90
2
 40
0.6
 62
7
290
0
291
1
  0
VISUALSTYLE
  5
6B
102
{ACAD_REACTORS
330
16
102
}
330
16
100
AcDbVisualStyle
  2
Realistic
 70
8
 90
2
 40
0.6
 62
7
290
0
291
0
  0
VISUALSTYLE
  5
6C
102
{ACAD_REACTORS
330
16
102
}
330
16
100
AcDbVisualStyle
  2
Shaded
 70
27
 90
2
 40
0.6
 62
7
290
0
291
0
  0
VISUALSTYLE
  5
6D
102
{ACAD_REACTORS
330
16
102
}
330
16
100
AcDbVisualStyle
  2
Shaded with edges
 70
26
 90
2
 40
0.6
 62
7
290
0
291
0
  0
VISUALSTYLE
  5
6E
102
{ACAD_REACTORS
330
16
102
}
330
16
100
AcDbVisualStyle
  2
Shades of Gray
 70
23
 90
2
 40
0.6
 62
7
290
0
291
0
  0
VISUALSTYLE
  5
6F
102
{ACAD_REACTORS
330
16
102
}
330
16
100
AcDbVisualStyle
  2
Sketchy
 70
24
 90
1
 40
0.6
 62
7
290
0
291
0
  0
VISUALSTYLE
  5
70
102
{ACAD_REACTORS
330
16
102
}
330
16
100
AcDbVisualStyle
  2
Thicken
 70
13
 90
2
 40
0.6
 62
7
290
0
291
1
  0
VISUALSTYLE
  5
71
102
{ACAD_REACTORS
330
16
102
}
330
16
100
AcDbVisualStyle
  2
Wireframe
 70
5
 90
0
 40
0.6
 62
7
290
0
291
0
  0
VISUALSTYLE
  5
72
102
{ACAD_REACTORS
330
16
102
}
330
16
100
AcDbVisualStyle
  2
X-Ray
 70
25
 90
2
 40
0.5
 62
7
290
0
291
0
  0
DICTIONARYVAR
  5
7A6
330
2D
100
DictionaryVariables
280
0
  1
1.4.4 @ 2026-08-09T00:37:50.414293+00:00
  0
ENDSEC
  0
EOF
